2026-01-24 22:09:50 - GraphTrainer - INFO - 验证结果:
2026-01-24 22:09:50 - GraphTrainer - INFO -   precision@5: 0.006256
2026-01-24 22:09:50 - GraphTrainer - INFO -   recall@5: 0.030839
2026-01-24 22:09:50 - GraphTrainer - INFO -   hit_rate@5: 0.031254
2026-01-24 22:09:50 - GraphTrainer - INFO -   ndcg@5: 0.020732
2026-01-24 22:09:50 - GraphTrainer - INFO -   map@5: 0.017346
2026-01-24 22:09:50 - GraphTrainer - INFO -   mrr@5: 0.017562
2026-01-24 22:09:50 - GraphTrainer - INFO -   precision@10: 0.004920
2026-01-24 22:09:50 - GraphTrainer - INFO -   recall@10: 0.048443
2026-01-24 22:09:50 - GraphTrainer - INFO -   hit_rate@10: 0.049128
2026-01-24 22:09:50 - GraphTrainer - INFO -   ndcg@10: 0.026393
2026-01-24 22:09:50 - GraphTrainer - INFO -   map@10: 0.019645
2026-01-24 22:09:50 - GraphTrainer - INFO -   mrr@10: 0.019893
2026-01-24 22:09:50 - GraphTrainer - INFO -   precision@20: 0.003669
2026-01-24 22:09:50 - GraphTrainer - INFO -   recall@20: 0.072281
2026-01-24 22:09:50 - GraphTrainer - INFO -   hit_rate@20: 0.073197
2026-01-24 22:09:50 - GraphTrainer - INFO -   ndcg@20: 0.032385
2026-01-24 22:09:50 - GraphTrainer - INFO -   map@20: 0.021260
2026-01-24 22:09:50 - GraphTrainer - INFO -   mrr@20: 0.021518
2026-01-24 22:09:50 - GraphTrainer - INFO - 第 70 轮训练完成
2026-01-24 22:09:50 - GraphTrainer - INFO - train_loss: 1.087147
2026-01-24 22:09:50 - GraphTrainer - INFO - precision@5: 0.006256
2026-01-24 22:09:50 - GraphTrainer - INFO - recall@5: 0.030839
2026-01-24 22:09:50 - GraphTrainer - INFO - hit_rate@5: 0.031254
2026-01-24 22:09:50 - GraphTrainer - INFO - ndcg@5: 0.020732
2026-01-24 22:09:50 - GraphTrainer - INFO - map@5: 0.017346
2026-01-24 22:09:50 - GraphTrainer - INFO - mrr@5: 0.017562
2026-01-24 22:09:50 - GraphTrainer - INFO - precision@10: 0.004920
2026-01-24 22:09:50 - GraphTrainer - INFO - recall@10: 0.048443
2026-01-24 22:09:50 - GraphTrainer - INFO - hit_rate@10: 0.049128
2026-01-24 22:09:50 - GraphTrainer - INFO - ndcg@10: 0.026393
2026-01-24 22:09:50 - GraphTrainer - INFO - map@10: 0.019645
2026-01-24 22:09:50 - GraphTrainer - INFO - mrr@10: 0.019893
2026-01-24 22:09:50 - GraphTrainer - INFO - precision@20: 0.003669
2026-01-24 22:09:50 - GraphTrainer - INFO - recall@20: 0.072281
2026-01-24 22:09:50 - GraphTrainer - INFO - hit_rate@20: 0.073197
2026-01-24 22:09:50 - GraphTrainer - INFO - ndcg@20: 0.032385
2026-01-24 22:09:50 - GraphTrainer - INFO - map@20: 0.021260
2026-01-24 22:09:50 - GraphTrainer - INFO - mrr@20: 0.021518
2026-01-24 22:09:50 - GraphTrainer - INFO - ------------------------------------------------------------
2026-01-24 22:09:50 - GraphTrainer - INFO - 检查点已保存: Epoch 70 -> ./checkpoints/checkpoint_epoch_70.pth
2026-01-24 22:09:50 - GraphTrainer - INFO - ============================================================
2026-01-24 22:09:50 - GraphTrainer - INFO - 开始第 71/1000 轮训练
2026-01-24 22:09:50 - GraphTrainer - INFO - ============================================================
2026-01-24 22:10:41 - GraphTrainer - INFO - 验证结果:
2026-01-24 22:10:41 - GraphTrainer - INFO -   precision@5: 0.006312
2026-01-24 22:10:41 - GraphTrainer - INFO -   recall@5: 0.031091
2026-01-24 22:10:41 - GraphTrainer - INFO -   hit_rate@5: 0.031508
2026-01-24 22:10:41 - GraphTrainer - INFO -   ndcg@5: 0.020830
2026-01-24 22:10:41 - GraphTrainer - INFO -   map@5: 0.017394
2026-01-24 22:10:41 - GraphTrainer - INFO -   mrr@5: 0.017606
2026-01-24 22:10:41 - GraphTrainer - INFO -   precision@10: 0.004908
2026-01-24 22:10:41 - GraphTrainer - INFO -   recall@10: 0.048287
2026-01-24 22:10:41 - GraphTrainer - INFO -   hit_rate@10: 0.048976
2026-01-24 22:10:41 - GraphTrainer - INFO -   ndcg@10: 0.026362
2026-01-24 22:10:41 - GraphTrainer - INFO -   map@10: 0.019641
2026-01-24 22:10:41 - GraphTrainer - INFO -   mrr@10: 0.019883
2026-01-24 22:10:41 - GraphTrainer - INFO -   precision@20: 0.003678
2026-01-24 22:10:41 - GraphTrainer - INFO -   recall@20: 0.072485
2026-01-24 22:10:41 - GraphTrainer - INFO -   hit_rate@20: 0.073374
2026-01-24 22:10:41 - GraphTrainer - INFO -   ndcg@20: 0.032464
2026-01-24 22:10:41 - GraphTrainer - INFO -   map@20: 0.021297
2026-01-24 22:10:41 - GraphTrainer - INFO -   mrr@20: 0.021551
2026-01-24 22:10:41 - GraphTrainer - INFO - 第 71 轮训练完成
2026-01-24 22:10:41 - GraphTrainer - INFO - train_loss: 1.088060
2026-01-24 22:10:41 - GraphTrainer - INFO - precision@5: 0.006312
2026-01-24 22:10:41 - GraphTrainer - INFO - recall@5: 0.031091
2026-01-24 22:10:41 - GraphTrainer - INFO - hit_rate@5: 0.031508
2026-01-24 22:10:41 - GraphTrainer - INFO - ndcg@5: 0.020830
2026-01-24 22:10:41 - GraphTrainer - INFO - map@5: 0.017394
2026-01-24 22:10:41 - GraphTrainer - INFO - mrr@5: 0.017606
2026-01-24 22:10:41 - GraphTrainer - INFO - precision@10: 0.004908
2026-01-24 22:10:41 - GraphTrainer - INFO - recall@10: 0.048287
2026-01-24 22:10:41 - GraphTrainer - INFO - hit_rate@10: 0.048976
2026-01-24 22:10:41 - GraphTrainer - INFO - ndcg@10: 0.026362
2026-01-24 22:10:41 - GraphTrainer - INFO - map@10: 0.019641
2026-01-24 22:10:41 - GraphTrainer - INFO - mrr@10: 0.019883
2026-01-24 22:10:41 - GraphTrainer - INFO - precision@20: 0.003678
2026-01-24 22:10:41 - GraphTrainer - INFO - recall@20: 0.072485
2026-01-24 22:10:41 - GraphTrainer - INFO - hit_rate@20: 0.073374
2026-01-24 22:10:41 - GraphTrainer - INFO - ndcg@20: 0.032464
2026-01-24 22:10:41 - GraphTrainer - INFO - map@20: 0.021297
2026-01-24 22:10:41 - GraphTrainer - INFO - mrr@20: 0.021551
2026-01-24 22:10:41 - GraphTrainer - INFO - ------------------------------------------------------------
2026-01-24 22:10:41 - GraphTrainer - INFO - ============================================================
2026-01-24 22:10:41 - GraphTrainer - INFO - 开始第 72/1000 轮训练
2026-01-24 22:10:41 - GraphTrainer - INFO - ============================================================
2026-01-24 22:11:32 - GraphTrainer - INFO - 验证结果:
2026-01-24 22:11:32 - GraphTrainer - INFO -   precision@5: 0.006327
2026-01-24 22:11:32 - GraphTrainer - INFO -   recall@5: 0.031180
2026-01-24 22:11:32 - GraphTrainer - INFO -   hit_rate@5: 0.031609
2026-01-24 22:11:32 - GraphTrainer - INFO -   ndcg@5: 0.020866
2026-01-24 22:11:32 - GraphTrainer - INFO -   map@5: 0.017411
2026-01-24 22:11:32 - GraphTrainer - INFO -   mrr@5: 0.017632
2026-01-24 22:11:32 - GraphTrainer - INFO -   precision@10: 0.004951
2026-01-24 22:11:32 - GraphTrainer - INFO -   recall@10: 0.048735
2026-01-24 22:11:32 - GraphTrainer - INFO -   hit_rate@10: 0.049407
2026-01-24 22:11:32 - GraphTrainer - INFO -   ndcg@10: 0.026499
2026-01-24 22:11:32 - GraphTrainer - INFO -   map@10: 0.019693
2026-01-24 22:11:32 - GraphTrainer - INFO -   mrr@10: 0.019939
2026-01-24 22:11:32 - GraphTrainer - INFO -   precision@20: 0.003703
2026-01-24 22:11:32 - GraphTrainer - INFO -   recall@20: 0.072952
2026-01-24 22:11:32 - GraphTrainer - INFO -   hit_rate@20: 0.073882
2026-01-24 22:11:32 - GraphTrainer - INFO -   ndcg@20: 0.032582
2026-01-24 22:11:32 - GraphTrainer - INFO -   map@20: 0.021330
2026-01-24 22:11:32 - GraphTrainer - INFO -   mrr@20: 0.021592
2026-01-24 22:11:32 - GraphTrainer - INFO - 第 72 轮训练完成
2026-01-24 22:11:32 - GraphTrainer - INFO - train_loss: 1.082895
2026-01-24 22:11:32 - GraphTrainer - INFO - precision@5: 0.006327
2026-01-24 22:11:32 - GraphTrainer - INFO - recall@5: 0.031180
2026-01-24 22:11:32 - GraphTrainer - INFO - hit_rate@5: 0.031609
2026-01-24 22:11:32 - GraphTrainer - INFO - ndcg@5: 0.020866
2026-01-24 22:11:32 - GraphTrainer - INFO - map@5: 0.017411
2026-01-24 22:11:32 - GraphTrainer - INFO - mrr@5: 0.017632
2026-01-24 22:11:32 - GraphTrainer - INFO - precision@10: 0.004951
2026-01-24 22:11:32 - GraphTrainer - INFO - recall@10: 0.048735
2026-01-24 22:11:32 - GraphTrainer - INFO - hit_rate@10: 0.049407
2026-01-24 22:11:32 - GraphTrainer - INFO - ndcg@10: 0.026499
2026-01-24 22:11:32 - GraphTrainer - INFO - map@10: 0.019693
2026-01-24 22:11:32 - GraphTrainer - INFO - mrr@10: 0.019939
2026-01-24 22:11:32 - GraphTrainer - INFO - precision@20: 0.003703
2026-01-24 22:11:32 - GraphTrainer - INFO - recall@20: 0.072952
2026-01-24 22:11:32 - GraphTrainer - INFO - hit_rate@20: 0.073882
2026-01-24 22:11:32 - GraphTrainer - INFO - ndcg@20: 0.032582
2026-01-24 22:11:32 - GraphTrainer - INFO - map@20: 0.021330
2026-01-24 22:11:32 - GraphTrainer - INFO - mrr@20: 0.021592
2026-01-24 22:11:32 - GraphTrainer - INFO - ------------------------------------------------------------
2026-01-24 22:11:32 - GraphTrainer - INFO - ============================================================
2026-01-24 22:11:32 - GraphTrainer - INFO - 开始第 73/1000 轮训练
2026-01-24 22:11:32 - GraphTrainer - INFO - ============================================================
2026-01-24 22:12:24 - GraphTrainer - INFO - 验证结果:
2026-01-24 22:12:24 - GraphTrainer - INFO -   precision@5: 0.006342
2026-01-24 22:12:24 - GraphTrainer - INFO -   recall@5: 0.031239
2026-01-24 22:12:24 - GraphTrainer - INFO -   hit_rate@5: 0.031660
2026-01-24 22:12:24 - GraphTrainer - INFO -   ndcg@5: 0.020765
2026-01-24 22:12:24 - GraphTrainer - INFO -   map@5: 0.017265
2026-01-24 22:12:24 - GraphTrainer - INFO -   mrr@5: 0.017488
2026-01-24 22:12:24 - GraphTrainer - INFO -   precision@10: 0.004821
2026-01-24 22:12:24 - GraphTrainer - INFO -   recall@10: 0.047461
2026-01-24 22:12:24 - GraphTrainer - INFO -   hit_rate@10: 0.048112
2026-01-24 22:12:24 - GraphTrainer - INFO -   ndcg@10: 0.026005
2026-01-24 22:12:24 - GraphTrainer - INFO -   map@10: 0.019408
2026-01-24 22:12:24 - GraphTrainer - INFO -   mrr@10: 0.019660
2026-01-24 22:12:24 - GraphTrainer - INFO -   precision@20: 0.003697
2026-01-24 22:12:24 - GraphTrainer - INFO -   recall@20: 0.072873
2026-01-24 22:12:24 - GraphTrainer - INFO -   hit_rate@20: 0.073755
2026-01-24 22:12:24 - GraphTrainer - INFO -   ndcg@20: 0.032418
2026-01-24 22:12:24 - GraphTrainer - INFO -   map@20: 0.021150
2026-01-24 22:12:24 - GraphTrainer - INFO -   mrr@20: 0.021417
2026-01-24 22:12:24 - GraphTrainer - INFO - 第 73 轮训练完成
2026-01-24 22:12:24 - GraphTrainer - INFO - train_loss: 1.079912
2026-01-24 22:12:24 - GraphTrainer - INFO - precision@5: 0.006342
2026-01-24 22:12:24 - GraphTrainer - INFO - recall@5: 0.031239
2026-01-24 22:12:24 - GraphTrainer - INFO - hit_rate@5: 0.031660
2026-01-24 22:12:24 - GraphTrainer - INFO - ndcg@5: 0.020765
2026-01-24 22:12:24 - GraphTrainer - INFO - map@5: 0.017265
2026-01-24 22:12:24 - GraphTrainer - INFO - mrr@5: 0.017488
2026-01-24 22:12:24 - GraphTrainer - INFO - precision@10: 0.004821
2026-01-24 22:12:24 - GraphTrainer - INFO - recall@10: 0.047461
2026-01-24 22:12:24 - GraphTrainer - INFO - hit_rate@10: 0.048112
2026-01-24 22:12:24 - GraphTrainer - INFO - ndcg@10: 0.026005
2026-01-24 22:12:24 - GraphTrainer - INFO - map@10: 0.019408
2026-01-24 22:12:24 - GraphTrainer - INFO - mrr@10: 0.019660
2026-01-24 22:12:24 - GraphTrainer - INFO - precision@20: 0.003697
2026-01-24 22:12:24 - GraphTrainer - INFO - recall@20: 0.072873
2026-01-24 22:12:24 - GraphTrainer - INFO - hit_rate@20: 0.073755
2026-01-24 22:12:24 - GraphTrainer - INFO - ndcg@20: 0.032418
2026-01-24 22:12:24 - GraphTrainer - INFO - map@20: 0.021150
2026-01-24 22:12:24 - GraphTrainer - INFO - mrr@20: 0.021417
2026-01-24 22:12:24 - GraphTrainer - INFO - ------------------------------------------------------------
2026-01-24 22:12:24 - GraphTrainer - INFO - ============================================================
2026-01-24 22:12:24 - GraphTrainer - INFO - 开始第 74/1000 轮训练
2026-01-24 22:12:24 - GraphTrainer - INFO - ============================================================
2026-01-24 22:13:16 - GraphTrainer - INFO - 验证结果:
2026-01-24 22:13:16 - GraphTrainer - INFO -   precision@5: 0.006403
2026-01-24 22:13:16 - GraphTrainer - INFO -   recall@5: 0.031588
2026-01-24 22:13:16 - GraphTrainer - INFO -   hit_rate@5: 0.031965
2026-01-24 22:13:16 - GraphTrainer - INFO -   ndcg@5: 0.020908
2026-01-24 22:13:16 - GraphTrainer - INFO -   map@5: 0.017340
2026-01-24 22:13:16 - GraphTrainer - INFO -   mrr@5: 0.017545
2026-01-24 22:13:16 - GraphTrainer - INFO -   precision@10: 0.004905
2026-01-24 22:13:16 - GraphTrainer - INFO -   recall@10: 0.048311
2026-01-24 22:13:16 - GraphTrainer - INFO -   hit_rate@10: 0.048950
2026-01-24 22:13:16 - GraphTrainer - INFO -   ndcg@10: 0.026267
2026-01-24 22:13:16 - GraphTrainer - INFO -   map@10: 0.019505
2026-01-24 22:13:16 - GraphTrainer - INFO -   mrr@10: 0.019741
2026-01-24 22:13:16 - GraphTrainer - INFO -   precision@20: 0.003716
2026-01-24 22:13:16 - GraphTrainer - INFO -   recall@20: 0.073286
2026-01-24 22:13:16 - GraphTrainer - INFO -   hit_rate@20: 0.074136
2026-01-24 22:13:16 - GraphTrainer - INFO -   ndcg@20: 0.032551
2026-01-24 22:13:16 - GraphTrainer - INFO -   map@20: 0.021203
2026-01-24 22:13:16 - GraphTrainer - INFO -   mrr@20: 0.021452
2026-01-24 22:13:16 - GraphTrainer - INFO - 第 74 轮训练完成
2026-01-24 22:13:16 - GraphTrainer - INFO - train_loss: 1.076958
2026-01-24 22:13:16 - GraphTrainer - INFO - precision@5: 0.006403
2026-01-24 22:13:16 - GraphTrainer - INFO - recall@5: 0.031588
2026-01-24 22:13:16 - GraphTrainer - INFO - hit_rate@5: 0.031965
2026-01-24 22:13:16 - GraphTrainer - INFO - ndcg@5: 0.020908
2026-01-24 22:13:16 - GraphTrainer - INFO - map@5: 0.017340
2026-01-24 22:13:16 - GraphTrainer - INFO - mrr@5: 0.017545
2026-01-24 22:13:16 - GraphTrainer - INFO - precision@10: 0.004905
2026-01-24 22:13:16 - GraphTrainer - INFO - recall@10: 0.048311
2026-01-24 22:13:16 - GraphTrainer - INFO - hit_rate@10: 0.048950
2026-01-24 22:13:16 - GraphTrainer - INFO - ndcg@10: 0.026267
2026-01-24 22:13:16 - GraphTrainer - INFO - map@10: 0.019505
2026-01-24 22:13:16 - GraphTrainer - INFO - mrr@10: 0.019741
2026-01-24 22:13:16 - GraphTrainer - INFO - precision@20: 0.003716
2026-01-24 22:13:16 - GraphTrainer - INFO - recall@20: 0.073286
2026-01-24 22:13:16 - GraphTrainer - INFO - hit_rate@20: 0.074136
2026-01-24 22:13:16 - GraphTrainer - INFO - ndcg@20: 0.032551
2026-01-24 22:13:16 - GraphTrainer - INFO - map@20: 0.021203
2026-01-24 22:13:16 - GraphTrainer - INFO - mrr@20: 0.021452
2026-01-24 22:13:16 - GraphTrainer - INFO - ------------------------------------------------------------
2026-01-24 22:13:16 - GraphTrainer - INFO - ============================================================
2026-01-24 22:13:16 - GraphTrainer - INFO - 开始第 75/1000 轮训练
2026-01-24 22:13:16 - GraphTrainer - INFO - ============================================================
2026-01-24 22:14:08 - GraphTrainer - INFO - 验证结果:
2026-01-24 22:14:08 - GraphTrainer - INFO -   precision@5: 0.006337
2026-01-24 22:14:08 - GraphTrainer - INFO -   recall@5: 0.031203
2026-01-24 22:14:08 - GraphTrainer - INFO -   hit_rate@5: 0.031660
2026-01-24 22:14:08 - GraphTrainer - INFO -   ndcg@5: 0.020751
2026-01-24 22:14:08 - GraphTrainer - INFO -   map@5: 0.017249
2026-01-24 22:14:08 - GraphTrainer - INFO -   mrr@5: 0.017469
2026-01-24 22:14:08 - GraphTrainer - INFO -   precision@10: 0.004875
2026-01-24 22:14:08 - GraphTrainer - INFO -   recall@10: 0.047938
2026-01-24 22:14:08 - GraphTrainer - INFO -   hit_rate@10: 0.048620
2026-01-24 22:14:08 - GraphTrainer - INFO -   ndcg@10: 0.026155
2026-01-24 22:14:08 - GraphTrainer - INFO -   map@10: 0.019459
2026-01-24 22:14:08 - GraphTrainer - INFO -   mrr@10: 0.019701
2026-01-24 22:14:08 - GraphTrainer - INFO -   precision@20: 0.003730
2026-01-24 22:14:08 - GraphTrainer - INFO -   recall@20: 0.073557
2026-01-24 22:14:08 - GraphTrainer - INFO -   hit_rate@20: 0.074415
2026-01-24 22:14:08 - GraphTrainer - INFO -   ndcg@20: 0.032594
2026-01-24 22:14:08 - GraphTrainer - INFO -   map@20: 0.021198
2026-01-24 22:14:08 - GraphTrainer - INFO -   mrr@20: 0.021450
2026-01-24 22:14:08 - GraphTrainer - INFO - 第 75 轮训练完成
2026-01-24 22:14:08 - GraphTrainer - INFO - train_loss: 1.069675
2026-01-24 22:14:08 - GraphTrainer - INFO - precision@5: 0.006337
2026-01-24 22:14:08 - GraphTrainer - INFO - recall@5: 0.031203
2026-01-24 22:14:08 - GraphTrainer - INFO - hit_rate@5: 0.031660
2026-01-24 22:14:08 - GraphTrainer - INFO - ndcg@5: 0.020751
2026-01-24 22:14:08 - GraphTrainer - INFO - map@5: 0.017249
2026-01-24 22:14:08 - GraphTrainer - INFO - mrr@5: 0.017469
2026-01-24 22:14:08 - GraphTrainer - INFO - precision@10: 0.004875
2026-01-24 22:14:08 - GraphTrainer - INFO - recall@10: 0.047938
2026-01-24 22:14:08 - GraphTrainer - INFO - hit_rate@10: 0.048620
2026-01-24 22:14:08 - GraphTrainer - INFO - ndcg@10: 0.026155
2026-01-24 22:14:08 - GraphTrainer - INFO - map@10: 0.019459
2026-01-24 22:14:08 - GraphTrainer - INFO - mrr@10: 0.019701
2026-01-24 22:14:08 - GraphTrainer - INFO - precision@20: 0.003730
2026-01-24 22:14:08 - GraphTrainer - INFO - recall@20: 0.073557
2026-01-24 22:14:08 - GraphTrainer - INFO - hit_rate@20: 0.074415
2026-01-24 22:14:08 - GraphTrainer - INFO - ndcg@20: 0.032594
2026-01-24 22:14:08 - GraphTrainer - INFO - map@20: 0.021198
2026-01-24 22:14:08 - GraphTrainer - INFO - mrr@20: 0.021450
2026-01-24 22:14:08 - GraphTrainer - INFO - ------------------------------------------------------------
2026-01-24 22:14:08 - GraphTrainer - INFO - ============================================================
2026-01-24 22:14:08 - GraphTrainer - INFO - 开始第 76/1000 轮训练
2026-01-24 22:14:08 - GraphTrainer - INFO - ============================================================
2026-01-24 22:14:59 - GraphTrainer - INFO - 验证结果:
2026-01-24 22:14:59 - GraphTrainer - INFO -   precision@5: 0.006291
2026-01-24 22:14:59 - GraphTrainer - INFO -   recall@5: 0.031036
2026-01-24 22:14:59 - GraphTrainer - INFO -   hit_rate@5: 0.031406
2026-01-24 22:14:59 - GraphTrainer - INFO -   ndcg@5: 0.020559
2026-01-24 22:14:59 - GraphTrainer - INFO -   map@5: 0.017068
2026-01-24 22:14:59 - GraphTrainer - INFO -   mrr@5: 0.017262
2026-01-24 22:14:59 - GraphTrainer - INFO -   precision@10: 0.004890
2026-01-24 22:14:59 - GraphTrainer - INFO -   recall@10: 0.048221
2026-01-24 22:14:59 - GraphTrainer - INFO -   hit_rate@10: 0.048772
2026-01-24 22:14:59 - GraphTrainer - INFO -   ndcg@10: 0.026107
2026-01-24 22:14:59 - GraphTrainer - INFO -   map@10: 0.019339
2026-01-24 22:14:59 - GraphTrainer - INFO -   mrr@10: 0.019552
2026-01-24 22:14:59 - GraphTrainer - INFO -   precision@20: 0.003694
2026-01-24 22:14:59 - GraphTrainer - INFO -   recall@20: 0.072803
2026-01-24 22:14:59 - GraphTrainer - INFO -   hit_rate@20: 0.073679
2026-01-24 22:14:59 - GraphTrainer - INFO -   ndcg@20: 0.032305
2026-01-24 22:14:59 - GraphTrainer - INFO -   map@20: 0.021016
2026-01-24 22:14:59 - GraphTrainer - INFO -   mrr@20: 0.021250
2026-01-24 22:14:59 - GraphTrainer - INFO - 第 76 轮训练完成
2026-01-24 22:14:59 - GraphTrainer - INFO - train_loss: 1.061772
2026-01-24 22:14:59 - GraphTrainer - INFO - precision@5: 0.006291
2026-01-24 22:14:59 - GraphTrainer - INFO - recall@5: 0.031036
2026-01-24 22:14:59 - GraphTrainer - INFO - hit_rate@5: 0.031406
2026-01-24 22:14:59 - GraphTrainer - INFO - ndcg@5: 0.020559
2026-01-24 22:14:59 - GraphTrainer - INFO - map@5: 0.017068
2026-01-24 22:14:59 - GraphTrainer - INFO - mrr@5: 0.017262
2026-01-24 22:14:59 - GraphTrainer - INFO - precision@10: 0.004890
2026-01-24 22:14:59 - GraphTrainer - INFO - recall@10: 0.048221
2026-01-24 22:14:59 - GraphTrainer - INFO - hit_rate@10: 0.048772
2026-01-24 22:14:59 - GraphTrainer - INFO - ndcg@10: 0.026107
2026-01-24 22:14:59 - GraphTrainer - INFO - map@10: 0.019339
2026-01-24 22:14:59 - GraphTrainer - INFO - mrr@10: 0.019552
2026-01-24 22:14:59 - GraphTrainer - INFO - precision@20: 0.003694
2026-01-24 22:14:59 - GraphTrainer - INFO - recall@20: 0.072803
2026-01-24 22:14:59 - GraphTrainer - INFO - hit_rate@20: 0.073679
2026-01-24 22:14:59 - GraphTrainer - INFO - ndcg@20: 0.032305
2026-01-24 22:14:59 - GraphTrainer - INFO - map@20: 0.021016
2026-01-24 22:14:59 - GraphTrainer - INFO - mrr@20: 0.021250
2026-01-24 22:14:59 - GraphTrainer - INFO - ------------------------------------------------------------
2026-01-24 22:14:59 - GraphTrainer - INFO - ============================================================
2026-01-24 22:14:59 - GraphTrainer - INFO - 开始第 77/1000 轮训练
2026-01-24 22:14:59 - GraphTrainer - INFO - ============================================================
2026-01-24 22:15:51 - GraphTrainer - INFO - 验证结果:
2026-01-24 22:15:51 - GraphTrainer - INFO -   precision@5: 0.006383
2026-01-24 22:15:51 - GraphTrainer - INFO -   recall@5: 0.031474
2026-01-24 22:15:51 - GraphTrainer - INFO -   hit_rate@5: 0.031863
2026-01-24 22:15:51 - GraphTrainer - INFO -   ndcg@5: 0.020965
2026-01-24 22:15:51 - GraphTrainer - INFO -   map@5: 0.017456
2026-01-24 22:15:51 - GraphTrainer - INFO -   mrr@5: 0.017653
2026-01-24 22:15:51 - GraphTrainer - INFO -   precision@10: 0.004900
2026-01-24 22:15:51 - GraphTrainer - INFO -   recall@10: 0.048259
2026-01-24 22:15:51 - GraphTrainer - INFO -   hit_rate@10: 0.048899
2026-01-24 22:15:51 - GraphTrainer - INFO -   ndcg@10: 0.026368
2026-01-24 22:15:51 - GraphTrainer - INFO -   map@10: 0.019655
2026-01-24 22:15:51 - GraphTrainer - INFO -   mrr@10: 0.019878
2026-01-24 22:15:51 - GraphTrainer - INFO -   precision@20: 0.003714
2026-01-24 22:15:51 - GraphTrainer - INFO -   recall@20: 0.073153
2026-01-24 22:15:51 - GraphTrainer - INFO -   hit_rate@20: 0.074111
2026-01-24 22:15:51 - GraphTrainer - INFO -   ndcg@20: 0.032622
2026-01-24 22:15:51 - GraphTrainer - INFO -   map@20: 0.021336
2026-01-24 22:15:51 - GraphTrainer - INFO -   mrr@20: 0.021578
2026-01-24 22:15:51 - GraphTrainer - INFO - 第 77 轮训练完成
2026-01-24 22:15:51 - GraphTrainer - INFO - train_loss: 1.059566
2026-01-24 22:15:51 - GraphTrainer - INFO - precision@5: 0.006383
2026-01-24 22:15:51 - GraphTrainer - INFO - recall@5: 0.031474
2026-01-24 22:15:51 - GraphTrainer - INFO - hit_rate@5: 0.031863
2026-01-24 22:15:51 - GraphTrainer - INFO - ndcg@5: 0.020965
2026-01-24 22:15:51 - GraphTrainer - INFO - map@5: 0.017456
2026-01-24 22:15:51 - GraphTrainer - INFO - mrr@5: 0.017653
2026-01-24 22:15:51 - GraphTrainer - INFO - precision@10: 0.004900
2026-01-24 22:15:51 - GraphTrainer - INFO - recall@10: 0.048259
2026-01-24 22:15:51 - GraphTrainer - INFO - hit_rate@10: 0.048899
2026-01-24 22:15:51 - GraphTrainer - INFO - ndcg@10: 0.026368
2026-01-24 22:15:51 - GraphTrainer - INFO - map@10: 0.019655
2026-01-24 22:15:51 - GraphTrainer - INFO - mrr@10: 0.019878
2026-01-24 22:15:51 - GraphTrainer - INFO - precision@20: 0.003714
2026-01-24 22:15:51 - GraphTrainer - INFO - recall@20: 0.073153
2026-01-24 22:15:51 - GraphTrainer - INFO - hit_rate@20: 0.074111
2026-01-24 22:15:51 - GraphTrainer - INFO - ndcg@20: 0.032622
2026-01-24 22:15:51 - GraphTrainer - INFO - map@20: 0.021336
2026-01-24 22:15:51 - GraphTrainer - INFO - mrr@20: 0.021578
2026-01-24 22:15:51 - GraphTrainer - INFO - ------------------------------------------------------------
2026-01-24 22:15:51 - GraphTrainer - INFO - ============================================================
2026-01-24 22:15:51 - GraphTrainer - INFO - 开始第 78/1000 轮训练
2026-01-24 22:15:51 - GraphTrainer - INFO - ============================================================
2026-01-24 22:16:42 - GraphTrainer - INFO - 验证结果:
2026-01-24 22:16:42 - GraphTrainer - INFO -   precision@5: 0.006312
2026-01-24 22:16:42 - GraphTrainer - INFO -   recall@5: 0.031110
2026-01-24 22:16:42 - GraphTrainer - INFO -   hit_rate@5: 0.031508
2026-01-24 22:16:42 - GraphTrainer - INFO -   ndcg@5: 0.020492
2026-01-24 22:16:42 - GraphTrainer - INFO -   map@5: 0.016938
2026-01-24 22:16:42 - GraphTrainer - INFO -   mrr@5: 0.017169
2026-01-24 22:16:42 - GraphTrainer - INFO -   precision@10: 0.004875
2026-01-24 22:16:42 - GraphTrainer - INFO -   recall@10: 0.048083
2026-01-24 22:16:42 - GraphTrainer - INFO -   hit_rate@10: 0.048645
2026-01-24 22:16:42 - GraphTrainer - INFO -   ndcg@10: 0.025956
2026-01-24 22:16:42 - GraphTrainer - INFO -   map@10: 0.019167
2026-01-24 22:16:42 - GraphTrainer - INFO -   mrr@10: 0.019414
2026-01-24 22:16:42 - GraphTrainer - INFO -   precision@20: 0.003721
2026-01-24 22:16:42 - GraphTrainer - INFO -   recall@20: 0.073377
2026-01-24 22:16:42 - GraphTrainer - INFO -   hit_rate@20: 0.074212
2026-01-24 22:16:42 - GraphTrainer - INFO -   ndcg@20: 0.032346
2026-01-24 22:16:42 - GraphTrainer - INFO -   map@20: 0.020904
2026-01-24 22:16:42 - GraphTrainer - INFO -   mrr@20: 0.021168
2026-01-24 22:16:42 - GraphTrainer - INFO - 第 78 轮训练完成
2026-01-24 22:16:42 - GraphTrainer - INFO - train_loss: 1.055233
2026-01-24 22:16:42 - GraphTrainer - INFO - precision@5: 0.006312
2026-01-24 22:16:42 - GraphTrainer - INFO - recall@5: 0.031110
2026-01-24 22:16:42 - GraphTrainer - INFO - hit_rate@5: 0.031508
2026-01-24 22:16:42 - GraphTrainer - INFO - ndcg@5: 0.020492
2026-01-24 22:16:42 - GraphTrainer - INFO - map@5: 0.016938
2026-01-24 22:16:42 - GraphTrainer - INFO - mrr@5: 0.017169
2026-01-24 22:16:42 - GraphTrainer - INFO - precision@10: 0.004875
2026-01-24 22:16:42 - GraphTrainer - INFO - recall@10: 0.048083
2026-01-24 22:16:42 - GraphTrainer - INFO - hit_rate@10: 0.048645
2026-01-24 22:16:42 - GraphTrainer - INFO - ndcg@10: 0.025956
2026-01-24 22:16:42 - GraphTrainer - INFO - map@10: 0.019167
2026-01-24 22:16:42 - GraphTrainer - INFO - mrr@10: 0.019414
2026-01-24 22:16:42 - GraphTrainer - INFO - precision@20: 0.003721
2026-01-24 22:16:42 - GraphTrainer - INFO - recall@20: 0.073377
2026-01-24 22:16:42 - GraphTrainer - INFO - hit_rate@20: 0.074212
2026-01-24 22:16:42 - GraphTrainer - INFO - ndcg@20: 0.032346
2026-01-24 22:16:42 - GraphTrainer - INFO - map@20: 0.020904
2026-01-24 22:16:42 - GraphTrainer - INFO - mrr@20: 0.021168
2026-01-24 22:16:42 - GraphTrainer - INFO - ------------------------------------------------------------
2026-01-24 22:16:42 - GraphTrainer - INFO - ============================================================
2026-01-24 22:16:42 - GraphTrainer - INFO - 开始第 79/1000 轮训练
2026-01-24 22:16:42 - GraphTrainer - INFO - ============================================================
2026-01-24 22:17:34 - GraphTrainer - INFO - 验证结果:
2026-01-24 22:17:34 - GraphTrainer - INFO -   precision@5: 0.006363
2026-01-24 22:17:34 - GraphTrainer - INFO -   recall@5: 0.031385
2026-01-24 22:17:34 - GraphTrainer - INFO -   hit_rate@5: 0.031762
2026-01-24 22:17:34 - GraphTrainer - INFO -   ndcg@5: 0.020924
2026-01-24 22:17:34 - GraphTrainer - INFO -   map@5: 0.017422
2026-01-24 22:17:34 - GraphTrainer - INFO -   mrr@5: 0.017630
2026-01-24 22:17:34 - GraphTrainer - INFO -   precision@10: 0.004966
2026-01-24 22:17:34 - GraphTrainer - INFO -   recall@10: 0.048990
2026-01-24 22:17:34 - GraphTrainer - INFO -   hit_rate@10: 0.049534
2026-01-24 22:17:34 - GraphTrainer - INFO -   ndcg@10: 0.026579
2026-01-24 22:17:34 - GraphTrainer - INFO -   map@10: 0.019721
2026-01-24 22:17:34 - GraphTrainer - INFO -   mrr@10: 0.019946
2026-01-24 22:17:34 - GraphTrainer - INFO -   precision@20: 0.003703
2026-01-24 22:17:34 - GraphTrainer - INFO -   recall@20: 0.073039
2026-01-24 22:17:34 - GraphTrainer - INFO -   hit_rate@20: 0.073882
2026-01-24 22:17:34 - GraphTrainer - INFO -   ndcg@20: 0.032635
2026-01-24 22:17:34 - GraphTrainer - INFO -   map@20: 0.021356
2026-01-24 22:17:34 - GraphTrainer - INFO -   mrr@20: 0.021602
2026-01-24 22:17:34 - GraphTrainer - INFO - 第 79 轮训练完成
2026-01-24 22:17:34 - GraphTrainer - INFO - train_loss: 1.051554
2026-01-24 22:17:34 - GraphTrainer - INFO - precision@5: 0.006363
2026-01-24 22:17:34 - GraphTrainer - INFO - recall@5: 0.031385
2026-01-24 22:17:34 - GraphTrainer - INFO - hit_rate@5: 0.031762
2026-01-24 22:17:34 - GraphTrainer - INFO - ndcg@5: 0.020924
2026-01-24 22:17:34 - GraphTrainer - INFO - map@5: 0.017422
2026-01-24 22:17:34 - GraphTrainer - INFO - mrr@5: 0.017630
2026-01-24 22:17:34 - GraphTrainer - INFO - precision@10: 0.004966
2026-01-24 22:17:34 - GraphTrainer - INFO - recall@10: 0.048990
2026-01-24 22:17:34 - GraphTrainer - INFO - hit_rate@10: 0.049534
2026-01-24 22:17:34 - GraphTrainer - INFO - ndcg@10: 0.026579
2026-01-24 22:17:34 - GraphTrainer - INFO - map@10: 0.019721
2026-01-24 22:17:34 - GraphTrainer - INFO - mrr@10: 0.019946
2026-01-24 22:17:34 - GraphTrainer - INFO - precision@20: 0.003703
2026-01-24 22:17:34 - GraphTrainer - INFO - recall@20: 0.073039
2026-01-24 22:17:34 - GraphTrainer - INFO - hit_rate@20: 0.073882
2026-01-24 22:17:34 - GraphTrainer - INFO - ndcg@20: 0.032635
2026-01-24 22:17:34 - GraphTrainer - INFO - map@20: 0.021356
2026-01-24 22:17:34 - GraphTrainer - INFO - mrr@20: 0.021602
2026-01-24 22:17:34 - GraphTrainer - INFO - ------------------------------------------------------------
2026-01-24 22:17:34 - GraphTrainer - INFO - ============================================================
2026-01-24 22:17:34 - GraphTrainer - INFO - 开始第 80/1000 轮训练
2026-01-24 22:17:34 - GraphTrainer - INFO - ============================================================
2026-01-24 22:18:25 - GraphTrainer - INFO - 验证结果:
2026-01-24 22:18:25 - GraphTrainer - INFO -   precision@5: 0.006281
2026-01-24 22:18:25 - GraphTrainer - INFO -   recall@5: 0.031009
2026-01-24 22:18:25 - GraphTrainer - INFO -   hit_rate@5: 0.031356
2026-01-24 22:18:25 - GraphTrainer - INFO -   ndcg@5: 0.020761
2026-01-24 22:18:25 - GraphTrainer - INFO -   map@5: 0.017335
2026-01-24 22:18:25 - GraphTrainer - INFO -   mrr@5: 0.017538
2026-01-24 22:18:25 - GraphTrainer - INFO -   precision@10: 0.004898
2026-01-24 22:18:25 - GraphTrainer - INFO -   recall@10: 0.048311
2026-01-24 22:18:25 - GraphTrainer - INFO -   hit_rate@10: 0.048874
2026-01-24 22:18:25 - GraphTrainer - INFO -   ndcg@10: 0.026320
2026-01-24 22:18:25 - GraphTrainer - INFO -   map@10: 0.019593
2026-01-24 22:18:25 - GraphTrainer - INFO -   mrr@10: 0.019820
2026-01-24 22:18:25 - GraphTrainer - INFO -   precision@20: 0.003699
2026-01-24 22:18:25 - GraphTrainer - INFO -   recall@20: 0.072937
2026-01-24 22:18:25 - GraphTrainer - INFO -   hit_rate@20: 0.073806
2026-01-24 22:18:25 - GraphTrainer - INFO -   ndcg@20: 0.032504
2026-01-24 22:18:25 - GraphTrainer - INFO -   map@20: 0.021253
2026-01-24 22:18:25 - GraphTrainer - INFO -   mrr@20: 0.021498
2026-01-24 22:18:25 - GraphTrainer - INFO - 第 80 轮训练完成
2026-01-24 22:18:25 - GraphTrainer - INFO - train_loss: 1.055284
2026-01-24 22:18:25 - GraphTrainer - INFO - precision@5: 0.006281
2026-01-24 22:18:25 - GraphTrainer - INFO - recall@5: 0.031009
2026-01-24 22:18:25 - GraphTrainer - INFO - hit_rate@5: 0.031356
2026-01-24 22:18:25 - GraphTrainer - INFO - ndcg@5: 0.020761
2026-01-24 22:18:25 - GraphTrainer - INFO - map@5: 0.017335
2026-01-24 22:18:25 - GraphTrainer - INFO - mrr@5: 0.017538
2026-01-24 22:18:25 - GraphTrainer - INFO - precision@10: 0.004898
2026-01-24 22:18:25 - GraphTrainer - INFO - recall@10: 0.048311
2026-01-24 22:18:25 - GraphTrainer - INFO - hit_rate@10: 0.048874
2026-01-24 22:18:25 - GraphTrainer - INFO - ndcg@10: 0.026320
2026-01-24 22:18:25 - GraphTrainer - INFO - map@10: 0.019593
2026-01-24 22:18:25 - GraphTrainer - INFO - mrr@10: 0.019820
2026-01-24 22:18:25 - GraphTrainer - INFO - precision@20: 0.003699
2026-01-24 22:18:25 - GraphTrainer - INFO - recall@20: 0.072937
2026-01-24 22:18:25 - GraphTrainer - INFO - hit_rate@20: 0.073806
2026-01-24 22:18:25 - GraphTrainer - INFO - ndcg@20: 0.032504
2026-01-24 22:18:25 - GraphTrainer - INFO - map@20: 0.021253
2026-01-24 22:18:25 - GraphTrainer - INFO - mrr@20: 0.021498
2026-01-24 22:18:25 - GraphTrainer - INFO - ------------------------------------------------------------
2026-01-24 22:18:25 - GraphTrainer - INFO - 检查点已保存: Epoch 80 -> ./checkpoints/checkpoint_epoch_80.pth
2026-01-24 22:18:25 - GraphTrainer - INFO - ============================================================
2026-01-24 22:18:25 - GraphTrainer - INFO - 开始第 81/1000 轮训练
2026-01-24 22:18:25 - GraphTrainer - INFO - ============================================================
2026-01-24 22:19:17 - GraphTrainer - INFO - 验证结果:
2026-01-24 22:19:17 - GraphTrainer - INFO -   precision@5: 0.006449
2026-01-24 22:19:17 - GraphTrainer - INFO -   recall@5: 0.031813
2026-01-24 22:19:17 - GraphTrainer - INFO -   hit_rate@5: 0.032193
2026-01-24 22:19:17 - GraphTrainer - INFO -   ndcg@5: 0.020873
2026-01-24 22:19:17 - GraphTrainer - INFO -   map@5: 0.017230
2026-01-24 22:19:17 - GraphTrainer - INFO -   mrr@5: 0.017432
2026-01-24 22:19:17 - GraphTrainer - INFO -   precision@10: 0.004880
2026-01-24 22:19:17 - GraphTrainer - INFO -   recall@10: 0.048102
2026-01-24 22:19:17 - GraphTrainer - INFO -   hit_rate@10: 0.048696
2026-01-24 22:19:17 - GraphTrainer - INFO -   ndcg@10: 0.026106
2026-01-24 22:19:17 - GraphTrainer - INFO -   map@10: 0.019356
2026-01-24 22:19:17 - GraphTrainer - INFO -   mrr@10: 0.019580
2026-01-24 22:19:17 - GraphTrainer - INFO -   precision@20: 0.003725
2026-01-24 22:19:17 - GraphTrainer - INFO -   recall@20: 0.073441
2026-01-24 22:19:17 - GraphTrainer - INFO -   hit_rate@20: 0.074314
2026-01-24 22:19:17 - GraphTrainer - INFO -   ndcg@20: 0.032490
2026-01-24 22:19:17 - GraphTrainer - INFO -   map@20: 0.021083
2026-01-24 22:19:17 - GraphTrainer - INFO -   mrr@20: 0.021324
2026-01-24 22:19:17 - GraphTrainer - INFO - 第 81 轮训练完成
2026-01-24 22:19:17 - GraphTrainer - INFO - train_loss: 1.049534
2026-01-24 22:19:17 - GraphTrainer - INFO - precision@5: 0.006449
2026-01-24 22:19:17 - GraphTrainer - INFO - recall@5: 0.031813
2026-01-24 22:19:17 - GraphTrainer - INFO - hit_rate@5: 0.032193
2026-01-24 22:19:17 - GraphTrainer - INFO - ndcg@5: 0.020873
2026-01-24 22:19:17 - GraphTrainer - INFO - map@5: 0.017230
2026-01-24 22:19:17 - GraphTrainer - INFO - mrr@5: 0.017432
2026-01-24 22:19:17 - GraphTrainer - INFO - precision@10: 0.004880
2026-01-24 22:19:17 - GraphTrainer - INFO - recall@10: 0.048102
2026-01-24 22:19:17 - GraphTrainer - INFO - hit_rate@10: 0.048696
2026-01-24 22:19:17 - GraphTrainer - INFO - ndcg@10: 0.026106
2026-01-24 22:19:17 - GraphTrainer - INFO - map@10: 0.019356
2026-01-24 22:19:17 - GraphTrainer - INFO - mrr@10: 0.019580
2026-01-24 22:19:17 - GraphTrainer - INFO - precision@20: 0.003725
2026-01-24 22:19:17 - GraphTrainer - INFO - recall@20: 0.073441
2026-01-24 22:19:17 - GraphTrainer - INFO - hit_rate@20: 0.074314
2026-01-24 22:19:17 - GraphTrainer - INFO - ndcg@20: 0.032490
2026-01-24 22:19:17 - GraphTrainer - INFO - map@20: 0.021083
2026-01-24 22:19:17 - GraphTrainer - INFO - mrr@20: 0.021324
2026-01-24 22:19:17 - GraphTrainer - INFO - ------------------------------------------------------------
2026-01-24 22:19:17 - GraphTrainer - INFO - ============================================================
2026-01-24 22:19:17 - GraphTrainer - INFO - 开始第 82/1000 轮训练
2026-01-24 22:19:17 - GraphTrainer - INFO - ============================================================
2026-01-24 22:20:08 - GraphTrainer - INFO - 验证结果:
2026-01-24 22:20:08 - GraphTrainer - INFO -   precision@5: 0.006368
2026-01-24 22:20:08 - GraphTrainer - INFO -   recall@5: 0.031387
2026-01-24 22:20:08 - GraphTrainer - INFO -   hit_rate@5: 0.031762
2026-01-24 22:20:08 - GraphTrainer - INFO -   ndcg@5: 0.020914
2026-01-24 22:20:08 - GraphTrainer - INFO -   map@5: 0.017407
2026-01-24 22:20:08 - GraphTrainer - INFO -   mrr@5: 0.017627
2026-01-24 22:20:08 - GraphTrainer - INFO -   precision@10: 0.004880
2026-01-24 22:20:08 - GraphTrainer - INFO -   recall@10: 0.048176
2026-01-24 22:20:08 - GraphTrainer - INFO -   hit_rate@10: 0.048696
2026-01-24 22:20:08 - GraphTrainer - INFO -   ndcg@10: 0.026293
2026-01-24 22:20:08 - GraphTrainer - INFO -   map@10: 0.019587
2026-01-24 22:20:08 - GraphTrainer - INFO -   mrr@10: 0.019823
2026-01-24 22:20:08 - GraphTrainer - INFO -   precision@20: 0.003731
2026-01-24 22:20:08 - GraphTrainer - INFO -   recall@20: 0.073551
2026-01-24 22:20:08 - GraphTrainer - INFO -   hit_rate@20: 0.074415
2026-01-24 22:20:08 - GraphTrainer - INFO -   ndcg@20: 0.032686
2026-01-24 22:20:08 - GraphTrainer - INFO -   map@20: 0.021314
2026-01-24 22:20:08 - GraphTrainer - INFO -   mrr@20: 0.021572
2026-01-24 22:20:08 - GraphTrainer - INFO - 第 82 轮训练完成
2026-01-24 22:20:08 - GraphTrainer - INFO - train_loss: 1.044101
2026-01-24 22:20:08 - GraphTrainer - INFO - precision@5: 0.006368
2026-01-24 22:20:08 - GraphTrainer - INFO - recall@5: 0.031387
2026-01-24 22:20:08 - GraphTrainer - INFO - hit_rate@5: 0.031762
2026-01-24 22:20:08 - GraphTrainer - INFO - ndcg@5: 0.020914
2026-01-24 22:20:08 - GraphTrainer - INFO - map@5: 0.017407
2026-01-24 22:20:08 - GraphTrainer - INFO - mrr@5: 0.017627
2026-01-24 22:20:08 - GraphTrainer - INFO - precision@10: 0.004880
2026-01-24 22:20:08 - GraphTrainer - INFO - recall@10: 0.048176
2026-01-24 22:20:08 - GraphTrainer - INFO - hit_rate@10: 0.048696
2026-01-24 22:20:08 - GraphTrainer - INFO - ndcg@10: 0.026293
2026-01-24 22:20:08 - GraphTrainer - INFO - map@10: 0.019587
2026-01-24 22:20:08 - GraphTrainer - INFO - mrr@10: 0.019823
2026-01-24 22:20:08 - GraphTrainer - INFO - precision@20: 0.003731
2026-01-24 22:20:08 - GraphTrainer - INFO - recall@20: 0.073551
2026-01-24 22:20:08 - GraphTrainer - INFO - hit_rate@20: 0.074415
2026-01-24 22:20:08 - GraphTrainer - INFO - ndcg@20: 0.032686
2026-01-24 22:20:08 - GraphTrainer - INFO - map@20: 0.021314
2026-01-24 22:20:08 - GraphTrainer - INFO - mrr@20: 0.021572
2026-01-24 22:20:08 - GraphTrainer - INFO - ------------------------------------------------------------
2026-01-24 22:20:08 - GraphTrainer - INFO - ============================================================
2026-01-24 22:20:08 - GraphTrainer - INFO - 开始第 83/1000 轮训练
2026-01-24 22:20:08 - GraphTrainer - INFO - ============================================================
2026-01-24 22:21:00 - GraphTrainer - INFO - 验证结果:
2026-01-24 22:21:00 - GraphTrainer - INFO -   precision@5: 0.006434
2026-01-24 22:21:00 - GraphTrainer - INFO -   recall@5: 0.031728
2026-01-24 22:21:00 - GraphTrainer - INFO -   hit_rate@5: 0.032092
2026-01-24 22:21:00 - GraphTrainer - INFO -   ndcg@5: 0.020953
2026-01-24 22:21:00 - GraphTrainer - INFO -   map@5: 0.017356
2026-01-24 22:21:00 - GraphTrainer - INFO -   mrr@5: 0.017571
2026-01-24 22:21:00 - GraphTrainer - INFO -   precision@10: 0.004859
2026-01-24 22:21:00 - GraphTrainer - INFO -   recall@10: 0.047899
2026-01-24 22:21:00 - GraphTrainer - INFO -   hit_rate@10: 0.048493
2026-01-24 22:21:00 - GraphTrainer - INFO -   ndcg@10: 0.026169
2026-01-24 22:21:00 - GraphTrainer - INFO -   map@10: 0.019485
2026-01-24 22:21:00 - GraphTrainer - INFO -   mrr@10: 0.019726
2026-01-24 22:21:00 - GraphTrainer - INFO -   precision@20: 0.003753
2026-01-24 22:21:00 - GraphTrainer - INFO -   recall@20: 0.074046
2026-01-24 22:21:00 - GraphTrainer - INFO -   hit_rate@20: 0.074898
2026-01-24 22:21:00 - GraphTrainer - INFO -   ndcg@20: 0.032756
2026-01-24 22:21:00 - GraphTrainer - INFO -   map@20: 0.021269
2026-01-24 22:21:00 - GraphTrainer - INFO -   mrr@20: 0.021526
2026-01-24 22:21:00 - GraphTrainer - INFO - 第 83 轮训练完成
2026-01-24 22:21:00 - GraphTrainer - INFO - train_loss: 1.046594
2026-01-24 22:21:00 - GraphTrainer - INFO - precision@5: 0.006434
2026-01-24 22:21:00 - GraphTrainer - INFO - recall@5: 0.031728
2026-01-24 22:21:00 - GraphTrainer - INFO - hit_rate@5: 0.032092
2026-01-24 22:21:00 - GraphTrainer - INFO - ndcg@5: 0.020953
2026-01-24 22:21:00 - GraphTrainer - INFO - map@5: 0.017356
2026-01-24 22:21:00 - GraphTrainer - INFO - mrr@5: 0.017571
2026-01-24 22:21:00 - GraphTrainer - INFO - precision@10: 0.004859
2026-01-24 22:21:00 - GraphTrainer - INFO - recall@10: 0.047899
2026-01-24 22:21:00 - GraphTrainer - INFO - hit_rate@10: 0.048493
2026-01-24 22:21:00 - GraphTrainer - INFO - ndcg@10: 0.026169
2026-01-24 22:21:00 - GraphTrainer - INFO - map@10: 0.019485
2026-01-24 22:21:00 - GraphTrainer - INFO - mrr@10: 0.019726
2026-01-24 22:21:00 - GraphTrainer - INFO - precision@20: 0.003753
2026-01-24 22:21:00 - GraphTrainer - INFO - recall@20: 0.074046
2026-01-24 22:21:00 - GraphTrainer - INFO - hit_rate@20: 0.074898
2026-01-24 22:21:00 - GraphTrainer - INFO - ndcg@20: 0.032756
2026-01-24 22:21:00 - GraphTrainer - INFO - map@20: 0.021269
2026-01-24 22:21:00 - GraphTrainer - INFO - mrr@20: 0.021526
2026-01-24 22:21:00 - GraphTrainer - INFO - ------------------------------------------------------------
2026-01-24 22:21:00 - GraphTrainer - INFO - ============================================================
2026-01-24 22:21:00 - GraphTrainer - INFO - 开始第 84/1000 轮训练
2026-01-24 22:21:00 - GraphTrainer - INFO - ============================================================
2026-01-24 22:21:51 - GraphTrainer - INFO - 验证结果:
2026-01-24 22:21:51 - GraphTrainer - INFO -   precision@5: 0.006352
2026-01-24 22:21:51 - GraphTrainer - INFO -   recall@5: 0.031326
2026-01-24 22:21:51 - GraphTrainer - INFO -   hit_rate@5: 0.031711
2026-01-24 22:21:51 - GraphTrainer - INFO -   ndcg@5: 0.020976
2026-01-24 22:21:51 - GraphTrainer - INFO -   map@5: 0.017529
2026-01-24 22:21:51 - GraphTrainer - INFO -   mrr@5: 0.017723
2026-01-24 22:21:51 - GraphTrainer - INFO -   precision@10: 0.004979
2026-01-24 22:21:51 - GraphTrainer - INFO -   recall@10: 0.049147
2026-01-24 22:21:51 - GraphTrainer - INFO -   hit_rate@10: 0.049686
2026-01-24 22:21:51 - GraphTrainer - INFO -   ndcg@10: 0.026700
2026-01-24 22:21:51 - GraphTrainer - INFO -   map@10: 0.019858
2026-01-24 22:21:51 - GraphTrainer - INFO -   mrr@10: 0.020069
2026-01-24 22:21:51 - GraphTrainer - INFO -   precision@20: 0.003742
2026-01-24 22:21:51 - GraphTrainer - INFO -   recall@20: 0.073794
2026-01-24 22:21:51 - GraphTrainer - INFO -   hit_rate@20: 0.074669
2026-01-24 22:21:51 - GraphTrainer - INFO -   ndcg@20: 0.032931
2026-01-24 22:21:51 - GraphTrainer - INFO -   map@20: 0.021553
2026-01-24 22:21:51 - GraphTrainer - INFO -   mrr@20: 0.021784
2026-01-24 22:21:51 - GraphTrainer - INFO - 第 84 轮训练完成
2026-01-24 22:21:51 - GraphTrainer - INFO - train_loss: 1.042219
2026-01-24 22:21:51 - GraphTrainer - INFO - precision@5: 0.006352
2026-01-24 22:21:51 - GraphTrainer - INFO - recall@5: 0.031326
2026-01-24 22:21:51 - GraphTrainer - INFO - hit_rate@5: 0.031711
2026-01-24 22:21:51 - GraphTrainer - INFO - ndcg@5: 0.020976
2026-01-24 22:21:51 - GraphTrainer - INFO - map@5: 0.017529
2026-01-24 22:21:51 - GraphTrainer - INFO - mrr@5: 0.017723
2026-01-24 22:21:51 - GraphTrainer - INFO - precision@10: 0.004979
2026-01-24 22:21:51 - GraphTrainer - INFO - recall@10: 0.049147
2026-01-24 22:21:51 - GraphTrainer - INFO - hit_rate@10: 0.049686
2026-01-24 22:21:51 - GraphTrainer - INFO - ndcg@10: 0.026700
2026-01-24 22:21:51 - GraphTrainer - INFO - map@10: 0.019858
2026-01-24 22:21:51 - GraphTrainer - INFO - mrr@10: 0.020069
2026-01-24 22:21:51 - GraphTrainer - INFO - precision@20: 0.003742
2026-01-24 22:21:51 - GraphTrainer - INFO - recall@20: 0.073794
2026-01-24 22:21:51 - GraphTrainer - INFO - hit_rate@20: 0.074669
2026-01-24 22:21:51 - GraphTrainer - INFO - ndcg@20: 0.032931
2026-01-24 22:21:51 - GraphTrainer - INFO - map@20: 0.021553
2026-01-24 22:21:51 - GraphTrainer - INFO - mrr@20: 0.021784
2026-01-24 22:21:51 - GraphTrainer - INFO - ------------------------------------------------------------
2026-01-24 22:21:51 - GraphTrainer - INFO - ============================================================
2026-01-24 22:21:51 - GraphTrainer - INFO - 开始第 85/1000 轮训练
2026-01-24 22:21:51 - GraphTrainer - INFO - ============================================================
2026-01-24 22:22:43 - GraphTrainer - INFO - 验证结果:
2026-01-24 22:22:43 - GraphTrainer - INFO -   precision@5: 0.006429
2026-01-24 22:22:43 - GraphTrainer - INFO -   recall@5: 0.031722
2026-01-24 22:22:43 - GraphTrainer - INFO -   hit_rate@5: 0.032092
2026-01-24 22:22:43 - GraphTrainer - INFO -   ndcg@5: 0.020905
2026-01-24 22:22:43 - GraphTrainer - INFO -   map@5: 0.017296
2026-01-24 22:22:43 - GraphTrainer - INFO -   mrr@5: 0.017507
2026-01-24 22:22:43 - GraphTrainer - INFO -   precision@10: 0.004961
2026-01-24 22:22:43 - GraphTrainer - INFO -   recall@10: 0.048957
2026-01-24 22:22:43 - GraphTrainer - INFO -   hit_rate@10: 0.049509
2026-01-24 22:22:43 - GraphTrainer - INFO -   ndcg@10: 0.026441
2026-01-24 22:22:43 - GraphTrainer - INFO -   map@10: 0.019547
2026-01-24 22:22:43 - GraphTrainer - INFO -   mrr@10: 0.019776
2026-01-24 22:22:43 - GraphTrainer - INFO -   precision@20: 0.003750
2026-01-24 22:22:43 - GraphTrainer - INFO -   recall@20: 0.073884
2026-01-24 22:22:43 - GraphTrainer - INFO -   hit_rate@20: 0.074822
2026-01-24 22:22:43 - GraphTrainer - INFO -   ndcg@20: 0.032738
2026-01-24 22:22:43 - GraphTrainer - INFO -   map@20: 0.021255
2026-01-24 22:22:43 - GraphTrainer - INFO -   mrr@20: 0.021508
2026-01-24 22:22:43 - GraphTrainer - INFO - 第 85 轮训练完成
2026-01-24 22:22:43 - GraphTrainer - INFO - train_loss: 1.029910
2026-01-24 22:22:43 - GraphTrainer - INFO - precision@5: 0.006429
2026-01-24 22:22:43 - GraphTrainer - INFO - recall@5: 0.031722
2026-01-24 22:22:43 - GraphTrainer - INFO - hit_rate@5: 0.032092
2026-01-24 22:22:43 - GraphTrainer - INFO - ndcg@5: 0.020905
2026-01-24 22:22:43 - GraphTrainer - INFO - map@5: 0.017296
2026-01-24 22:22:43 - GraphTrainer - INFO - mrr@5: 0.017507
2026-01-24 22:22:43 - GraphTrainer - INFO - precision@10: 0.004961
2026-01-24 22:22:43 - GraphTrainer - INFO - recall@10: 0.048957
2026-01-24 22:22:43 - GraphTrainer - INFO - hit_rate@10: 0.049509
2026-01-24 22:22:43 - GraphTrainer - INFO - ndcg@10: 0.026441
2026-01-24 22:22:43 - GraphTrainer - INFO - map@10: 0.019547
2026-01-24 22:22:43 - GraphTrainer - INFO - mrr@10: 0.019776
2026-01-24 22:22:43 - GraphTrainer - INFO - precision@20: 0.003750
2026-01-24 22:22:43 - GraphTrainer - INFO - recall@20: 0.073884
2026-01-24 22:22:43 - GraphTrainer - INFO - hit_rate@20: 0.074822
2026-01-24 22:22:43 - GraphTrainer - INFO - ndcg@20: 0.032738
2026-01-24 22:22:43 - GraphTrainer - INFO - map@20: 0.021255
2026-01-24 22:22:43 - GraphTrainer - INFO - mrr@20: 0.021508
2026-01-24 22:22:43 - GraphTrainer - INFO - ------------------------------------------------------------
2026-01-24 22:22:43 - GraphTrainer - INFO - ============================================================
2026-01-24 22:22:43 - GraphTrainer - INFO - 开始第 86/1000 轮训练
2026-01-24 22:22:43 - GraphTrainer - INFO - ============================================================
2026-01-24 22:23:35 - GraphTrainer - INFO - 验证结果:
2026-01-24 22:23:35 - GraphTrainer - INFO -   precision@5: 0.006337
2026-01-24 22:23:35 - GraphTrainer - INFO -   recall@5: 0.031275
2026-01-24 22:23:35 - GraphTrainer - INFO -   hit_rate@5: 0.031609
2026-01-24 22:23:35 - GraphTrainer - INFO -   ndcg@5: 0.020808
2026-01-24 22:23:35 - GraphTrainer - INFO -   map@5: 0.017318
2026-01-24 22:23:35 - GraphTrainer - INFO -   mrr@5: 0.017509
2026-01-24 22:23:35 - GraphTrainer - INFO -   precision@10: 0.004931
2026-01-24 22:23:35 - GraphTrainer - INFO -   recall@10: 0.048565
2026-01-24 22:23:35 - GraphTrainer - INFO -   hit_rate@10: 0.049204
2026-01-24 22:23:35 - GraphTrainer - INFO -   ndcg@10: 0.026393
2026-01-24 22:23:35 - GraphTrainer - INFO -   map@10: 0.019599
2026-01-24 22:23:35 - GraphTrainer - INFO -   mrr@10: 0.019826
2026-01-24 22:23:35 - GraphTrainer - INFO -   precision@20: 0.003756
2026-01-24 22:23:35 - GraphTrainer - INFO -   recall@20: 0.074075
2026-01-24 22:23:35 - GraphTrainer - INFO -   hit_rate@20: 0.074923
2026-01-24 22:23:35 - GraphTrainer - INFO -   ndcg@20: 0.032817
2026-01-24 22:23:35 - GraphTrainer - INFO -   map@20: 0.021338
2026-01-24 22:23:35 - GraphTrainer - INFO -   mrr@20: 0.021576
2026-01-24 22:23:35 - GraphTrainer - INFO - 第 86 轮训练完成
2026-01-24 22:23:35 - GraphTrainer - INFO - train_loss: 1.038097
2026-01-24 22:23:35 - GraphTrainer - INFO - precision@5: 0.006337
2026-01-24 22:23:35 - GraphTrainer - INFO - recall@5: 0.031275
2026-01-24 22:23:35 - GraphTrainer - INFO - hit_rate@5: 0.031609
2026-01-24 22:23:35 - GraphTrainer - INFO - ndcg@5: 0.020808
2026-01-24 22:23:35 - GraphTrainer - INFO - map@5: 0.017318
2026-01-24 22:23:35 - GraphTrainer - INFO - mrr@5: 0.017509
2026-01-24 22:23:35 - GraphTrainer - INFO - precision@10: 0.004931
2026-01-24 22:23:35 - GraphTrainer - INFO - recall@10: 0.048565
2026-01-24 22:23:35 - GraphTrainer - INFO - hit_rate@10: 0.049204
2026-01-24 22:23:35 - GraphTrainer - INFO - ndcg@10: 0.026393
2026-01-24 22:23:35 - GraphTrainer - INFO - map@10: 0.019599
2026-01-24 22:23:35 - GraphTrainer - INFO - mrr@10: 0.019826
2026-01-24 22:23:35 - GraphTrainer - INFO - precision@20: 0.003756
2026-01-24 22:23:35 - GraphTrainer - INFO - recall@20: 0.074075
2026-01-24 22:23:35 - GraphTrainer - INFO - hit_rate@20: 0.074923
2026-01-24 22:23:35 - GraphTrainer - INFO - ndcg@20: 0.032817
2026-01-24 22:23:35 - GraphTrainer - INFO - map@20: 0.021338
2026-01-24 22:23:35 - GraphTrainer - INFO - mrr@20: 0.021576
2026-01-24 22:23:35 - GraphTrainer - INFO - ------------------------------------------------------------
2026-01-24 22:23:35 - GraphTrainer - INFO - ============================================================
2026-01-24 22:23:35 - GraphTrainer - INFO - 开始第 87/1000 轮训练
2026-01-24 22:23:35 - GraphTrainer - INFO - ============================================================
2026-01-24 22:24:27 - GraphTrainer - INFO - 验证结果:
2026-01-24 22:24:27 - GraphTrainer - INFO -   precision@5: 0.006327
2026-01-24 22:24:27 - GraphTrainer - INFO -   recall@5: 0.031210
2026-01-24 22:24:27 - GraphTrainer - INFO -   hit_rate@5: 0.031559
2026-01-24 22:24:27 - GraphTrainer - INFO -   ndcg@5: 0.020818
2026-01-24 22:24:27 - GraphTrainer - INFO -   map@5: 0.017351
2026-01-24 22:24:27 - GraphTrainer - INFO -   mrr@5: 0.017544
2026-01-24 22:24:27 - GraphTrainer - INFO -   precision@10: 0.004941
2026-01-24 22:24:27 - GraphTrainer - INFO -   recall@10: 0.048715
2026-01-24 22:24:27 - GraphTrainer - INFO -   hit_rate@10: 0.049306
2026-01-24 22:24:27 - GraphTrainer - INFO -   ndcg@10: 0.026492
2026-01-24 22:24:27 - GraphTrainer - INFO -   map@10: 0.019683
2026-01-24 22:24:27 - GraphTrainer - INFO -   mrr@10: 0.019908
2026-01-24 22:24:27 - GraphTrainer - INFO -   precision@20: 0.003726
2026-01-24 22:24:27 - GraphTrainer - INFO -   recall@20: 0.073400
2026-01-24 22:24:27 - GraphTrainer - INFO -   hit_rate@20: 0.074288
2026-01-24 22:24:27 - GraphTrainer - INFO -   ndcg@20: 0.032706
2026-01-24 22:24:27 - GraphTrainer - INFO -   map@20: 0.021358
2026-01-24 22:24:27 - GraphTrainer - INFO -   mrr@20: 0.021601
2026-01-24 22:24:27 - GraphTrainer - INFO - 第 87 轮训练完成
2026-01-24 22:24:27 - GraphTrainer - INFO - train_loss: 1.027042
2026-01-24 22:24:27 - GraphTrainer - INFO - precision@5: 0.006327
2026-01-24 22:24:27 - GraphTrainer - INFO - recall@5: 0.031210
2026-01-24 22:24:27 - GraphTrainer - INFO - hit_rate@5: 0.031559
2026-01-24 22:24:27 - GraphTrainer - INFO - ndcg@5: 0.020818
2026-01-24 22:24:27 - GraphTrainer - INFO - map@5: 0.017351
2026-01-24 22:24:27 - GraphTrainer - INFO - mrr@5: 0.017544
2026-01-24 22:24:27 - GraphTrainer - INFO - precision@10: 0.004941
2026-01-24 22:24:27 - GraphTrainer - INFO - recall@10: 0.048715
2026-01-24 22:24:27 - GraphTrainer - INFO - hit_rate@10: 0.049306
2026-01-24 22:24:27 - GraphTrainer - INFO - ndcg@10: 0.026492
2026-01-24 22:24:27 - GraphTrainer - INFO - map@10: 0.019683
2026-01-24 22:24:27 - GraphTrainer - INFO - mrr@10: 0.019908
2026-01-24 22:24:27 - GraphTrainer - INFO - precision@20: 0.003726
2026-01-24 22:24:27 - GraphTrainer - INFO - recall@20: 0.073400
2026-01-24 22:24:27 - GraphTrainer - INFO - hit_rate@20: 0.074288
2026-01-24 22:24:27 - GraphTrainer - INFO - ndcg@20: 0.032706
2026-01-24 22:24:27 - GraphTrainer - INFO - map@20: 0.021358
2026-01-24 22:24:27 - GraphTrainer - INFO - mrr@20: 0.021601
2026-01-24 22:24:27 - GraphTrainer - INFO - ------------------------------------------------------------
2026-01-24 22:24:27 - GraphTrainer - INFO - ============================================================
2026-01-24 22:24:27 - GraphTrainer - INFO - 开始第 88/1000 轮训练
2026-01-24 22:24:27 - GraphTrainer - INFO - ============================================================
2026-01-24 22:25:18 - GraphTrainer - INFO - 验证结果:
2026-01-24 22:25:18 - GraphTrainer - INFO -   precision@5: 0.006378
2026-01-24 22:25:18 - GraphTrainer - INFO -   recall@5: 0.031432
2026-01-24 22:25:18 - GraphTrainer - INFO -   hit_rate@5: 0.031838
2026-01-24 22:25:18 - GraphTrainer - INFO -   ndcg@5: 0.020867
2026-01-24 22:25:18 - GraphTrainer - INFO -   map@5: 0.017339
2026-01-24 22:25:18 - GraphTrainer - INFO -   mrr@5: 0.017547
2026-01-24 22:25:18 - GraphTrainer - INFO -   precision@10: 0.004999
2026-01-24 22:25:18 - GraphTrainer - INFO -   recall@10: 0.049295
2026-01-24 22:25:18 - GraphTrainer - INFO -   hit_rate@10: 0.049890
2026-01-24 22:25:18 - GraphTrainer - INFO -   ndcg@10: 0.026615
2026-01-24 22:25:18 - GraphTrainer - INFO -   map@10: 0.019681
2026-01-24 22:25:18 - GraphTrainer - INFO -   mrr@10: 0.019910
2026-01-24 22:25:18 - GraphTrainer - INFO -   precision@20: 0.003744
2026-01-24 22:25:18 - GraphTrainer - INFO -   recall@20: 0.073717
2026-01-24 22:25:18 - GraphTrainer - INFO -   hit_rate@20: 0.074669
2026-01-24 22:25:18 - GraphTrainer - INFO -   ndcg@20: 0.032768
2026-01-24 22:25:18 - GraphTrainer - INFO -   map@20: 0.021341
2026-01-24 22:25:18 - GraphTrainer - INFO -   mrr@20: 0.021593
2026-01-24 22:25:18 - GraphTrainer - INFO - 第 88 轮训练完成
2026-01-24 22:25:18 - GraphTrainer - INFO - train_loss: 1.018496
2026-01-24 22:25:18 - GraphTrainer - INFO - precision@5: 0.006378
2026-01-24 22:25:18 - GraphTrainer - INFO - recall@5: 0.031432
2026-01-24 22:25:18 - GraphTrainer - INFO - hit_rate@5: 0.031838
2026-01-24 22:25:18 - GraphTrainer - INFO - ndcg@5: 0.020867
2026-01-24 22:25:18 - GraphTrainer - INFO - map@5: 0.017339
2026-01-24 22:25:18 - GraphTrainer - INFO - mrr@5: 0.017547
2026-01-24 22:25:18 - GraphTrainer - INFO - precision@10: 0.004999
2026-01-24 22:25:18 - GraphTrainer - INFO - recall@10: 0.049295
2026-01-24 22:25:18 - GraphTrainer - INFO - hit_rate@10: 0.049890
2026-01-24 22:25:18 - GraphTrainer - INFO - ndcg@10: 0.026615
2026-01-24 22:25:18 - GraphTrainer - INFO - map@10: 0.019681
2026-01-24 22:25:18 - GraphTrainer - INFO - mrr@10: 0.019910
2026-01-24 22:25:18 - GraphTrainer - INFO - precision@20: 0.003744
2026-01-24 22:25:18 - GraphTrainer - INFO - recall@20: 0.073717
2026-01-24 22:25:18 - GraphTrainer - INFO - hit_rate@20: 0.074669
2026-01-24 22:25:18 - GraphTrainer - INFO - ndcg@20: 0.032768
2026-01-24 22:25:18 - GraphTrainer - INFO - map@20: 0.021341
2026-01-24 22:25:18 - GraphTrainer - INFO - mrr@20: 0.021593
2026-01-24 22:25:18 - GraphTrainer - INFO - ------------------------------------------------------------
2026-01-24 22:25:18 - GraphTrainer - INFO - ============================================================
2026-01-24 22:25:18 - GraphTrainer - INFO - 开始第 89/1000 轮训练
2026-01-24 22:25:18 - GraphTrainer - INFO - ============================================================
2026-01-24 22:26:10 - GraphTrainer - INFO - 验证结果:
2026-01-24 22:26:10 - GraphTrainer - INFO -   precision@5: 0.006449
2026-01-24 22:26:10 - GraphTrainer - INFO -   recall@5: 0.031783
2026-01-24 22:26:10 - GraphTrainer - INFO -   hit_rate@5: 0.032193
2026-01-24 22:26:10 - GraphTrainer - INFO -   ndcg@5: 0.021162
2026-01-24 22:26:10 - GraphTrainer - INFO -   map@5: 0.017621
2026-01-24 22:26:10 - GraphTrainer - INFO -   mrr@5: 0.017830
2026-01-24 22:26:10 - GraphTrainer - INFO -   precision@10: 0.004948
2026-01-24 22:26:10 - GraphTrainer - INFO -   recall@10: 0.048765
2026-01-24 22:26:10 - GraphTrainer - INFO -   hit_rate@10: 0.049382
2026-01-24 22:26:10 - GraphTrainer - INFO -   ndcg@10: 0.026640
2026-01-24 22:26:10 - GraphTrainer - INFO -   map@10: 0.019860
2026-01-24 22:26:10 - GraphTrainer - INFO -   mrr@10: 0.020091
2026-01-24 22:26:10 - GraphTrainer - INFO -   precision@20: 0.003747
2026-01-24 22:26:10 - GraphTrainer - INFO -   recall@20: 0.073858
2026-01-24 22:26:10 - GraphTrainer - INFO -   hit_rate@20: 0.074771
2026-01-24 22:26:10 - GraphTrainer - INFO -   ndcg@20: 0.032941
2026-01-24 22:26:10 - GraphTrainer - INFO -   map@20: 0.021554
2026-01-24 22:26:10 - GraphTrainer - INFO -   mrr@20: 0.021801
2026-01-24 22:26:10 - GraphTrainer - INFO - 第 89 轮训练完成
2026-01-24 22:26:10 - GraphTrainer - INFO - train_loss: 1.026022
2026-01-24 22:26:10 - GraphTrainer - INFO - precision@5: 0.006449
2026-01-24 22:26:10 - GraphTrainer - INFO - recall@5: 0.031783
2026-01-24 22:26:10 - GraphTrainer - INFO - hit_rate@5: 0.032193
2026-01-24 22:26:10 - GraphTrainer - INFO - ndcg@5: 0.021162
2026-01-24 22:26:10 - GraphTrainer - INFO - map@5: 0.017621
2026-01-24 22:26:10 - GraphTrainer - INFO - mrr@5: 0.017830
2026-01-24 22:26:10 - GraphTrainer - INFO - precision@10: 0.004948
2026-01-24 22:26:10 - GraphTrainer - INFO - recall@10: 0.048765
2026-01-24 22:26:10 - GraphTrainer - INFO - hit_rate@10: 0.049382
2026-01-24 22:26:10 - GraphTrainer - INFO - ndcg@10: 0.026640
2026-01-24 22:26:10 - GraphTrainer - INFO - map@10: 0.019860
2026-01-24 22:26:10 - GraphTrainer - INFO - mrr@10: 0.020091
2026-01-24 22:26:10 - GraphTrainer - INFO - precision@20: 0.003747
2026-01-24 22:26:10 - GraphTrainer - INFO - recall@20: 0.073858
2026-01-24 22:26:10 - GraphTrainer - INFO - hit_rate@20: 0.074771
2026-01-24 22:26:10 - GraphTrainer - INFO - ndcg@20: 0.032941
2026-01-24 22:26:10 - GraphTrainer - INFO - map@20: 0.021554
2026-01-24 22:26:10 - GraphTrainer - INFO - mrr@20: 0.021801
2026-01-24 22:26:10 - GraphTrainer - INFO - ------------------------------------------------------------
2026-01-24 22:26:10 - GraphTrainer - INFO - ============================================================
2026-01-24 22:26:10 - GraphTrainer - INFO - 开始第 90/1000 轮训练
2026-01-24 22:26:10 - GraphTrainer - INFO - ============================================================
2026-01-24 22:27:02 - GraphTrainer - INFO - 验证结果:
2026-01-24 22:27:02 - GraphTrainer - INFO -   precision@5: 0.006535
2026-01-24 22:27:02 - GraphTrainer - INFO -   recall@5: 0.032147
2026-01-24 22:27:02 - GraphTrainer - INFO -   hit_rate@5: 0.032600
2026-01-24 22:27:02 - GraphTrainer - INFO -   ndcg@5: 0.021288
2026-01-24 22:27:02 - GraphTrainer - INFO -   map@5: 0.017666
2026-01-24 22:27:02 - GraphTrainer - INFO -   mrr@5: 0.017883
2026-01-24 22:27:02 - GraphTrainer - INFO -   precision@10: 0.004976
2026-01-24 22:27:02 - GraphTrainer - INFO -   recall@10: 0.049033
2026-01-24 22:27:02 - GraphTrainer - INFO -   hit_rate@10: 0.049661
2026-01-24 22:27:02 - GraphTrainer - INFO -   ndcg@10: 0.026736
2026-01-24 22:27:02 - GraphTrainer - INFO -   map@10: 0.019894
2026-01-24 22:27:02 - GraphTrainer - INFO -   mrr@10: 0.020134
2026-01-24 22:27:02 - GraphTrainer - INFO -   precision@20: 0.003727
2026-01-24 22:27:02 - GraphTrainer - INFO -   recall@20: 0.073387
2026-01-24 22:27:02 - GraphTrainer - INFO -   hit_rate@20: 0.074339
2026-01-24 22:27:02 - GraphTrainer - INFO -   ndcg@20: 0.032869
2026-01-24 22:27:02 - GraphTrainer - INFO -   map@20: 0.021550
2026-01-24 22:27:02 - GraphTrainer - INFO -   mrr@20: 0.021808
2026-01-24 22:27:02 - GraphTrainer - INFO - 第 90 轮训练完成
2026-01-24 22:27:02 - GraphTrainer - INFO - train_loss: 1.018150
2026-01-24 22:27:02 - GraphTrainer - INFO - precision@5: 0.006535
2026-01-24 22:27:02 - GraphTrainer - INFO - recall@5: 0.032147
2026-01-24 22:27:02 - GraphTrainer - INFO - hit_rate@5: 0.032600
2026-01-24 22:27:02 - GraphTrainer - INFO - ndcg@5: 0.021288
2026-01-24 22:27:02 - GraphTrainer - INFO - map@5: 0.017666
2026-01-24 22:27:02 - GraphTrainer - INFO - mrr@5: 0.017883
2026-01-24 22:27:02 - GraphTrainer - INFO - precision@10: 0.004976
2026-01-24 22:27:02 - GraphTrainer - INFO - recall@10: 0.049033
2026-01-24 22:27:02 - GraphTrainer - INFO - hit_rate@10: 0.049661
2026-01-24 22:27:02 - GraphTrainer - INFO - ndcg@10: 0.026736
2026-01-24 22:27:02 - GraphTrainer - INFO - map@10: 0.019894
2026-01-24 22:27:02 - GraphTrainer - INFO - mrr@10: 0.020134
2026-01-24 22:27:02 - GraphTrainer - INFO - precision@20: 0.003727
2026-01-24 22:27:02 - GraphTrainer - INFO - recall@20: 0.073387
2026-01-24 22:27:02 - GraphTrainer - INFO - hit_rate@20: 0.074339
2026-01-24 22:27:02 - GraphTrainer - INFO - ndcg@20: 0.032869
2026-01-24 22:27:02 - GraphTrainer - INFO - map@20: 0.021550
2026-01-24 22:27:02 - GraphTrainer - INFO - mrr@20: 0.021808
2026-01-24 22:27:02 - GraphTrainer - INFO - ------------------------------------------------------------
2026-01-24 22:27:02 - GraphTrainer - INFO - 检查点已保存: Epoch 90 -> ./checkpoints/checkpoint_epoch_90.pth
2026-01-24 22:27:02 - GraphTrainer - INFO - ============================================================
2026-01-24 22:27:02 - GraphTrainer - INFO - 开始第 91/1000 轮训练
2026-01-24 22:27:02 - GraphTrainer - INFO - ============================================================
2026-01-24 22:27:53 - GraphTrainer - INFO - 验证结果:
2026-01-24 22:27:53 - GraphTrainer - INFO -   precision@5: 0.006489
2026-01-24 22:27:53 - GraphTrainer - INFO -   recall@5: 0.032011
2026-01-24 22:27:53 - GraphTrainer - INFO -   hit_rate@5: 0.032396
2026-01-24 22:27:53 - GraphTrainer - INFO -   ndcg@5: 0.021134
2026-01-24 22:27:53 - GraphTrainer - INFO -   map@5: 0.017509
2026-01-24 22:27:53 - GraphTrainer - INFO -   mrr@5: 0.017718
2026-01-24 22:27:53 - GraphTrainer - INFO -   precision@10: 0.004915
2026-01-24 22:27:53 - GraphTrainer - INFO -   recall@10: 0.048472
2026-01-24 22:27:53 - GraphTrainer - INFO -   hit_rate@10: 0.049052
2026-01-24 22:27:53 - GraphTrainer - INFO -   ndcg@10: 0.026424
2026-01-24 22:27:53 - GraphTrainer - INFO -   map@10: 0.019659
2026-01-24 22:27:53 - GraphTrainer - INFO -   mrr@10: 0.019890
2026-01-24 22:27:53 - GraphTrainer - INFO -   precision@20: 0.003716
2026-01-24 22:27:53 - GraphTrainer - INFO -   recall@20: 0.073191
2026-01-24 22:27:53 - GraphTrainer - INFO -   hit_rate@20: 0.074085
2026-01-24 22:27:53 - GraphTrainer - INFO -   ndcg@20: 0.032654
2026-01-24 22:27:53 - GraphTrainer - INFO -   map@20: 0.021344
2026-01-24 22:27:53 - GraphTrainer - INFO -   mrr@20: 0.021592
2026-01-24 22:27:53 - GraphTrainer - INFO - 第 91 轮训练完成
2026-01-24 22:27:53 - GraphTrainer - INFO - train_loss: 1.018409
2026-01-24 22:27:53 - GraphTrainer - INFO - precision@5: 0.006489
2026-01-24 22:27:53 - GraphTrainer - INFO - recall@5: 0.032011
2026-01-24 22:27:53 - GraphTrainer - INFO - hit_rate@5: 0.032396
2026-01-24 22:27:53 - GraphTrainer - INFO - ndcg@5: 0.021134
2026-01-24 22:27:53 - GraphTrainer - INFO - map@5: 0.017509
2026-01-24 22:27:53 - GraphTrainer - INFO - mrr@5: 0.017718
2026-01-24 22:27:53 - GraphTrainer - INFO - precision@10: 0.004915
2026-01-24 22:27:53 - GraphTrainer - INFO - recall@10: 0.048472
2026-01-24 22:27:53 - GraphTrainer - INFO - hit_rate@10: 0.049052
2026-01-24 22:27:53 - GraphTrainer - INFO - ndcg@10: 0.026424
2026-01-24 22:27:53 - GraphTrainer - INFO - map@10: 0.019659
2026-01-24 22:27:53 - GraphTrainer - INFO - mrr@10: 0.019890
2026-01-24 22:27:53 - GraphTrainer - INFO - precision@20: 0.003716
2026-01-24 22:27:53 - GraphTrainer - INFO - recall@20: 0.073191
2026-01-24 22:27:53 - GraphTrainer - INFO - hit_rate@20: 0.074085
2026-01-24 22:27:53 - GraphTrainer - INFO - ndcg@20: 0.032654
2026-01-24 22:27:53 - GraphTrainer - INFO - map@20: 0.021344
2026-01-24 22:27:53 - GraphTrainer - INFO - mrr@20: 0.021592
2026-01-24 22:27:53 - GraphTrainer - INFO - ------------------------------------------------------------
2026-01-24 22:27:53 - GraphTrainer - INFO - ============================================================
2026-01-24 22:27:53 - GraphTrainer - INFO - 开始第 92/1000 轮训练
2026-01-24 22:27:53 - GraphTrainer - INFO - ============================================================
2026-01-24 22:28:45 - GraphTrainer - INFO - 验证结果:
2026-01-24 22:28:45 - GraphTrainer - INFO -   precision@5: 0.006317
2026-01-24 22:28:45 - GraphTrainer - INFO -   recall@5: 0.031114
2026-01-24 22:28:45 - GraphTrainer - INFO -   hit_rate@5: 0.031533
2026-01-24 22:28:45 - GraphTrainer - INFO -   ndcg@5: 0.020865
2026-01-24 22:28:45 - GraphTrainer - INFO -   map@5: 0.017440
2026-01-24 22:28:45 - GraphTrainer - INFO -   mrr@5: 0.017661
2026-01-24 22:28:45 - GraphTrainer - INFO -   precision@10: 0.004951
2026-01-24 22:28:45 - GraphTrainer - INFO -   recall@10: 0.048875
2026-01-24 22:28:45 - GraphTrainer - INFO -   hit_rate@10: 0.049407
2026-01-24 22:28:45 - GraphTrainer - INFO -   ndcg@10: 0.026568
2026-01-24 22:28:45 - GraphTrainer - INFO -   map@10: 0.019762
2026-01-24 22:28:45 - GraphTrainer - INFO -   mrr@10: 0.019995
2026-01-24 22:28:45 - GraphTrainer - INFO -   precision@20: 0.003733
2026-01-24 22:28:45 - GraphTrainer - INFO -   recall@20: 0.073550
2026-01-24 22:28:45 - GraphTrainer - INFO -   hit_rate@20: 0.074466
2026-01-24 22:28:45 - GraphTrainer - INFO -   ndcg@20: 0.032791
2026-01-24 22:28:45 - GraphTrainer - INFO -   map@20: 0.021443
2026-01-24 22:28:45 - GraphTrainer - INFO -   mrr@20: 0.021701
2026-01-24 22:28:45 - GraphTrainer - INFO - 第 92 轮训练完成
2026-01-24 22:28:45 - GraphTrainer - INFO - train_loss: 1.014130
2026-01-24 22:28:45 - GraphTrainer - INFO - precision@5: 0.006317
2026-01-24 22:28:45 - GraphTrainer - INFO - recall@5: 0.031114
2026-01-24 22:28:45 - GraphTrainer - INFO - hit_rate@5: 0.031533
2026-01-24 22:28:45 - GraphTrainer - INFO - ndcg@5: 0.020865
2026-01-24 22:28:45 - GraphTrainer - INFO - map@5: 0.017440
2026-01-24 22:28:45 - GraphTrainer - INFO - mrr@5: 0.017661
2026-01-24 22:28:45 - GraphTrainer - INFO - precision@10: 0.004951
2026-01-24 22:28:45 - GraphTrainer - INFO - recall@10: 0.048875
2026-01-24 22:28:45 - GraphTrainer - INFO - hit_rate@10: 0.049407
2026-01-24 22:28:45 - GraphTrainer - INFO - ndcg@10: 0.026568
2026-01-24 22:28:45 - GraphTrainer - INFO - map@10: 0.019762
2026-01-24 22:28:45 - GraphTrainer - INFO - mrr@10: 0.019995
2026-01-24 22:28:45 - GraphTrainer - INFO - precision@20: 0.003733
2026-01-24 22:28:45 - GraphTrainer - INFO - recall@20: 0.073550
2026-01-24 22:28:45 - GraphTrainer - INFO - hit_rate@20: 0.074466
2026-01-24 22:28:45 - GraphTrainer - INFO - ndcg@20: 0.032791
2026-01-24 22:28:45 - GraphTrainer - INFO - map@20: 0.021443
2026-01-24 22:28:45 - GraphTrainer - INFO - mrr@20: 0.021701
2026-01-24 22:28:45 - GraphTrainer - INFO - ------------------------------------------------------------
2026-01-24 22:28:45 - GraphTrainer - INFO - ============================================================
2026-01-24 22:28:45 - GraphTrainer - INFO - 开始第 93/1000 轮训练
2026-01-24 22:28:45 - GraphTrainer - INFO - ============================================================
2026-01-24 22:29:37 - GraphTrainer - INFO - 验证结果:
2026-01-24 22:29:37 - GraphTrainer - INFO -   precision@5: 0.006434
2026-01-24 22:29:37 - GraphTrainer - INFO -   recall@5: 0.031736
2026-01-24 22:29:37 - GraphTrainer - INFO -   hit_rate@5: 0.032117
2026-01-24 22:29:37 - GraphTrainer - INFO -   ndcg@5: 0.021176
2026-01-24 22:29:37 - GraphTrainer - INFO -   map@5: 0.017657
2026-01-24 22:29:37 - GraphTrainer - INFO -   mrr@5: 0.017851
2026-01-24 22:29:37 - GraphTrainer - INFO -   precision@10: 0.004923
2026-01-24 22:29:37 - GraphTrainer - INFO -   recall@10: 0.048519
2026-01-24 22:29:37 - GraphTrainer - INFO -   hit_rate@10: 0.049102
2026-01-24 22:29:37 - GraphTrainer - INFO -   ndcg@10: 0.026586
2026-01-24 22:29:37 - GraphTrainer - INFO -   map@10: 0.019864
2026-01-24 22:29:37 - GraphTrainer - INFO -   mrr@10: 0.020081
2026-01-24 22:29:37 - GraphTrainer - INFO -   precision@20: 0.003711
2026-01-24 22:29:37 - GraphTrainer - INFO -   recall@20: 0.073087
2026-01-24 22:29:37 - GraphTrainer - INFO -   hit_rate@20: 0.074035
2026-01-24 22:29:37 - GraphTrainer - INFO -   ndcg@20: 0.032780
2026-01-24 22:29:37 - GraphTrainer - INFO -   map@20: 0.021538
2026-01-24 22:29:37 - GraphTrainer - INFO -   mrr@20: 0.021778
2026-01-24 22:29:37 - GraphTrainer - INFO - 第 93 轮训练完成
2026-01-24 22:29:37 - GraphTrainer - INFO - train_loss: 1.008645
2026-01-24 22:29:37 - GraphTrainer - INFO - precision@5: 0.006434
2026-01-24 22:29:37 - GraphTrainer - INFO - recall@5: 0.031736
2026-01-24 22:29:37 - GraphTrainer - INFO - hit_rate@5: 0.032117
2026-01-24 22:29:37 - GraphTrainer - INFO - ndcg@5: 0.021176
2026-01-24 22:29:37 - GraphTrainer - INFO - map@5: 0.017657
2026-01-24 22:29:37 - GraphTrainer - INFO - mrr@5: 0.017851
2026-01-24 22:29:37 - GraphTrainer - INFO - precision@10: 0.004923
2026-01-24 22:29:37 - GraphTrainer - INFO - recall@10: 0.048519
2026-01-24 22:29:37 - GraphTrainer - INFO - hit_rate@10: 0.049102
2026-01-24 22:29:37 - GraphTrainer - INFO - ndcg@10: 0.026586
2026-01-24 22:29:37 - GraphTrainer - INFO - map@10: 0.019864
2026-01-24 22:29:37 - GraphTrainer - INFO - mrr@10: 0.020081
2026-01-24 22:29:37 - GraphTrainer - INFO - precision@20: 0.003711
2026-01-24 22:29:37 - GraphTrainer - INFO - recall@20: 0.073087
2026-01-24 22:29:37 - GraphTrainer - INFO - hit_rate@20: 0.074035
2026-01-24 22:29:37 - GraphTrainer - INFO - ndcg@20: 0.032780
2026-01-24 22:29:37 - GraphTrainer - INFO - map@20: 0.021538
2026-01-24 22:29:37 - GraphTrainer - INFO - mrr@20: 0.021778
2026-01-24 22:29:37 - GraphTrainer - INFO - ------------------------------------------------------------
2026-01-24 22:29:37 - GraphTrainer - INFO - ============================================================
2026-01-24 22:29:37 - GraphTrainer - INFO - 开始第 94/1000 轮训练
2026-01-24 22:29:37 - GraphTrainer - INFO - ============================================================
2026-01-24 22:30:29 - GraphTrainer - INFO - 验证结果:
2026-01-24 22:30:29 - GraphTrainer - INFO -   precision@5: 0.006439
2026-01-24 22:30:29 - GraphTrainer - INFO -   recall@5: 0.031762
2026-01-24 22:30:29 - GraphTrainer - INFO -   hit_rate@5: 0.032143
2026-01-24 22:30:29 - GraphTrainer - INFO -   ndcg@5: 0.021083
2026-01-24 22:30:29 - GraphTrainer - INFO -   map@5: 0.017521
2026-01-24 22:30:29 - GraphTrainer - INFO -   mrr@5: 0.017730
2026-01-24 22:30:29 - GraphTrainer - INFO -   precision@10: 0.004943
2026-01-24 22:30:29 - GraphTrainer - INFO -   recall@10: 0.048709
2026-01-24 22:30:29 - GraphTrainer - INFO -   hit_rate@10: 0.049331
2026-01-24 22:30:29 - GraphTrainer - INFO -   ndcg@10: 0.026530
2026-01-24 22:30:29 - GraphTrainer - INFO -   map@10: 0.019732
2026-01-24 22:30:29 - GraphTrainer - INFO -   mrr@10: 0.019968
2026-01-24 22:30:29 - GraphTrainer - INFO -   precision@20: 0.003756
2026-01-24 22:30:29 - GraphTrainer - INFO -   recall@20: 0.074021
2026-01-24 22:30:29 - GraphTrainer - INFO -   hit_rate@20: 0.074949
2026-01-24 22:30:29 - GraphTrainer - INFO -   ndcg@20: 0.032902
2026-01-24 22:30:29 - GraphTrainer - INFO -   map@20: 0.021453
2026-01-24 22:30:29 - GraphTrainer - INFO -   mrr@20: 0.021708
2026-01-24 22:30:29 - GraphTrainer - INFO - 第 94 轮训练完成
2026-01-24 22:30:29 - GraphTrainer - INFO - train_loss: 1.009334
2026-01-24 22:30:29 - GraphTrainer - INFO - precision@5: 0.006439
2026-01-24 22:30:29 - GraphTrainer - INFO - recall@5: 0.031762
2026-01-24 22:30:29 - GraphTrainer - INFO - hit_rate@5: 0.032143
2026-01-24 22:30:29 - GraphTrainer - INFO - ndcg@5: 0.021083
2026-01-24 22:30:29 - GraphTrainer - INFO - map@5: 0.017521
2026-01-24 22:30:29 - GraphTrainer - INFO - mrr@5: 0.017730
2026-01-24 22:30:29 - GraphTrainer - INFO - precision@10: 0.004943
2026-01-24 22:30:29 - GraphTrainer - INFO - recall@10: 0.048709
2026-01-24 22:30:29 - GraphTrainer - INFO - hit_rate@10: 0.049331
2026-01-24 22:30:29 - GraphTrainer - INFO - ndcg@10: 0.026530
2026-01-24 22:30:29 - GraphTrainer - INFO - map@10: 0.019732
2026-01-24 22:30:29 - GraphTrainer - INFO - mrr@10: 0.019968
2026-01-24 22:30:29 - GraphTrainer - INFO - precision@20: 0.003756
2026-01-24 22:30:29 - GraphTrainer - INFO - recall@20: 0.074021
2026-01-24 22:30:29 - GraphTrainer - INFO - hit_rate@20: 0.074949
2026-01-24 22:30:29 - GraphTrainer - INFO - ndcg@20: 0.032902
2026-01-24 22:30:29 - GraphTrainer - INFO - map@20: 0.021453
2026-01-24 22:30:29 - GraphTrainer - INFO - mrr@20: 0.021708
2026-01-24 22:30:29 - GraphTrainer - INFO - ------------------------------------------------------------
2026-01-24 22:30:29 - GraphTrainer - INFO - ============================================================
2026-01-24 22:30:29 - GraphTrainer - INFO - 开始第 95/1000 轮训练
2026-01-24 22:30:29 - GraphTrainer - INFO - ============================================================
2026-01-24 22:31:21 - GraphTrainer - INFO - 验证结果:
2026-01-24 22:31:21 - GraphTrainer - INFO -   precision@5: 0.006418
2026-01-24 22:31:21 - GraphTrainer - INFO -   recall@5: 0.031634
2026-01-24 22:31:21 - GraphTrainer - INFO -   hit_rate@5: 0.032041
2026-01-24 22:31:21 - GraphTrainer - INFO -   ndcg@5: 0.020916
2026-01-24 22:31:21 - GraphTrainer - INFO -   map@5: 0.017344
2026-01-24 22:31:21 - GraphTrainer - INFO -   mrr@5: 0.017546
2026-01-24 22:31:21 - GraphTrainer - INFO -   precision@10: 0.004958
2026-01-24 22:31:21 - GraphTrainer - INFO -   recall@10: 0.048828
2026-01-24 22:31:21 - GraphTrainer - INFO -   hit_rate@10: 0.049458
2026-01-24 22:31:21 - GraphTrainer - INFO -   ndcg@10: 0.026457
2026-01-24 22:31:21 - GraphTrainer - INFO -   map@10: 0.019604
2026-01-24 22:31:21 - GraphTrainer - INFO -   mrr@10: 0.019830
2026-01-24 22:31:21 - GraphTrainer - INFO -   precision@20: 0.003745
2026-01-24 22:31:21 - GraphTrainer - INFO -   recall@20: 0.073787
2026-01-24 22:31:21 - GraphTrainer - INFO -   hit_rate@20: 0.074720
2026-01-24 22:31:21 - GraphTrainer - INFO -   ndcg@20: 0.032750
2026-01-24 22:31:21 - GraphTrainer - INFO -   map@20: 0.021308
2026-01-24 22:31:21 - GraphTrainer - INFO -   mrr@20: 0.021553
2026-01-24 22:31:21 - GraphTrainer - INFO - 第 95 轮训练完成
2026-01-24 22:31:21 - GraphTrainer - INFO - train_loss: 1.005836
2026-01-24 22:31:21 - GraphTrainer - INFO - precision@5: 0.006418
2026-01-24 22:31:21 - GraphTrainer - INFO - recall@5: 0.031634
2026-01-24 22:31:21 - GraphTrainer - INFO - hit_rate@5: 0.032041
2026-01-24 22:31:21 - GraphTrainer - INFO - ndcg@5: 0.020916
2026-01-24 22:31:21 - GraphTrainer - INFO - map@5: 0.017344
2026-01-24 22:31:21 - GraphTrainer - INFO - mrr@5: 0.017546
2026-01-24 22:31:21 - GraphTrainer - INFO - precision@10: 0.004958
2026-01-24 22:31:21 - GraphTrainer - INFO - recall@10: 0.048828
2026-01-24 22:31:21 - GraphTrainer - INFO - hit_rate@10: 0.049458
2026-01-24 22:31:21 - GraphTrainer - INFO - ndcg@10: 0.026457
2026-01-24 22:31:21 - GraphTrainer - INFO - map@10: 0.019604
2026-01-24 22:31:21 - GraphTrainer - INFO - mrr@10: 0.019830
2026-01-24 22:31:21 - GraphTrainer - INFO - precision@20: 0.003745
2026-01-24 22:31:21 - GraphTrainer - INFO - recall@20: 0.073787
2026-01-24 22:31:21 - GraphTrainer - INFO - hit_rate@20: 0.074720
2026-01-24 22:31:21 - GraphTrainer - INFO - ndcg@20: 0.032750
2026-01-24 22:31:21 - GraphTrainer - INFO - map@20: 0.021308
2026-01-24 22:31:21 - GraphTrainer - INFO - mrr@20: 0.021553
2026-01-24 22:31:21 - GraphTrainer - INFO - ------------------------------------------------------------
2026-01-24 22:31:21 - GraphTrainer - INFO - ============================================================
2026-01-24 22:31:21 - GraphTrainer - INFO - 开始第 96/1000 轮训练
2026-01-24 22:31:21 - GraphTrainer - INFO - ============================================================
2026-01-24 22:32:12 - GraphTrainer - INFO - 验证结果:
2026-01-24 22:32:12 - GraphTrainer - INFO -   precision@5: 0.006398
2026-01-24 22:32:12 - GraphTrainer - INFO -   recall@5: 0.031510
2026-01-24 22:32:12 - GraphTrainer - INFO -   hit_rate@5: 0.031939
2026-01-24 22:32:12 - GraphTrainer - INFO -   ndcg@5: 0.020917
2026-01-24 22:32:12 - GraphTrainer - INFO -   map@5: 0.017368
2026-01-24 22:32:12 - GraphTrainer - INFO -   mrr@5: 0.017588
2026-01-24 22:32:12 - GraphTrainer - INFO -   precision@10: 0.004971
2026-01-24 22:32:12 - GraphTrainer - INFO -   recall@10: 0.048929
2026-01-24 22:32:12 - GraphTrainer - INFO -   hit_rate@10: 0.049585
2026-01-24 22:32:12 - GraphTrainer - INFO -   ndcg@10: 0.026537
2026-01-24 22:32:12 - GraphTrainer - INFO -   map@10: 0.019662
2026-01-24 22:32:12 - GraphTrainer - INFO -   mrr@10: 0.019907
2026-01-24 22:32:12 - GraphTrainer - INFO -   precision@20: 0.003702
2026-01-24 22:32:12 - GraphTrainer - INFO -   recall@20: 0.072949
2026-01-24 22:32:12 - GraphTrainer - INFO -   hit_rate@20: 0.073857
2026-01-24 22:32:12 - GraphTrainer - INFO -   ndcg@20: 0.032573
2026-01-24 22:32:12 - GraphTrainer - INFO -   map@20: 0.021288
2026-01-24 22:32:12 - GraphTrainer - INFO -   mrr@20: 0.021548
2026-01-24 22:32:12 - GraphTrainer - INFO - 第 96 轮训练完成
2026-01-24 22:32:12 - GraphTrainer - INFO - train_loss: 1.000191
2026-01-24 22:32:12 - GraphTrainer - INFO - precision@5: 0.006398
2026-01-24 22:32:12 - GraphTrainer - INFO - recall@5: 0.031510
2026-01-24 22:32:12 - GraphTrainer - INFO - hit_rate@5: 0.031939
2026-01-24 22:32:12 - GraphTrainer - INFO - ndcg@5: 0.020917
2026-01-24 22:32:12 - GraphTrainer - INFO - map@5: 0.017368
2026-01-24 22:32:12 - GraphTrainer - INFO - mrr@5: 0.017588
2026-01-24 22:32:12 - GraphTrainer - INFO - precision@10: 0.004971
2026-01-24 22:32:12 - GraphTrainer - INFO - recall@10: 0.048929
2026-01-24 22:32:12 - GraphTrainer - INFO - hit_rate@10: 0.049585
2026-01-24 22:32:12 - GraphTrainer - INFO - ndcg@10: 0.026537
2026-01-24 22:32:12 - GraphTrainer - INFO - map@10: 0.019662
2026-01-24 22:32:12 - GraphTrainer - INFO - mrr@10: 0.019907
2026-01-24 22:32:12 - GraphTrainer - INFO - precision@20: 0.003702
2026-01-24 22:32:12 - GraphTrainer - INFO - recall@20: 0.072949
2026-01-24 22:32:12 - GraphTrainer - INFO - hit_rate@20: 0.073857
2026-01-24 22:32:12 - GraphTrainer - INFO - ndcg@20: 0.032573
2026-01-24 22:32:12 - GraphTrainer - INFO - map@20: 0.021288
2026-01-24 22:32:12 - GraphTrainer - INFO - mrr@20: 0.021548
2026-01-24 22:32:12 - GraphTrainer - INFO - ------------------------------------------------------------
2026-01-24 22:32:12 - GraphTrainer - INFO - ============================================================
2026-01-24 22:32:12 - GraphTrainer - INFO - 开始第 97/1000 轮训练
2026-01-24 22:32:12 - GraphTrainer - INFO - ============================================================
2026-01-24 22:33:04 - GraphTrainer - INFO - 验证结果:
2026-01-24 22:33:04 - GraphTrainer - INFO -   precision@5: 0.006302
2026-01-24 22:33:04 - GraphTrainer - INFO -   recall@5: 0.031013
2026-01-24 22:33:04 - GraphTrainer - INFO -   hit_rate@5: 0.031457
2026-01-24 22:33:04 - GraphTrainer - INFO -   ndcg@5: 0.020741
2026-01-24 22:33:04 - GraphTrainer - INFO -   map@5: 0.017299
2026-01-24 22:33:04 - GraphTrainer - INFO -   mrr@5: 0.017541
2026-01-24 22:33:04 - GraphTrainer - INFO -   precision@10: 0.004928
2026-01-24 22:33:04 - GraphTrainer - INFO -   recall@10: 0.048582
2026-01-24 22:33:04 - GraphTrainer - INFO -   hit_rate@10: 0.049153
2026-01-24 22:33:04 - GraphTrainer - INFO -   ndcg@10: 0.026386
2026-01-24 22:33:04 - GraphTrainer - INFO -   map@10: 0.019598
2026-01-24 22:33:04 - GraphTrainer - INFO -   mrr@10: 0.019851
2026-01-24 22:33:04 - GraphTrainer - INFO -   precision@20: 0.003736
2026-01-24 22:33:04 - GraphTrainer - INFO -   recall@20: 0.073545
2026-01-24 22:33:04 - GraphTrainer - INFO -   hit_rate@20: 0.074517
2026-01-24 22:33:04 - GraphTrainer - INFO -   ndcg@20: 0.032666
2026-01-24 22:33:04 - GraphTrainer - INFO -   map@20: 0.021287
2026-01-24 22:33:04 - GraphTrainer - INFO -   mrr@20: 0.021567
2026-01-24 22:33:04 - GraphTrainer - INFO - 第 97 轮训练完成
2026-01-24 22:33:04 - GraphTrainer - INFO - train_loss: 0.998531
2026-01-24 22:33:04 - GraphTrainer - INFO - precision@5: 0.006302
2026-01-24 22:33:04 - GraphTrainer - INFO - recall@5: 0.031013
2026-01-24 22:33:04 - GraphTrainer - INFO - hit_rate@5: 0.031457
2026-01-24 22:33:04 - GraphTrainer - INFO - ndcg@5: 0.020741
2026-01-24 22:33:04 - GraphTrainer - INFO - map@5: 0.017299
2026-01-24 22:33:04 - GraphTrainer - INFO - mrr@5: 0.017541
2026-01-24 22:33:04 - GraphTrainer - INFO - precision@10: 0.004928
2026-01-24 22:33:04 - GraphTrainer - INFO - recall@10: 0.048582
2026-01-24 22:33:04 - GraphTrainer - INFO - hit_rate@10: 0.049153
2026-01-24 22:33:04 - GraphTrainer - INFO - ndcg@10: 0.026386
2026-01-24 22:33:04 - GraphTrainer - INFO - map@10: 0.019598
2026-01-24 22:33:04 - GraphTrainer - INFO - mrr@10: 0.019851
2026-01-24 22:33:04 - GraphTrainer - INFO - precision@20: 0.003736
2026-01-24 22:33:04 - GraphTrainer - INFO - recall@20: 0.073545
2026-01-24 22:33:04 - GraphTrainer - INFO - hit_rate@20: 0.074517
2026-01-24 22:33:04 - GraphTrainer - INFO - ndcg@20: 0.032666
2026-01-24 22:33:04 - GraphTrainer - INFO - map@20: 0.021287
2026-01-24 22:33:04 - GraphTrainer - INFO - mrr@20: 0.021567
2026-01-24 22:33:04 - GraphTrainer - INFO - ------------------------------------------------------------
2026-01-24 22:33:04 - GraphTrainer - INFO - ============================================================
2026-01-24 22:33:04 - GraphTrainer - INFO - 开始第 98/1000 轮训练
2026-01-24 22:33:04 - GraphTrainer - INFO - ============================================================
2026-01-24 22:33:56 - GraphTrainer - INFO - 验证结果:
2026-01-24 22:33:56 - GraphTrainer - INFO -   precision@5: 0.006418
2026-01-24 22:33:56 - GraphTrainer - INFO -   recall@5: 0.031609
2026-01-24 22:33:56 - GraphTrainer - INFO -   hit_rate@5: 0.032041
2026-01-24 22:33:56 - GraphTrainer - INFO -   ndcg@5: 0.020993
2026-01-24 22:33:56 - GraphTrainer - INFO -   map@5: 0.017444
2026-01-24 22:33:56 - GraphTrainer - INFO -   mrr@5: 0.017675
2026-01-24 22:33:56 - GraphTrainer - INFO -   precision@10: 0.004956
2026-01-24 22:33:56 - GraphTrainer - INFO -   recall@10: 0.048809
2026-01-24 22:33:56 - GraphTrainer - INFO -   hit_rate@10: 0.049458
2026-01-24 22:33:56 - GraphTrainer - INFO -   ndcg@10: 0.026539
2026-01-24 22:33:56 - GraphTrainer - INFO -   map@10: 0.019708
2026-01-24 22:33:56 - GraphTrainer - INFO -   mrr@10: 0.019962
2026-01-24 22:33:56 - GraphTrainer - INFO -   precision@20: 0.003768
2026-01-24 22:33:56 - GraphTrainer - INFO -   recall@20: 0.074215
2026-01-24 22:33:56 - GraphTrainer - INFO -   hit_rate@20: 0.075177
2026-01-24 22:33:56 - GraphTrainer - INFO -   ndcg@20: 0.032931
2026-01-24 22:33:56 - GraphTrainer - INFO -   map@20: 0.021431
2026-01-24 22:33:56 - GraphTrainer - INFO -   mrr@20: 0.021704
2026-01-24 22:33:56 - GraphTrainer - INFO - 第 98 轮训练完成
2026-01-24 22:33:56 - GraphTrainer - INFO - train_loss: 0.981456
2026-01-24 22:33:56 - GraphTrainer - INFO - precision@5: 0.006418
2026-01-24 22:33:56 - GraphTrainer - INFO - recall@5: 0.031609
2026-01-24 22:33:56 - GraphTrainer - INFO - hit_rate@5: 0.032041
2026-01-24 22:33:56 - GraphTrainer - INFO - ndcg@5: 0.020993
2026-01-24 22:33:56 - GraphTrainer - INFO - map@5: 0.017444
2026-01-24 22:33:56 - GraphTrainer - INFO - mrr@5: 0.017675
2026-01-24 22:33:56 - GraphTrainer - INFO - precision@10: 0.004956
2026-01-24 22:33:56 - GraphTrainer - INFO - recall@10: 0.048809
2026-01-24 22:33:56 - GraphTrainer - INFO - hit_rate@10: 0.049458
2026-01-24 22:33:56 - GraphTrainer - INFO - ndcg@10: 0.026539
2026-01-24 22:33:56 - GraphTrainer - INFO - map@10: 0.019708
2026-01-24 22:33:56 - GraphTrainer - INFO - mrr@10: 0.019962
2026-01-24 22:33:56 - GraphTrainer - INFO - precision@20: 0.003768
2026-01-24 22:33:56 - GraphTrainer - INFO - recall@20: 0.074215
2026-01-24 22:33:56 - GraphTrainer - INFO - hit_rate@20: 0.075177
2026-01-24 22:33:56 - GraphTrainer - INFO - ndcg@20: 0.032931
2026-01-24 22:33:56 - GraphTrainer - INFO - map@20: 0.021431
2026-01-24 22:33:56 - GraphTrainer - INFO - mrr@20: 0.021704
2026-01-24 22:33:56 - GraphTrainer - INFO - ------------------------------------------------------------
2026-01-24 22:33:56 - GraphTrainer - INFO - ============================================================
2026-01-24 22:33:56 - GraphTrainer - INFO - 开始第 99/1000 轮训练
2026-01-24 22:33:56 - GraphTrainer - INFO - ============================================================
2026-01-24 22:34:48 - GraphTrainer - INFO - 验证结果:
2026-01-24 22:34:48 - GraphTrainer - INFO -   precision@5: 0.006515
2026-01-24 22:34:48 - GraphTrainer - INFO -   recall@5: 0.032085
2026-01-24 22:34:48 - GraphTrainer - INFO -   hit_rate@5: 0.032523
2026-01-24 22:34:48 - GraphTrainer - INFO -   ndcg@5: 0.021191
2026-01-24 22:34:48 - GraphTrainer - INFO -   map@5: 0.017548
2026-01-24 22:34:48 - GraphTrainer - INFO -   mrr@5: 0.017778
2026-01-24 22:34:48 - GraphTrainer - INFO -   precision@10: 0.005014
2026-01-24 22:34:48 - GraphTrainer - INFO -   recall@10: 0.049433
2026-01-24 22:34:48 - GraphTrainer - INFO -   hit_rate@10: 0.050042
2026-01-24 22:34:48 - GraphTrainer - INFO -   ndcg@10: 0.026765
2026-01-24 22:34:48 - GraphTrainer - INFO -   map@10: 0.019815
2026-01-24 22:34:48 - GraphTrainer - INFO -   mrr@10: 0.020063
2026-01-24 22:34:48 - GraphTrainer - INFO -   precision@20: 0.003796
2026-01-24 22:34:48 - GraphTrainer - INFO -   recall@20: 0.074747
2026-01-24 22:34:48 - GraphTrainer - INFO -   hit_rate@20: 0.075710
2026-01-24 22:34:48 - GraphTrainer - INFO -   ndcg@20: 0.033153
2026-01-24 22:34:48 - GraphTrainer - INFO -   map@20: 0.021545
2026-01-24 22:34:48 - GraphTrainer - INFO -   mrr@20: 0.021815
2026-01-24 22:34:48 - GraphTrainer - INFO - 第 99 轮训练完成
2026-01-24 22:34:48 - GraphTrainer - INFO - train_loss: 0.981292
2026-01-24 22:34:48 - GraphTrainer - INFO - precision@5: 0.006515
2026-01-24 22:34:48 - GraphTrainer - INFO - recall@5: 0.032085
2026-01-24 22:34:48 - GraphTrainer - INFO - hit_rate@5: 0.032523
2026-01-24 22:34:48 - GraphTrainer - INFO - ndcg@5: 0.021191
2026-01-24 22:34:48 - GraphTrainer - INFO - map@5: 0.017548
2026-01-24 22:34:48 - GraphTrainer - INFO - mrr@5: 0.017778
2026-01-24 22:34:48 - GraphTrainer - INFO - precision@10: 0.005014
2026-01-24 22:34:48 - GraphTrainer - INFO - recall@10: 0.049433
2026-01-24 22:34:48 - GraphTrainer - INFO - hit_rate@10: 0.050042
2026-01-24 22:34:48 - GraphTrainer - INFO - ndcg@10: 0.026765
2026-01-24 22:34:48 - GraphTrainer - INFO - map@10: 0.019815
2026-01-24 22:34:48 - GraphTrainer - INFO - mrr@10: 0.020063
2026-01-24 22:34:48 - GraphTrainer - INFO - precision@20: 0.003796
2026-01-24 22:34:48 - GraphTrainer - INFO - recall@20: 0.074747
2026-01-24 22:34:48 - GraphTrainer - INFO - hit_rate@20: 0.075710
2026-01-24 22:34:48 - GraphTrainer - INFO - ndcg@20: 0.033153
2026-01-24 22:34:48 - GraphTrainer - INFO - map@20: 0.021545
2026-01-24 22:34:48 - GraphTrainer - INFO - mrr@20: 0.021815
2026-01-24 22:34:48 - GraphTrainer - INFO - ------------------------------------------------------------
2026-01-24 22:34:48 - GraphTrainer - INFO - ============================================================
2026-01-24 22:34:48 - GraphTrainer - INFO - 开始第 100/1000 轮训练
2026-01-24 22:34:48 - GraphTrainer - INFO - ============================================================
2026-01-24 22:35:39 - GraphTrainer - INFO - 验证结果:
2026-01-24 22:35:39 - GraphTrainer - INFO -   precision@5: 0.006545
2026-01-24 22:35:39 - GraphTrainer - INFO -   recall@5: 0.032242
2026-01-24 22:35:39 - GraphTrainer - INFO -   hit_rate@5: 0.032676
2026-01-24 22:35:39 - GraphTrainer - INFO -   ndcg@5: 0.021385
2026-01-24 22:35:39 - GraphTrainer - INFO -   map@5: 0.017760
2026-01-24 22:35:39 - GraphTrainer - INFO -   mrr@5: 0.017993
2026-01-24 22:35:39 - GraphTrainer - INFO -   precision@10: 0.004984
2026-01-24 22:35:39 - GraphTrainer - INFO -   recall@10: 0.049098
2026-01-24 22:35:39 - GraphTrainer - INFO -   hit_rate@10: 0.049737
2026-01-24 22:35:39 - GraphTrainer - INFO -   ndcg@10: 0.026806
2026-01-24 22:35:39 - GraphTrainer - INFO -   map@10: 0.019966
2026-01-24 22:35:39 - GraphTrainer - INFO -   mrr@10: 0.020221
2026-01-24 22:35:39 - GraphTrainer - INFO -   precision@20: 0.003805
2026-01-24 22:35:39 - GraphTrainer - INFO -   recall@20: 0.074942
2026-01-24 22:35:39 - GraphTrainer - INFO -   hit_rate@20: 0.075913
2026-01-24 22:35:39 - GraphTrainer - INFO -   ndcg@20: 0.033325
2026-01-24 22:35:39 - GraphTrainer - INFO -   map@20: 0.021732
2026-01-24 22:35:39 - GraphTrainer - INFO -   mrr@20: 0.022008
2026-01-24 22:35:39 - GraphTrainer - INFO - 第 100 轮训练完成
2026-01-24 22:35:39 - GraphTrainer - INFO - train_loss: 0.972587
2026-01-24 22:35:39 - GraphTrainer - INFO - precision@5: 0.006545
2026-01-24 22:35:39 - GraphTrainer - INFO - recall@5: 0.032242
2026-01-24 22:35:39 - GraphTrainer - INFO - hit_rate@5: 0.032676
2026-01-24 22:35:39 - GraphTrainer - INFO - ndcg@5: 0.021385
2026-01-24 22:35:39 - GraphTrainer - INFO - map@5: 0.017760
2026-01-24 22:35:39 - GraphTrainer - INFO - mrr@5: 0.017993
2026-01-24 22:35:39 - GraphTrainer - INFO - precision@10: 0.004984
2026-01-24 22:35:39 - GraphTrainer - INFO - recall@10: 0.049098
2026-01-24 22:35:39 - GraphTrainer - INFO - hit_rate@10: 0.049737
2026-01-24 22:35:39 - GraphTrainer - INFO - ndcg@10: 0.026806
2026-01-24 22:35:39 - GraphTrainer - INFO - map@10: 0.019966
2026-01-24 22:35:39 - GraphTrainer - INFO - mrr@10: 0.020221
2026-01-24 22:35:39 - GraphTrainer - INFO - precision@20: 0.003805
2026-01-24 22:35:39 - GraphTrainer - INFO - recall@20: 0.074942
2026-01-24 22:35:39 - GraphTrainer - INFO - hit_rate@20: 0.075913
2026-01-24 22:35:39 - GraphTrainer - INFO - ndcg@20: 0.033325
2026-01-24 22:35:39 - GraphTrainer - INFO - map@20: 0.021732
2026-01-24 22:35:39 - GraphTrainer - INFO - mrr@20: 0.022008
2026-01-24 22:35:39 - GraphTrainer - INFO - ------------------------------------------------------------
2026-01-24 22:35:40 - GraphTrainer - INFO - 检查点已保存: Epoch 100 -> ./checkpoints/checkpoint_epoch_100.pth
2026-01-24 22:35:40 - GraphTrainer - INFO - ============================================================
2026-01-24 22:35:40 - GraphTrainer - INFO - 开始第 101/1000 轮训练
2026-01-24 22:35:40 - GraphTrainer - INFO - ============================================================
2026-01-24 22:36:31 - GraphTrainer - INFO - 验证结果:
2026-01-24 22:36:31 - GraphTrainer - INFO -   precision@5: 0.006495
2026-01-24 22:36:31 - GraphTrainer - INFO -   recall@5: 0.031963
2026-01-24 22:36:31 - GraphTrainer - INFO -   hit_rate@5: 0.032422
2026-01-24 22:36:31 - GraphTrainer - INFO -   ndcg@5: 0.021293
2026-01-24 22:36:31 - GraphTrainer - INFO -   map@5: 0.017723
2026-01-24 22:36:31 - GraphTrainer - INFO -   mrr@5: 0.017966
2026-01-24 22:36:31 - GraphTrainer - INFO -   precision@10: 0.005035
2026-01-24 22:36:31 - GraphTrainer - INFO -   recall@10: 0.049638
2026-01-24 22:36:31 - GraphTrainer - INFO -   hit_rate@10: 0.050220
2026-01-24 22:36:31 - GraphTrainer - INFO -   ndcg@10: 0.026963
2026-01-24 22:36:31 - GraphTrainer - INFO -   map@10: 0.020026
2026-01-24 22:36:31 - GraphTrainer - INFO -   mrr@10: 0.020280
2026-01-24 22:36:31 - GraphTrainer - INFO -   precision@20: 0.003783
2026-01-24 22:36:31 - GraphTrainer - INFO -   recall@20: 0.074511
2026-01-24 22:36:31 - GraphTrainer - INFO -   hit_rate@20: 0.075482
2026-01-24 22:36:31 - GraphTrainer - INFO -   ndcg@20: 0.033244
2026-01-24 22:36:31 - GraphTrainer - INFO -   map@20: 0.021729
2026-01-24 22:36:31 - GraphTrainer - INFO -   mrr@20: 0.022008
2026-01-24 22:36:31 - GraphTrainer - INFO - 第 101 轮训练完成
2026-01-24 22:36:31 - GraphTrainer - INFO - train_loss: 0.978800
2026-01-24 22:36:31 - GraphTrainer - INFO - precision@5: 0.006495
2026-01-24 22:36:31 - GraphTrainer - INFO - recall@5: 0.031963
2026-01-24 22:36:31 - GraphTrainer - INFO - hit_rate@5: 0.032422
2026-01-24 22:36:31 - GraphTrainer - INFO - ndcg@5: 0.021293
2026-01-24 22:36:31 - GraphTrainer - INFO - map@5: 0.017723
2026-01-24 22:36:31 - GraphTrainer - INFO - mrr@5: 0.017966
2026-01-24 22:36:31 - GraphTrainer - INFO - precision@10: 0.005035
2026-01-24 22:36:31 - GraphTrainer - INFO - recall@10: 0.049638
2026-01-24 22:36:31 - GraphTrainer - INFO - hit_rate@10: 0.050220
2026-01-24 22:36:31 - GraphTrainer - INFO - ndcg@10: 0.026963
2026-01-24 22:36:31 - GraphTrainer - INFO - map@10: 0.020026
2026-01-24 22:36:31 - GraphTrainer - INFO - mrr@10: 0.020280
2026-01-24 22:36:31 - GraphTrainer - INFO - precision@20: 0.003783
2026-01-24 22:36:31 - GraphTrainer - INFO - recall@20: 0.074511
2026-01-24 22:36:31 - GraphTrainer - INFO - hit_rate@20: 0.075482
2026-01-24 22:36:31 - GraphTrainer - INFO - ndcg@20: 0.033244
2026-01-24 22:36:31 - GraphTrainer - INFO - map@20: 0.021729
2026-01-24 22:36:31 - GraphTrainer - INFO - mrr@20: 0.022008
2026-01-24 22:36:31 - GraphTrainer - INFO - ------------------------------------------------------------
2026-01-24 22:36:31 - GraphTrainer - INFO - ============================================================
2026-01-24 22:36:31 - GraphTrainer - INFO - 开始第 102/1000 轮训练
2026-01-24 22:36:31 - GraphTrainer - INFO - ============================================================
2026-01-24 22:37:23 - GraphTrainer - INFO - 验证结果:
2026-01-24 22:37:23 - GraphTrainer - INFO -   precision@5: 0.006484
2026-01-24 22:37:23 - GraphTrainer - INFO -   recall@5: 0.031933
2026-01-24 22:37:23 - GraphTrainer - INFO -   hit_rate@5: 0.032371
2026-01-24 22:37:23 - GraphTrainer - INFO -   ndcg@5: 0.021214
2026-01-24 22:37:23 - GraphTrainer - INFO -   map@5: 0.017632
2026-01-24 22:37:23 - GraphTrainer - INFO -   mrr@5: 0.017861
2026-01-24 22:37:23 - GraphTrainer - INFO -   precision@10: 0.004971
2026-01-24 22:37:23 - GraphTrainer - INFO -   recall@10: 0.048990
2026-01-24 22:37:23 - GraphTrainer - INFO -   hit_rate@10: 0.049610
2026-01-24 22:37:23 - GraphTrainer - INFO -   ndcg@10: 0.026716
2026-01-24 22:37:23 - GraphTrainer - INFO -   map@10: 0.019881
2026-01-24 22:37:23 - GraphTrainer - INFO -   mrr@10: 0.020129
2026-01-24 22:37:23 - GraphTrainer - INFO -   precision@20: 0.003786
2026-01-24 22:37:23 - GraphTrainer - INFO -   recall@20: 0.074598
2026-01-24 22:37:23 - GraphTrainer - INFO -   hit_rate@20: 0.075533
2026-01-24 22:37:23 - GraphTrainer - INFO -   ndcg@20: 0.033168
2026-01-24 22:37:23 - GraphTrainer - INFO -   map@20: 0.021626
2026-01-24 22:37:23 - GraphTrainer - INFO -   mrr@20: 0.021892
2026-01-24 22:37:23 - GraphTrainer - INFO - 第 102 轮训练完成
2026-01-24 22:37:23 - GraphTrainer - INFO - train_loss: 0.970469
2026-01-24 22:37:23 - GraphTrainer - INFO - precision@5: 0.006484
2026-01-24 22:37:23 - GraphTrainer - INFO - recall@5: 0.031933
2026-01-24 22:37:23 - GraphTrainer - INFO - hit_rate@5: 0.032371
2026-01-24 22:37:23 - GraphTrainer - INFO - ndcg@5: 0.021214
2026-01-24 22:37:23 - GraphTrainer - INFO - map@5: 0.017632
2026-01-24 22:37:23 - GraphTrainer - INFO - mrr@5: 0.017861
2026-01-24 22:37:23 - GraphTrainer - INFO - precision@10: 0.004971
2026-01-24 22:37:23 - GraphTrainer - INFO - recall@10: 0.048990
2026-01-24 22:37:23 - GraphTrainer - INFO - hit_rate@10: 0.049610
2026-01-24 22:37:23 - GraphTrainer - INFO - ndcg@10: 0.026716
2026-01-24 22:37:23 - GraphTrainer - INFO - map@10: 0.019881
2026-01-24 22:37:23 - GraphTrainer - INFO - mrr@10: 0.020129
2026-01-24 22:37:23 - GraphTrainer - INFO - precision@20: 0.003786
2026-01-24 22:37:23 - GraphTrainer - INFO - recall@20: 0.074598
2026-01-24 22:37:23 - GraphTrainer - INFO - hit_rate@20: 0.075533
2026-01-24 22:37:23 - GraphTrainer - INFO - ndcg@20: 0.033168
2026-01-24 22:37:23 - GraphTrainer - INFO - map@20: 0.021626
2026-01-24 22:37:23 - GraphTrainer - INFO - mrr@20: 0.021892
2026-01-24 22:37:23 - GraphTrainer - INFO - ------------------------------------------------------------
2026-01-24 22:37:23 - GraphTrainer - INFO - ============================================================
2026-01-24 22:37:23 - GraphTrainer - INFO - 开始第 103/1000 轮训练
2026-01-24 22:37:23 - GraphTrainer - INFO - ============================================================
2026-01-24 22:38:15 - GraphTrainer - INFO - 验证结果:
2026-01-24 22:38:15 - GraphTrainer - INFO -   precision@5: 0.006510
2026-01-24 22:38:15 - GraphTrainer - INFO -   recall@5: 0.032047
2026-01-24 22:38:15 - GraphTrainer - INFO -   hit_rate@5: 0.032498
2026-01-24 22:38:15 - GraphTrainer - INFO -   ndcg@5: 0.021226
2026-01-24 22:38:15 - GraphTrainer - INFO -   map@5: 0.017602
2026-01-24 22:38:15 - GraphTrainer - INFO -   mrr@5: 0.017838
2026-01-24 22:38:15 - GraphTrainer - INFO -   precision@10: 0.005014
2026-01-24 22:38:15 - GraphTrainer - INFO -   recall@10: 0.049439
2026-01-24 22:38:15 - GraphTrainer - INFO -   hit_rate@10: 0.050042
2026-01-24 22:38:15 - GraphTrainer - INFO -   ndcg@10: 0.026825
2026-01-24 22:38:15 - GraphTrainer - INFO -   map@10: 0.019887
2026-01-24 22:38:15 - GraphTrainer - INFO -   mrr@10: 0.020139
2026-01-24 22:38:15 - GraphTrainer - INFO -   precision@20: 0.003756
2026-01-24 22:38:15 - GraphTrainer - INFO -   recall@20: 0.074016
2026-01-24 22:38:15 - GraphTrainer - INFO -   hit_rate@20: 0.074949
2026-01-24 22:38:15 - GraphTrainer - INFO -   ndcg@20: 0.033008
2026-01-24 22:38:15 - GraphTrainer - INFO -   map@20: 0.021554
2026-01-24 22:38:15 - GraphTrainer - INFO -   mrr@20: 0.021825
2026-01-24 22:38:15 - GraphTrainer - INFO - 第 103 轮训练完成
2026-01-24 22:38:15 - GraphTrainer - INFO - train_loss: 0.965131
2026-01-24 22:38:15 - GraphTrainer - INFO - precision@5: 0.006510
2026-01-24 22:38:15 - GraphTrainer - INFO - recall@5: 0.032047
2026-01-24 22:38:15 - GraphTrainer - INFO - hit_rate@5: 0.032498
2026-01-24 22:38:15 - GraphTrainer - INFO - ndcg@5: 0.021226
2026-01-24 22:38:15 - GraphTrainer - INFO - map@5: 0.017602
2026-01-24 22:38:15 - GraphTrainer - INFO - mrr@5: 0.017838
2026-01-24 22:38:15 - GraphTrainer - INFO - precision@10: 0.005014
2026-01-24 22:38:15 - GraphTrainer - INFO - recall@10: 0.049439
2026-01-24 22:38:15 - GraphTrainer - INFO - hit_rate@10: 0.050042
2026-01-24 22:38:15 - GraphTrainer - INFO - ndcg@10: 0.026825
2026-01-24 22:38:15 - GraphTrainer - INFO - map@10: 0.019887
2026-01-24 22:38:15 - GraphTrainer - INFO - mrr@10: 0.020139
2026-01-24 22:38:15 - GraphTrainer - INFO - precision@20: 0.003756
2026-01-24 22:38:15 - GraphTrainer - INFO - recall@20: 0.074016
2026-01-24 22:38:15 - GraphTrainer - INFO - hit_rate@20: 0.074949
2026-01-24 22:38:15 - GraphTrainer - INFO - ndcg@20: 0.033008
2026-01-24 22:38:15 - GraphTrainer - INFO - map@20: 0.021554
2026-01-24 22:38:15 - GraphTrainer - INFO - mrr@20: 0.021825
2026-01-24 22:38:15 - GraphTrainer - INFO - ------------------------------------------------------------
2026-01-24 22:38:15 - GraphTrainer - INFO - ============================================================
2026-01-24 22:38:15 - GraphTrainer - INFO - 开始第 104/1000 轮训练
2026-01-24 22:38:15 - GraphTrainer - INFO - ============================================================
2026-01-24 22:39:06 - GraphTrainer - INFO - 验证结果:
2026-01-24 22:39:06 - GraphTrainer - INFO -   precision@5: 0.006464
2026-01-24 22:39:06 - GraphTrainer - INFO -   recall@5: 0.031838
2026-01-24 22:39:06 - GraphTrainer - INFO -   hit_rate@5: 0.032270
2026-01-24 22:39:06 - GraphTrainer - INFO -   ndcg@5: 0.021095
2026-01-24 22:39:06 - GraphTrainer - INFO -   map@5: 0.017490
2026-01-24 22:39:06 - GraphTrainer - INFO -   mrr@5: 0.017746
2026-01-24 22:39:06 - GraphTrainer - INFO -   precision@10: 0.004981
2026-01-24 22:39:06 - GraphTrainer - INFO -   recall@10: 0.049111
2026-01-24 22:39:06 - GraphTrainer - INFO -   hit_rate@10: 0.049712
2026-01-24 22:39:06 - GraphTrainer - INFO -   ndcg@10: 0.026671
2026-01-24 22:39:06 - GraphTrainer - INFO -   map@10: 0.019774
2026-01-24 22:39:06 - GraphTrainer - INFO -   mrr@10: 0.020048
2026-01-24 22:39:06 - GraphTrainer - INFO -   precision@20: 0.003760
2026-01-24 22:39:06 - GraphTrainer - INFO -   recall@20: 0.074090
2026-01-24 22:39:06 - GraphTrainer - INFO -   hit_rate@20: 0.075025
2026-01-24 22:39:06 - GraphTrainer - INFO -   ndcg@20: 0.032984
2026-01-24 22:39:06 - GraphTrainer - INFO -   map@20: 0.021489
2026-01-24 22:39:06 - GraphTrainer - INFO -   mrr@20: 0.021783
2026-01-24 22:39:06 - GraphTrainer - INFO - 第 104 轮训练完成
2026-01-24 22:39:06 - GraphTrainer - INFO - train_loss: 0.964492
2026-01-24 22:39:06 - GraphTrainer - INFO - precision@5: 0.006464
2026-01-24 22:39:06 - GraphTrainer - INFO - recall@5: 0.031838
2026-01-24 22:39:06 - GraphTrainer - INFO - hit_rate@5: 0.032270
2026-01-24 22:39:06 - GraphTrainer - INFO - ndcg@5: 0.021095
2026-01-24 22:39:06 - GraphTrainer - INFO - map@5: 0.017490
2026-01-24 22:39:06 - GraphTrainer - INFO - mrr@5: 0.017746
2026-01-24 22:39:06 - GraphTrainer - INFO - precision@10: 0.004981
2026-01-24 22:39:06 - GraphTrainer - INFO - recall@10: 0.049111
2026-01-24 22:39:06 - GraphTrainer - INFO - hit_rate@10: 0.049712
2026-01-24 22:39:06 - GraphTrainer - INFO - ndcg@10: 0.026671
2026-01-24 22:39:06 - GraphTrainer - INFO - map@10: 0.019774
2026-01-24 22:39:06 - GraphTrainer - INFO - mrr@10: 0.020048
2026-01-24 22:39:06 - GraphTrainer - INFO - precision@20: 0.003760
2026-01-24 22:39:06 - GraphTrainer - INFO - recall@20: 0.074090
2026-01-24 22:39:06 - GraphTrainer - INFO - hit_rate@20: 0.075025
2026-01-24 22:39:06 - GraphTrainer - INFO - ndcg@20: 0.032984
2026-01-24 22:39:06 - GraphTrainer - INFO - map@20: 0.021489
2026-01-24 22:39:06 - GraphTrainer - INFO - mrr@20: 0.021783
2026-01-24 22:39:06 - GraphTrainer - INFO - ------------------------------------------------------------
2026-01-24 22:39:06 - GraphTrainer - INFO - ============================================================
2026-01-24 22:39:06 - GraphTrainer - INFO - 开始第 105/1000 轮训练
2026-01-24 22:39:06 - GraphTrainer - INFO - ============================================================
2026-01-24 22:39:57 - GraphTrainer - INFO - 验证结果:
2026-01-24 22:39:57 - GraphTrainer - INFO -   precision@5: 0.006591
2026-01-24 22:39:57 - GraphTrainer - INFO -   recall@5: 0.032471
2026-01-24 22:39:57 - GraphTrainer - INFO -   hit_rate@5: 0.032904
2026-01-24 22:39:57 - GraphTrainer - INFO -   ndcg@5: 0.021325
2026-01-24 22:39:57 - GraphTrainer - INFO -   map@5: 0.017611
2026-01-24 22:39:57 - GraphTrainer - INFO -   mrr@5: 0.017843
2026-01-24 22:39:57 - GraphTrainer - INFO -   precision@10: 0.004979
2026-01-24 22:39:57 - GraphTrainer - INFO -   recall@10: 0.049064
2026-01-24 22:39:57 - GraphTrainer - INFO -   hit_rate@10: 0.049686
2026-01-24 22:39:57 - GraphTrainer - INFO -   ndcg@10: 0.026677
2026-01-24 22:39:57 - GraphTrainer - INFO -   map@10: 0.019798
2026-01-24 22:39:57 - GraphTrainer - INFO -   mrr@10: 0.020051
2026-01-24 22:39:57 - GraphTrainer - INFO -   precision@20: 0.003783
2026-01-24 22:39:57 - GraphTrainer - INFO -   recall@20: 0.074611
2026-01-24 22:39:57 - GraphTrainer - INFO -   hit_rate@20: 0.075456
2026-01-24 22:39:57 - GraphTrainer - INFO -   ndcg@20: 0.033121
2026-01-24 22:39:57 - GraphTrainer - INFO -   map@20: 0.021547
2026-01-24 22:39:57 - GraphTrainer - INFO -   mrr@20: 0.021813
2026-01-24 22:39:57 - GraphTrainer - INFO - 第 105 轮训练完成
2026-01-24 22:39:57 - GraphTrainer - INFO - train_loss: 0.960633
2026-01-24 22:39:57 - GraphTrainer - INFO - precision@5: 0.006591
2026-01-24 22:39:57 - GraphTrainer - INFO - recall@5: 0.032471
2026-01-24 22:39:57 - GraphTrainer - INFO - hit_rate@5: 0.032904
2026-01-24 22:39:57 - GraphTrainer - INFO - ndcg@5: 0.021325
2026-01-24 22:39:57 - GraphTrainer - INFO - map@5: 0.017611
2026-01-24 22:39:57 - GraphTrainer - INFO - mrr@5: 0.017843
2026-01-24 22:39:57 - GraphTrainer - INFO - precision@10: 0.004979
2026-01-24 22:39:57 - GraphTrainer - INFO - recall@10: 0.049064
2026-01-24 22:39:57 - GraphTrainer - INFO - hit_rate@10: 0.049686
2026-01-24 22:39:57 - GraphTrainer - INFO - ndcg@10: 0.026677
2026-01-24 22:39:57 - GraphTrainer - INFO - map@10: 0.019798
2026-01-24 22:39:57 - GraphTrainer - INFO - mrr@10: 0.020051
2026-01-24 22:39:57 - GraphTrainer - INFO - precision@20: 0.003783
2026-01-24 22:39:57 - GraphTrainer - INFO - recall@20: 0.074611
2026-01-24 22:39:57 - GraphTrainer - INFO - hit_rate@20: 0.075456
2026-01-24 22:39:57 - GraphTrainer - INFO - ndcg@20: 0.033121
2026-01-24 22:39:57 - GraphTrainer - INFO - map@20: 0.021547
2026-01-24 22:39:57 - GraphTrainer - INFO - mrr@20: 0.021813
2026-01-24 22:39:57 - GraphTrainer - INFO - ------------------------------------------------------------
2026-01-24 22:39:57 - GraphTrainer - INFO - ============================================================
2026-01-24 22:39:57 - GraphTrainer - INFO - 开始第 106/1000 轮训练
2026-01-24 22:39:57 - GraphTrainer - INFO - ============================================================
2026-01-24 22:40:49 - GraphTrainer - INFO - 验证结果:
2026-01-24 22:40:49 - GraphTrainer - INFO -   precision@5: 0.006540
2026-01-24 22:40:49 - GraphTrainer - INFO -   recall@5: 0.032187
2026-01-24 22:40:49 - GraphTrainer - INFO -   hit_rate@5: 0.032650
2026-01-24 22:40:49 - GraphTrainer - INFO -   ndcg@5: 0.021345
2026-01-24 22:40:49 - GraphTrainer - INFO -   map@5: 0.017724
2026-01-24 22:40:49 - GraphTrainer - INFO -   mrr@5: 0.017959
2026-01-24 22:40:49 - GraphTrainer - INFO -   precision@10: 0.004994
2026-01-24 22:40:49 - GraphTrainer - INFO -   recall@10: 0.049274
2026-01-24 22:40:49 - GraphTrainer - INFO -   hit_rate@10: 0.049839
2026-01-24 22:40:49 - GraphTrainer - INFO -   ndcg@10: 0.026853
2026-01-24 22:40:49 - GraphTrainer - INFO -   map@10: 0.019980
2026-01-24 22:40:49 - GraphTrainer - INFO -   mrr@10: 0.020225
2026-01-24 22:40:49 - GraphTrainer - INFO -   precision@20: 0.003784
2026-01-24 22:40:49 - GraphTrainer - INFO -   recall@20: 0.074576
2026-01-24 22:40:49 - GraphTrainer - INFO -   hit_rate@20: 0.075507
2026-01-24 22:40:49 - GraphTrainer - INFO -   ndcg@20: 0.033216
2026-01-24 22:40:49 - GraphTrainer - INFO -   map@20: 0.021692
2026-01-24 22:40:49 - GraphTrainer - INFO -   mrr@20: 0.021959
2026-01-24 22:40:49 - GraphTrainer - INFO - 第 106 轮训练完成
2026-01-24 22:40:49 - GraphTrainer - INFO - train_loss: 0.968440
2026-01-24 22:40:49 - GraphTrainer - INFO - precision@5: 0.006540
2026-01-24 22:40:49 - GraphTrainer - INFO - recall@5: 0.032187
2026-01-24 22:40:49 - GraphTrainer - INFO - hit_rate@5: 0.032650
2026-01-24 22:40:49 - GraphTrainer - INFO - ndcg@5: 0.021345
2026-01-24 22:40:49 - GraphTrainer - INFO - map@5: 0.017724
2026-01-24 22:40:49 - GraphTrainer - INFO - mrr@5: 0.017959
2026-01-24 22:40:49 - GraphTrainer - INFO - precision@10: 0.004994
2026-01-24 22:40:49 - GraphTrainer - INFO - recall@10: 0.049274
2026-01-24 22:40:49 - GraphTrainer - INFO - hit_rate@10: 0.049839
2026-01-24 22:40:49 - GraphTrainer - INFO - ndcg@10: 0.026853
2026-01-24 22:40:49 - GraphTrainer - INFO - map@10: 0.019980
2026-01-24 22:40:49 - GraphTrainer - INFO - mrr@10: 0.020225
2026-01-24 22:40:49 - GraphTrainer - INFO - precision@20: 0.003784
2026-01-24 22:40:49 - GraphTrainer - INFO - recall@20: 0.074576
2026-01-24 22:40:49 - GraphTrainer - INFO - hit_rate@20: 0.075507
2026-01-24 22:40:49 - GraphTrainer - INFO - ndcg@20: 0.033216
2026-01-24 22:40:49 - GraphTrainer - INFO - map@20: 0.021692
2026-01-24 22:40:49 - GraphTrainer - INFO - mrr@20: 0.021959
2026-01-24 22:40:49 - GraphTrainer - INFO - ------------------------------------------------------------
2026-01-24 22:40:49 - GraphTrainer - INFO - ============================================================
2026-01-24 22:40:49 - GraphTrainer - INFO - 开始第 107/1000 轮训练
2026-01-24 22:40:49 - GraphTrainer - INFO - ============================================================
2026-01-24 22:41:40 - GraphTrainer - INFO - 验证结果:
2026-01-24 22:41:40 - GraphTrainer - INFO -   precision@5: 0.006439
2026-01-24 22:41:40 - GraphTrainer - INFO -   recall@5: 0.031722
2026-01-24 22:41:40 - GraphTrainer - INFO -   hit_rate@5: 0.032143
2026-01-24 22:41:40 - GraphTrainer - INFO -   ndcg@5: 0.021179
2026-01-24 22:41:40 - GraphTrainer - INFO -   map@5: 0.017652
2026-01-24 22:41:40 - GraphTrainer - INFO -   mrr@5: 0.017882
2026-01-24 22:41:40 - GraphTrainer - INFO -   precision@10: 0.004997
2026-01-24 22:41:40 - GraphTrainer - INFO -   recall@10: 0.049251
2026-01-24 22:41:40 - GraphTrainer - INFO -   hit_rate@10: 0.049864
2026-01-24 22:41:40 - GraphTrainer - INFO -   ndcg@10: 0.026832
2026-01-24 22:41:40 - GraphTrainer - INFO -   map@10: 0.019964
2026-01-24 22:41:40 - GraphTrainer - INFO -   mrr@10: 0.020213
2026-01-24 22:41:40 - GraphTrainer - INFO -   precision@20: 0.003777
2026-01-24 22:41:40 - GraphTrainer - INFO -   recall@20: 0.074389
2026-01-24 22:41:40 - GraphTrainer - INFO -   hit_rate@20: 0.075329
2026-01-24 22:41:40 - GraphTrainer - INFO -   ndcg@20: 0.033175
2026-01-24 22:41:40 - GraphTrainer - INFO -   map@20: 0.021682
2026-01-24 22:41:40 - GraphTrainer - INFO -   mrr@20: 0.021950
2026-01-24 22:41:40 - GraphTrainer - INFO - 第 107 轮训练完成
2026-01-24 22:41:40 - GraphTrainer - INFO - train_loss: 0.967118
2026-01-24 22:41:40 - GraphTrainer - INFO - precision@5: 0.006439
2026-01-24 22:41:40 - GraphTrainer - INFO - recall@5: 0.031722
2026-01-24 22:41:40 - GraphTrainer - INFO - hit_rate@5: 0.032143
2026-01-24 22:41:40 - GraphTrainer - INFO - ndcg@5: 0.021179
2026-01-24 22:41:40 - GraphTrainer - INFO - map@5: 0.017652
2026-01-24 22:41:40 - GraphTrainer - INFO - mrr@5: 0.017882
2026-01-24 22:41:40 - GraphTrainer - INFO - precision@10: 0.004997
2026-01-24 22:41:40 - GraphTrainer - INFO - recall@10: 0.049251
2026-01-24 22:41:40 - GraphTrainer - INFO - hit_rate@10: 0.049864
2026-01-24 22:41:40 - GraphTrainer - INFO - ndcg@10: 0.026832
2026-01-24 22:41:40 - GraphTrainer - INFO - map@10: 0.019964
2026-01-24 22:41:40 - GraphTrainer - INFO - mrr@10: 0.020213
2026-01-24 22:41:40 - GraphTrainer - INFO - precision@20: 0.003777
2026-01-24 22:41:40 - GraphTrainer - INFO - recall@20: 0.074389
2026-01-24 22:41:40 - GraphTrainer - INFO - hit_rate@20: 0.075329
2026-01-24 22:41:40 - GraphTrainer - INFO - ndcg@20: 0.033175
2026-01-24 22:41:40 - GraphTrainer - INFO - map@20: 0.021682
2026-01-24 22:41:40 - GraphTrainer - INFO - mrr@20: 0.021950
2026-01-24 22:41:40 - GraphTrainer - INFO - ------------------------------------------------------------
2026-01-24 22:41:40 - GraphTrainer - INFO - ============================================================
2026-01-24 22:41:40 - GraphTrainer - INFO - 开始第 108/1000 轮训练
2026-01-24 22:41:40 - GraphTrainer - INFO - ============================================================
2026-01-24 22:42:32 - GraphTrainer - INFO - 验证结果:
2026-01-24 22:42:32 - GraphTrainer - INFO -   precision@5: 0.006535
2026-01-24 22:42:32 - GraphTrainer - INFO -   recall@5: 0.032217
2026-01-24 22:42:32 - GraphTrainer - INFO -   hit_rate@5: 0.032625
2026-01-24 22:42:32 - GraphTrainer - INFO -   ndcg@5: 0.021429
2026-01-24 22:42:32 - GraphTrainer - INFO -   map@5: 0.017824
2026-01-24 22:42:32 - GraphTrainer - INFO -   mrr@5: 0.018047
2026-01-24 22:42:32 - GraphTrainer - INFO -   precision@10: 0.004974
2026-01-24 22:42:32 - GraphTrainer - INFO -   recall@10: 0.049014
2026-01-24 22:42:32 - GraphTrainer - INFO -   hit_rate@10: 0.049636
2026-01-24 22:42:32 - GraphTrainer - INFO -   ndcg@10: 0.026852
2026-01-24 22:42:32 - GraphTrainer - INFO -   map@10: 0.020042
2026-01-24 22:42:32 - GraphTrainer - INFO -   mrr@10: 0.020290
2026-01-24 22:42:32 - GraphTrainer - INFO -   precision@20: 0.003758
2026-01-24 22:42:32 - GraphTrainer - INFO -   recall@20: 0.074027
2026-01-24 22:42:32 - GraphTrainer - INFO -   hit_rate@20: 0.074949
2026-01-24 22:42:32 - GraphTrainer - INFO -   ndcg@20: 0.033164
2026-01-24 22:42:32 - GraphTrainer - INFO -   map@20: 0.021753
2026-01-24 22:42:32 - GraphTrainer - INFO -   mrr@20: 0.022019
2026-01-24 22:42:32 - GraphTrainer - INFO - 第 108 轮训练完成
2026-01-24 22:42:32 - GraphTrainer - INFO - train_loss: 0.956513
2026-01-24 22:42:32 - GraphTrainer - INFO - precision@5: 0.006535
2026-01-24 22:42:32 - GraphTrainer - INFO - recall@5: 0.032217
2026-01-24 22:42:32 - GraphTrainer - INFO - hit_rate@5: 0.032625
2026-01-24 22:42:32 - GraphTrainer - INFO - ndcg@5: 0.021429
2026-01-24 22:42:32 - GraphTrainer - INFO - map@5: 0.017824
2026-01-24 22:42:32 - GraphTrainer - INFO - mrr@5: 0.018047
2026-01-24 22:42:32 - GraphTrainer - INFO - precision@10: 0.004974
2026-01-24 22:42:32 - GraphTrainer - INFO - recall@10: 0.049014
2026-01-24 22:42:32 - GraphTrainer - INFO - hit_rate@10: 0.049636
2026-01-24 22:42:32 - GraphTrainer - INFO - ndcg@10: 0.026852
2026-01-24 22:42:32 - GraphTrainer - INFO - map@10: 0.020042
2026-01-24 22:42:32 - GraphTrainer - INFO - mrr@10: 0.020290
2026-01-24 22:42:32 - GraphTrainer - INFO - precision@20: 0.003758
2026-01-24 22:42:32 - GraphTrainer - INFO - recall@20: 0.074027
2026-01-24 22:42:32 - GraphTrainer - INFO - hit_rate@20: 0.074949
2026-01-24 22:42:32 - GraphTrainer - INFO - ndcg@20: 0.033164
2026-01-24 22:42:32 - GraphTrainer - INFO - map@20: 0.021753
2026-01-24 22:42:32 - GraphTrainer - INFO - mrr@20: 0.022019
2026-01-24 22:42:32 - GraphTrainer - INFO - ------------------------------------------------------------
2026-01-24 22:42:32 - GraphTrainer - INFO - ============================================================
2026-01-24 22:42:32 - GraphTrainer - INFO - 开始第 109/1000 轮训练
2026-01-24 22:42:32 - GraphTrainer - INFO - ============================================================
2026-01-24 22:43:24 - GraphTrainer - INFO - 验证结果:
2026-01-24 22:43:24 - GraphTrainer - INFO -   precision@5: 0.006484
2026-01-24 22:43:24 - GraphTrainer - INFO -   recall@5: 0.031937
2026-01-24 22:43:24 - GraphTrainer - INFO -   hit_rate@5: 0.032371
2026-01-24 22:43:24 - GraphTrainer - INFO -   ndcg@5: 0.021335
2026-01-24 22:43:24 - GraphTrainer - INFO -   map@5: 0.017787
2026-01-24 22:43:24 - GraphTrainer - INFO -   mrr@5: 0.018018
2026-01-24 22:43:24 - GraphTrainer - INFO -   precision@10: 0.004964
2026-01-24 22:43:24 - GraphTrainer - INFO -   recall@10: 0.048931
2026-01-24 22:43:24 - GraphTrainer - INFO -   hit_rate@10: 0.049534
2026-01-24 22:43:24 - GraphTrainer - INFO -   ndcg@10: 0.026810
2026-01-24 22:43:24 - GraphTrainer - INFO -   map@10: 0.020022
2026-01-24 22:43:24 - GraphTrainer - INFO -   mrr@10: 0.020272
2026-01-24 22:43:24 - GraphTrainer - INFO -   precision@20: 0.003777
2026-01-24 22:43:24 - GraphTrainer - INFO -   recall@20: 0.074385
2026-01-24 22:43:24 - GraphTrainer - INFO -   hit_rate@20: 0.075329
2026-01-24 22:43:24 - GraphTrainer - INFO -   ndcg@20: 0.033239
2026-01-24 22:43:24 - GraphTrainer - INFO -   map@20: 0.021766
2026-01-24 22:43:24 - GraphTrainer - INFO -   mrr@20: 0.022037
2026-01-24 22:43:24 - GraphTrainer - INFO - 第 109 轮训练完成
2026-01-24 22:43:24 - GraphTrainer - INFO - train_loss: 0.959736
2026-01-24 22:43:24 - GraphTrainer - INFO - precision@5: 0.006484
2026-01-24 22:43:24 - GraphTrainer - INFO - recall@5: 0.031937
2026-01-24 22:43:24 - GraphTrainer - INFO - hit_rate@5: 0.032371
2026-01-24 22:43:24 - GraphTrainer - INFO - ndcg@5: 0.021335
2026-01-24 22:43:24 - GraphTrainer - INFO - map@5: 0.017787
2026-01-24 22:43:24 - GraphTrainer - INFO - mrr@5: 0.018018
2026-01-24 22:43:24 - GraphTrainer - INFO - precision@10: 0.004964
2026-01-24 22:43:24 - GraphTrainer - INFO - recall@10: 0.048931
2026-01-24 22:43:24 - GraphTrainer - INFO - hit_rate@10: 0.049534
2026-01-24 22:43:24 - GraphTrainer - INFO - ndcg@10: 0.026810
2026-01-24 22:43:24 - GraphTrainer - INFO - map@10: 0.020022
2026-01-24 22:43:24 - GraphTrainer - INFO - mrr@10: 0.020272
2026-01-24 22:43:24 - GraphTrainer - INFO - precision@20: 0.003777
2026-01-24 22:43:24 - GraphTrainer - INFO - recall@20: 0.074385
2026-01-24 22:43:24 - GraphTrainer - INFO - hit_rate@20: 0.075329
2026-01-24 22:43:24 - GraphTrainer - INFO - ndcg@20: 0.033239
2026-01-24 22:43:24 - GraphTrainer - INFO - map@20: 0.021766
2026-01-24 22:43:24 - GraphTrainer - INFO - mrr@20: 0.022037
2026-01-24 22:43:24 - GraphTrainer - INFO - ------------------------------------------------------------
2026-01-24 22:43:24 - GraphTrainer - INFO - ============================================================
2026-01-24 22:43:24 - GraphTrainer - INFO - 开始第 110/1000 轮训练
2026-01-24 22:43:24 - GraphTrainer - INFO - ============================================================
2026-01-24 22:44:15 - GraphTrainer - INFO - 验证结果:
2026-01-24 22:44:15 - GraphTrainer - INFO -   precision@5: 0.006535
2026-01-24 22:44:15 - GraphTrainer - INFO -   recall@5: 0.032225
2026-01-24 22:44:15 - GraphTrainer - INFO -   hit_rate@5: 0.032600
2026-01-24 22:44:15 - GraphTrainer - INFO -   ndcg@5: 0.021334
2026-01-24 22:44:15 - GraphTrainer - INFO -   map@5: 0.017695
2026-01-24 22:44:15 - GraphTrainer - INFO -   mrr@5: 0.017914
2026-01-24 22:44:15 - GraphTrainer - INFO -   precision@10: 0.005050
2026-01-24 22:44:15 - GraphTrainer - INFO -   recall@10: 0.049757
2026-01-24 22:44:15 - GraphTrainer - INFO -   hit_rate@10: 0.050397
2026-01-24 22:44:15 - GraphTrainer - INFO -   ndcg@10: 0.026985
2026-01-24 22:44:15 - GraphTrainer - INFO -   map@10: 0.019997
2026-01-24 22:44:15 - GraphTrainer - INFO -   mrr@10: 0.020250
2026-01-24 22:44:15 - GraphTrainer - INFO -   precision@20: 0.003783
2026-01-24 22:44:15 - GraphTrainer - INFO -   recall@20: 0.074551
2026-01-24 22:44:15 - GraphTrainer - INFO -   hit_rate@20: 0.075431
2026-01-24 22:44:15 - GraphTrainer - INFO -   ndcg@20: 0.033227
2026-01-24 22:44:15 - GraphTrainer - INFO -   map@20: 0.021683
2026-01-24 22:44:15 - GraphTrainer - INFO -   mrr@20: 0.021950
2026-01-24 22:44:15 - GraphTrainer - INFO - 第 110 轮训练完成
2026-01-24 22:44:15 - GraphTrainer - INFO - train_loss: 0.954440
2026-01-24 22:44:15 - GraphTrainer - INFO - precision@5: 0.006535
2026-01-24 22:44:15 - GraphTrainer - INFO - recall@5: 0.032225
2026-01-24 22:44:15 - GraphTrainer - INFO - hit_rate@5: 0.032600
2026-01-24 22:44:15 - GraphTrainer - INFO - ndcg@5: 0.021334
2026-01-24 22:44:15 - GraphTrainer - INFO - map@5: 0.017695
2026-01-24 22:44:15 - GraphTrainer - INFO - mrr@5: 0.017914
2026-01-24 22:44:15 - GraphTrainer - INFO - precision@10: 0.005050
2026-01-24 22:44:15 - GraphTrainer - INFO - recall@10: 0.049757
2026-01-24 22:44:15 - GraphTrainer - INFO - hit_rate@10: 0.050397
2026-01-24 22:44:15 - GraphTrainer - INFO - ndcg@10: 0.026985
2026-01-24 22:44:15 - GraphTrainer - INFO - map@10: 0.019997
2026-01-24 22:44:15 - GraphTrainer - INFO - mrr@10: 0.020250
2026-01-24 22:44:15 - GraphTrainer - INFO - precision@20: 0.003783
2026-01-24 22:44:15 - GraphTrainer - INFO - recall@20: 0.074551
2026-01-24 22:44:15 - GraphTrainer - INFO - hit_rate@20: 0.075431
2026-01-24 22:44:15 - GraphTrainer - INFO - ndcg@20: 0.033227
2026-01-24 22:44:15 - GraphTrainer - INFO - map@20: 0.021683
2026-01-24 22:44:15 - GraphTrainer - INFO - mrr@20: 0.021950
2026-01-24 22:44:15 - GraphTrainer - INFO - ------------------------------------------------------------
2026-01-24 22:44:16 - GraphTrainer - INFO - 检查点已保存: Epoch 110 -> ./checkpoints/checkpoint_epoch_110.pth
2026-01-24 22:44:16 - GraphTrainer - INFO - ============================================================
2026-01-24 22:44:16 - GraphTrainer - INFO - 开始第 111/1000 轮训练
2026-01-24 22:44:16 - GraphTrainer - INFO - ============================================================
2026-01-24 22:45:07 - GraphTrainer - INFO - 验证结果:
2026-01-24 22:45:07 - GraphTrainer - INFO -   precision@5: 0.006530
2026-01-24 22:45:07 - GraphTrainer - INFO -   recall@5: 0.032183
2026-01-24 22:45:07 - GraphTrainer - INFO -   hit_rate@5: 0.032600
2026-01-24 22:45:07 - GraphTrainer - INFO -   ndcg@5: 0.021469
2026-01-24 22:45:07 - GraphTrainer - INFO -   map@5: 0.017883
2026-01-24 22:45:07 - GraphTrainer - INFO -   mrr@5: 0.018114
2026-01-24 22:45:07 - GraphTrainer - INFO -   precision@10: 0.004997
2026-01-24 22:45:07 - GraphTrainer - INFO -   recall@10: 0.049254
2026-01-24 22:45:07 - GraphTrainer - INFO -   hit_rate@10: 0.049864
2026-01-24 22:45:07 - GraphTrainer - INFO -   ndcg@10: 0.026967
2026-01-24 22:45:07 - GraphTrainer - INFO -   map@10: 0.020124
2026-01-24 22:45:07 - GraphTrainer - INFO -   mrr@10: 0.020377
2026-01-24 22:45:07 - GraphTrainer - INFO -   precision@20: 0.003758
2026-01-24 22:45:07 - GraphTrainer - INFO -   recall@20: 0.074103
2026-01-24 22:45:07 - GraphTrainer - INFO -   hit_rate@20: 0.074974
2026-01-24 22:45:07 - GraphTrainer - INFO -   ndcg@20: 0.033222
2026-01-24 22:45:07 - GraphTrainer - INFO -   map@20: 0.021814
2026-01-24 22:45:07 - GraphTrainer - INFO -   mrr@20: 0.022083
2026-01-24 22:45:07 - GraphTrainer - INFO - 第 111 轮训练完成
2026-01-24 22:45:07 - GraphTrainer - INFO - train_loss: 0.954970
2026-01-24 22:45:07 - GraphTrainer - INFO - precision@5: 0.006530
2026-01-24 22:45:07 - GraphTrainer - INFO - recall@5: 0.032183
2026-01-24 22:45:07 - GraphTrainer - INFO - hit_rate@5: 0.032600
2026-01-24 22:45:07 - GraphTrainer - INFO - ndcg@5: 0.021469
2026-01-24 22:45:07 - GraphTrainer - INFO - map@5: 0.017883
2026-01-24 22:45:07 - GraphTrainer - INFO - mrr@5: 0.018114
2026-01-24 22:45:07 - GraphTrainer - INFO - precision@10: 0.004997
2026-01-24 22:45:07 - GraphTrainer - INFO - recall@10: 0.049254
2026-01-24 22:45:07 - GraphTrainer - INFO - hit_rate@10: 0.049864
2026-01-24 22:45:07 - GraphTrainer - INFO - ndcg@10: 0.026967
2026-01-24 22:45:07 - GraphTrainer - INFO - map@10: 0.020124
2026-01-24 22:45:07 - GraphTrainer - INFO - mrr@10: 0.020377
2026-01-24 22:45:07 - GraphTrainer - INFO - precision@20: 0.003758
2026-01-24 22:45:07 - GraphTrainer - INFO - recall@20: 0.074103
2026-01-24 22:45:07 - GraphTrainer - INFO - hit_rate@20: 0.074974
2026-01-24 22:45:07 - GraphTrainer - INFO - ndcg@20: 0.033222
2026-01-24 22:45:07 - GraphTrainer - INFO - map@20: 0.021814
2026-01-24 22:45:07 - GraphTrainer - INFO - mrr@20: 0.022083
2026-01-24 22:45:07 - GraphTrainer - INFO - ------------------------------------------------------------
2026-01-24 22:45:07 - GraphTrainer - INFO - ============================================================
2026-01-24 22:45:07 - GraphTrainer - INFO - 开始第 112/1000 轮训练
2026-01-24 22:45:07 - GraphTrainer - INFO - ============================================================
2026-01-24 22:45:58 - GraphTrainer - INFO - 验证结果:
2026-01-24 22:45:58 - GraphTrainer - INFO -   precision@5: 0.006627
2026-01-24 22:45:58 - GraphTrainer - INFO -   recall@5: 0.032695
2026-01-24 22:45:58 - GraphTrainer - INFO -   hit_rate@5: 0.033082
2026-01-24 22:45:58 - GraphTrainer - INFO -   ndcg@5: 0.021697
2026-01-24 22:45:58 - GraphTrainer - INFO -   map@5: 0.018022
2026-01-24 22:45:58 - GraphTrainer - INFO -   mrr@5: 0.018246
2026-01-24 22:45:58 - GraphTrainer - INFO -   precision@10: 0.005035
2026-01-24 22:45:58 - GraphTrainer - INFO -   recall@10: 0.049612
2026-01-24 22:45:58 - GraphTrainer - INFO -   hit_rate@10: 0.050245
2026-01-24 22:45:58 - GraphTrainer - INFO -   ndcg@10: 0.027142
2026-01-24 22:45:58 - GraphTrainer - INFO -   map@10: 0.020236
2026-01-24 22:45:58 - GraphTrainer - INFO -   mrr@10: 0.020490
2026-01-24 22:45:58 - GraphTrainer - INFO -   precision@20: 0.003801
2026-01-24 22:45:58 - GraphTrainer - INFO -   recall@20: 0.074922
2026-01-24 22:45:58 - GraphTrainer - INFO -   hit_rate@20: 0.075812
2026-01-24 22:45:58 - GraphTrainer - INFO -   ndcg@20: 0.033511
2026-01-24 22:45:58 - GraphTrainer - INFO -   map@20: 0.021955
2026-01-24 22:45:58 - GraphTrainer - INFO -   mrr@20: 0.022224
2026-01-24 22:45:58 - GraphTrainer - INFO - 第 112 轮训练完成
2026-01-24 22:45:58 - GraphTrainer - INFO - train_loss: 0.947206
2026-01-24 22:45:58 - GraphTrainer - INFO - precision@5: 0.006627
2026-01-24 22:45:58 - GraphTrainer - INFO - recall@5: 0.032695
2026-01-24 22:45:58 - GraphTrainer - INFO - hit_rate@5: 0.033082
2026-01-24 22:45:58 - GraphTrainer - INFO - ndcg@5: 0.021697
2026-01-24 22:45:58 - GraphTrainer - INFO - map@5: 0.018022
2026-01-24 22:45:58 - GraphTrainer - INFO - mrr@5: 0.018246
2026-01-24 22:45:58 - GraphTrainer - INFO - precision@10: 0.005035
2026-01-24 22:45:58 - GraphTrainer - INFO - recall@10: 0.049612
2026-01-24 22:45:58 - GraphTrainer - INFO - hit_rate@10: 0.050245
2026-01-24 22:45:58 - GraphTrainer - INFO - ndcg@10: 0.027142
2026-01-24 22:45:58 - GraphTrainer - INFO - map@10: 0.020236
2026-01-24 22:45:58 - GraphTrainer - INFO - mrr@10: 0.020490
2026-01-24 22:45:58 - GraphTrainer - INFO - precision@20: 0.003801
2026-01-24 22:45:58 - GraphTrainer - INFO - recall@20: 0.074922
2026-01-24 22:45:58 - GraphTrainer - INFO - hit_rate@20: 0.075812
2026-01-24 22:45:58 - GraphTrainer - INFO - ndcg@20: 0.033511
2026-01-24 22:45:58 - GraphTrainer - INFO - map@20: 0.021955
2026-01-24 22:45:58 - GraphTrainer - INFO - mrr@20: 0.022224
2026-01-24 22:45:58 - GraphTrainer - INFO - ------------------------------------------------------------
2026-01-24 22:45:58 - GraphTrainer - INFO - ============================================================
2026-01-24 22:45:58 - GraphTrainer - INFO - 开始第 113/1000 轮训练
2026-01-24 22:45:58 - GraphTrainer - INFO - ============================================================
2026-01-24 22:46:50 - GraphTrainer - INFO - 验证结果:
2026-01-24 22:46:50 - GraphTrainer - INFO -   precision@5: 0.006545
2026-01-24 22:46:50 - GraphTrainer - INFO -   recall@5: 0.032303
2026-01-24 22:46:50 - GraphTrainer - INFO -   hit_rate@5: 0.032676
2026-01-24 22:46:50 - GraphTrainer - INFO -   ndcg@5: 0.021555
2026-01-24 22:46:50 - GraphTrainer - INFO -   map@5: 0.017959
2026-01-24 22:46:50 - GraphTrainer - INFO -   mrr@5: 0.018184
2026-01-24 22:46:50 - GraphTrainer - INFO -   precision@10: 0.004956
2026-01-24 22:46:50 - GraphTrainer - INFO -   recall@10: 0.048838
2026-01-24 22:46:50 - GraphTrainer - INFO -   hit_rate@10: 0.049458
2026-01-24 22:46:50 - GraphTrainer - INFO -   ndcg@10: 0.026884
2026-01-24 22:46:50 - GraphTrainer - INFO -   map@10: 0.020129
2026-01-24 22:46:50 - GraphTrainer - INFO -   mrr@10: 0.020385
2026-01-24 22:46:50 - GraphTrainer - INFO -   precision@20: 0.003787
2026-01-24 22:46:50 - GraphTrainer - INFO -   recall@20: 0.074557
2026-01-24 22:46:50 - GraphTrainer - INFO -   hit_rate@20: 0.075558
2026-01-24 22:46:50 - GraphTrainer - INFO -   ndcg@20: 0.033371
2026-01-24 22:46:50 - GraphTrainer - INFO -   map@20: 0.021885
2026-01-24 22:46:50 - GraphTrainer - INFO -   mrr@20: 0.022163
2026-01-24 22:46:50 - GraphTrainer - INFO - 第 113 轮训练完成
2026-01-24 22:46:50 - GraphTrainer - INFO - train_loss: 0.944064
2026-01-24 22:46:50 - GraphTrainer - INFO - precision@5: 0.006545
2026-01-24 22:46:50 - GraphTrainer - INFO - recall@5: 0.032303
2026-01-24 22:46:50 - GraphTrainer - INFO - hit_rate@5: 0.032676
2026-01-24 22:46:50 - GraphTrainer - INFO - ndcg@5: 0.021555
2026-01-24 22:46:50 - GraphTrainer - INFO - map@5: 0.017959
2026-01-24 22:46:50 - GraphTrainer - INFO - mrr@5: 0.018184
2026-01-24 22:46:50 - GraphTrainer - INFO - precision@10: 0.004956
2026-01-24 22:46:50 - GraphTrainer - INFO - recall@10: 0.048838
2026-01-24 22:46:50 - GraphTrainer - INFO - hit_rate@10: 0.049458
2026-01-24 22:46:50 - GraphTrainer - INFO - ndcg@10: 0.026884
2026-01-24 22:46:50 - GraphTrainer - INFO - map@10: 0.020129
2026-01-24 22:46:50 - GraphTrainer - INFO - mrr@10: 0.020385
2026-01-24 22:46:50 - GraphTrainer - INFO - precision@20: 0.003787
2026-01-24 22:46:50 - GraphTrainer - INFO - recall@20: 0.074557
2026-01-24 22:46:50 - GraphTrainer - INFO - hit_rate@20: 0.075558
2026-01-24 22:46:50 - GraphTrainer - INFO - ndcg@20: 0.033371
2026-01-24 22:46:50 - GraphTrainer - INFO - map@20: 0.021885
2026-01-24 22:46:50 - GraphTrainer - INFO - mrr@20: 0.022163
2026-01-24 22:46:50 - GraphTrainer - INFO - ------------------------------------------------------------
2026-01-24 22:46:50 - GraphTrainer - INFO - ============================================================
2026-01-24 22:46:50 - GraphTrainer - INFO - 开始第 114/1000 轮训练
2026-01-24 22:46:50 - GraphTrainer - INFO - ============================================================
2026-01-24 22:49:11 - GraphTrainer - INFO - Starting training...
2026-01-24 22:49:11 - GraphTrainer - INFO - 模型: SGrec
2026-01-24 22:49:11 - GraphTrainer - INFO - 总参数量: 6,613,062
2026-01-24 22:49:11 - GraphTrainer - INFO - 可训练参数量: 6,613,062
2026-01-24 22:49:11 - GraphTrainer - INFO - ============================================================
2026-01-24 22:49:11 - GraphTrainer - INFO - 开始第 1/1000 轮训练
2026-01-24 22:49:11 - GraphTrainer - INFO - ============================================================
2026-01-24 22:49:51 - GraphTrainer - INFO - 验证结果:
2026-01-24 22:49:51 - GraphTrainer - INFO -   precision@5: 0.003158
2026-01-24 22:49:51 - GraphTrainer - INFO -   recall@5: 0.015578
2026-01-24 22:49:51 - GraphTrainer - INFO -   hit_rate@5: 0.015792
2026-01-24 22:49:51 - GraphTrainer - INFO -   ndcg@5: 0.009971
2026-01-24 22:49:51 - GraphTrainer - INFO -   map@5: 0.008105
2026-01-24 22:49:51 - GraphTrainer - INFO -   mrr@5: 0.008191
2026-01-24 22:49:51 - GraphTrainer - INFO -   precision@10: 0.002529
2026-01-24 22:49:51 - GraphTrainer - INFO -   recall@10: 0.024828
2026-01-24 22:49:51 - GraphTrainer - INFO -   hit_rate@10: 0.025237
2026-01-24 22:49:51 - GraphTrainer - INFO -   ndcg@10: 0.012976
2026-01-24 22:49:51 - GraphTrainer - INFO -   map@10: 0.009339
2026-01-24 22:49:51 - GraphTrainer - INFO -   mrr@10: 0.009447
2026-01-24 22:49:51 - GraphTrainer - INFO -   precision@20: 0.001980
2026-01-24 22:49:51 - GraphTrainer - INFO -   recall@20: 0.038861
2026-01-24 22:49:51 - GraphTrainer - INFO -   hit_rate@20: 0.039556
2026-01-24 22:49:51 - GraphTrainer - INFO -   ndcg@20: 0.016504
2026-01-24 22:49:51 - GraphTrainer - INFO -   map@20: 0.010285
2026-01-24 22:49:51 - GraphTrainer - INFO -   mrr@20: 0.010411
2026-01-24 22:49:51 - GraphTrainer - INFO - 第 1 轮训练完成
2026-01-24 22:49:51 - GraphTrainer - INFO - train_loss: 2.590859
2026-01-24 22:49:51 - GraphTrainer - INFO - precision@5: 0.003158
2026-01-24 22:49:51 - GraphTrainer - INFO - recall@5: 0.015578
2026-01-24 22:49:51 - GraphTrainer - INFO - hit_rate@5: 0.015792
2026-01-24 22:49:51 - GraphTrainer - INFO - ndcg@5: 0.009971
2026-01-24 22:49:51 - GraphTrainer - INFO - map@5: 0.008105
2026-01-24 22:49:51 - GraphTrainer - INFO - mrr@5: 0.008191
2026-01-24 22:49:51 - GraphTrainer - INFO - precision@10: 0.002529
2026-01-24 22:49:51 - GraphTrainer - INFO - recall@10: 0.024828
2026-01-24 22:49:51 - GraphTrainer - INFO - hit_rate@10: 0.025237
2026-01-24 22:49:51 - GraphTrainer - INFO - ndcg@10: 0.012976
2026-01-24 22:49:51 - GraphTrainer - INFO - map@10: 0.009339
2026-01-24 22:49:51 - GraphTrainer - INFO - mrr@10: 0.009447
2026-01-24 22:49:51 - GraphTrainer - INFO - precision@20: 0.001980
2026-01-24 22:49:51 - GraphTrainer - INFO - recall@20: 0.038861
2026-01-24 22:49:51 - GraphTrainer - INFO - hit_rate@20: 0.039556
2026-01-24 22:49:51 - GraphTrainer - INFO - ndcg@20: 0.016504
2026-01-24 22:49:51 - GraphTrainer - INFO - map@20: 0.010285
2026-01-24 22:49:51 - GraphTrainer - INFO - mrr@20: 0.010411
2026-01-24 22:49:51 - GraphTrainer - INFO - ------------------------------------------------------------
2026-01-24 22:49:51 - GraphTrainer - INFO - ============================================================
2026-01-24 22:49:51 - GraphTrainer - INFO - 开始第 2/1000 轮训练
2026-01-24 22:49:51 - GraphTrainer - INFO - ============================================================
2026-01-24 22:50:36 - GraphTrainer - INFO - Starting training...
2026-01-24 22:50:36 - GraphTrainer - INFO - 模型: SGrec
2026-01-24 22:50:36 - GraphTrainer - INFO - 总参数量: 6,613,062
2026-01-24 22:50:36 - GraphTrainer - INFO - 可训练参数量: 6,613,062
2026-01-24 22:50:36 - GraphTrainer - INFO - ============================================================
2026-01-24 22:50:36 - GraphTrainer - INFO - 开始第 1/1000 轮训练
2026-01-24 22:50:36 - GraphTrainer - INFO - ============================================================
2026-01-24 22:51:17 - GraphTrainer - INFO - 验证结果:
2026-01-24 22:51:17 - GraphTrainer - INFO -   precision@5: 0.002849
2026-01-24 22:51:17 - GraphTrainer - INFO -   recall@5: 0.014006
2026-01-24 22:51:17 - GraphTrainer - INFO -   hit_rate@5: 0.014243
2026-01-24 22:51:17 - GraphTrainer - INFO -   ndcg@5: 0.008774
2026-01-24 22:51:17 - GraphTrainer - INFO -   map@5: 0.007034
2026-01-24 22:51:17 - GraphTrainer - INFO -   mrr@5: 0.007137
2026-01-24 22:51:17 - GraphTrainer - INFO -   precision@10: 0.002209
2026-01-24 22:51:17 - GraphTrainer - INFO -   recall@10: 0.021682
2026-01-24 22:51:17 - GraphTrainer - INFO -   hit_rate@10: 0.022038
2026-01-24 22:51:17 - GraphTrainer - INFO -   ndcg@10: 0.011249
2026-01-24 22:51:17 - GraphTrainer - INFO -   map@10: 0.008042
2026-01-24 22:51:17 - GraphTrainer - INFO -   mrr@10: 0.008158
2026-01-24 22:51:17 - GraphTrainer - INFO -   precision@20: 0.001734
2026-01-24 22:51:17 - GraphTrainer - INFO -   recall@20: 0.034043
2026-01-24 22:51:17 - GraphTrainer - INFO -   hit_rate@20: 0.034605
2026-01-24 22:51:17 - GraphTrainer - INFO -   ndcg@20: 0.014367
2026-01-24 22:51:17 - GraphTrainer - INFO -   map@20: 0.008885
2026-01-24 22:51:17 - GraphTrainer - INFO -   mrr@20: 0.009015
2026-01-24 22:51:17 - GraphTrainer - INFO - 第 1 轮训练完成
2026-01-24 22:51:17 - GraphTrainer - INFO - train_loss: 2.918552
2026-01-24 22:51:17 - GraphTrainer - INFO - precision@5: 0.002849
2026-01-24 22:51:17 - GraphTrainer - INFO - recall@5: 0.014006
2026-01-24 22:51:17 - GraphTrainer - INFO - hit_rate@5: 0.014243
2026-01-24 22:51:17 - GraphTrainer - INFO - ndcg@5: 0.008774
2026-01-24 22:51:17 - GraphTrainer - INFO - map@5: 0.007034
2026-01-24 22:51:17 - GraphTrainer - INFO - mrr@5: 0.007137
2026-01-24 22:51:17 - GraphTrainer - INFO - precision@10: 0.002209
2026-01-24 22:51:17 - GraphTrainer - INFO - recall@10: 0.021682
2026-01-24 22:51:17 - GraphTrainer - INFO - hit_rate@10: 0.022038
2026-01-24 22:51:17 - GraphTrainer - INFO - ndcg@10: 0.011249
2026-01-24 22:51:17 - GraphTrainer - INFO - map@10: 0.008042
2026-01-24 22:51:17 - GraphTrainer - INFO - mrr@10: 0.008158
2026-01-24 22:51:17 - GraphTrainer - INFO - precision@20: 0.001734
2026-01-24 22:51:17 - GraphTrainer - INFO - recall@20: 0.034043
2026-01-24 22:51:17 - GraphTrainer - INFO - hit_rate@20: 0.034605
2026-01-24 22:51:17 - GraphTrainer - INFO - ndcg@20: 0.014367
2026-01-24 22:51:17 - GraphTrainer - INFO - map@20: 0.008885
2026-01-24 22:51:17 - GraphTrainer - INFO - mrr@20: 0.009015
2026-01-24 22:51:17 - GraphTrainer - INFO - ------------------------------------------------------------
2026-01-24 22:51:17 - GraphTrainer - INFO - ============================================================
2026-01-24 22:51:17 - GraphTrainer - INFO - 开始第 2/1000 轮训练
2026-01-24 22:51:17 - GraphTrainer - INFO - ============================================================
2026-01-24 22:53:16 - GraphTrainer - INFO - Starting training...
2026-01-24 22:53:16 - GraphTrainer - INFO - 模型: SGrec
2026-01-24 22:53:16 - GraphTrainer - INFO - 总参数量: 6,613,062
2026-01-24 22:53:16 - GraphTrainer - INFO - 可训练参数量: 6,613,062
2026-01-24 22:53:16 - GraphTrainer - INFO - ============================================================
2026-01-24 22:53:16 - GraphTrainer - INFO - 开始第 1/1000 轮训练
2026-01-24 22:53:16 - GraphTrainer - INFO - ============================================================
2026-01-24 22:54:30 - GraphTrainer - INFO - Starting training...
2026-01-24 22:54:30 - GraphTrainer - INFO - 模型: SGrec
2026-01-24 22:54:30 - GraphTrainer - INFO - 总参数量: 6,613,062
2026-01-24 22:54:30 - GraphTrainer - INFO - 可训练参数量: 6,613,062
2026-01-24 22:54:30 - GraphTrainer - INFO - ============================================================
2026-01-24 22:54:30 - GraphTrainer - INFO - 开始第 1/1000 轮训练
2026-01-24 22:54:30 - GraphTrainer - INFO - ============================================================
2026-01-24 22:55:11 - GraphTrainer - INFO - 验证结果:
2026-01-24 22:55:11 - GraphTrainer - INFO -   precision@5: 0.002808
2026-01-24 22:55:11 - GraphTrainer - INFO -   recall@5: 0.013816
2026-01-24 22:55:11 - GraphTrainer - INFO -   hit_rate@5: 0.014040
2026-01-24 22:55:11 - GraphTrainer - INFO -   ndcg@5: 0.008698
2026-01-24 22:55:11 - GraphTrainer - INFO -   map@5: 0.006994
2026-01-24 22:55:11 - GraphTrainer - INFO -   mrr@5: 0.007096
2026-01-24 22:55:11 - GraphTrainer - INFO -   precision@10: 0.002229
2026-01-24 22:55:11 - GraphTrainer - INFO -   recall@10: 0.021902
2026-01-24 22:55:11 - GraphTrainer - INFO -   hit_rate@10: 0.022241
2026-01-24 22:55:11 - GraphTrainer - INFO -   ndcg@10: 0.011292
2026-01-24 22:55:11 - GraphTrainer - INFO -   map@10: 0.008044
2026-01-24 22:55:11 - GraphTrainer - INFO -   mrr@10: 0.008159
2026-01-24 22:55:11 - GraphTrainer - INFO -   precision@20: 0.001720
2026-01-24 22:55:11 - GraphTrainer - INFO -   recall@20: 0.033717
2026-01-24 22:55:11 - GraphTrainer - INFO -   hit_rate@20: 0.034326
2026-01-24 22:55:11 - GraphTrainer - INFO -   ndcg@20: 0.014274
2026-01-24 22:55:11 - GraphTrainer - INFO -   map@20: 0.008848
2026-01-24 22:55:11 - GraphTrainer - INFO -   mrr@20: 0.008981
2026-01-24 22:55:11 - GraphTrainer - INFO - 第 1 轮训练完成
2026-01-24 22:55:11 - GraphTrainer - INFO - train_loss: 2.916757
2026-01-24 22:55:11 - GraphTrainer - INFO - precision@5: 0.002808
2026-01-24 22:55:11 - GraphTrainer - INFO - recall@5: 0.013816
2026-01-24 22:55:11 - GraphTrainer - INFO - hit_rate@5: 0.014040
2026-01-24 22:55:11 - GraphTrainer - INFO - ndcg@5: 0.008698
2026-01-24 22:55:11 - GraphTrainer - INFO - map@5: 0.006994
2026-01-24 22:55:11 - GraphTrainer - INFO - mrr@5: 0.007096
2026-01-24 22:55:11 - GraphTrainer - INFO - precision@10: 0.002229
2026-01-24 22:55:11 - GraphTrainer - INFO - recall@10: 0.021902
2026-01-24 22:55:11 - GraphTrainer - INFO - hit_rate@10: 0.022241
2026-01-24 22:55:11 - GraphTrainer - INFO - ndcg@10: 0.011292
2026-01-24 22:55:11 - GraphTrainer - INFO - map@10: 0.008044
2026-01-24 22:55:11 - GraphTrainer - INFO - mrr@10: 0.008159
2026-01-24 22:55:11 - GraphTrainer - INFO - precision@20: 0.001720
2026-01-24 22:55:11 - GraphTrainer - INFO - recall@20: 0.033717
2026-01-24 22:55:11 - GraphTrainer - INFO - hit_rate@20: 0.034326
2026-01-24 22:55:11 - GraphTrainer - INFO - ndcg@20: 0.014274
2026-01-24 22:55:11 - GraphTrainer - INFO - map@20: 0.008848
2026-01-24 22:55:11 - GraphTrainer - INFO - mrr@20: 0.008981
2026-01-24 22:55:11 - GraphTrainer - INFO - ------------------------------------------------------------
2026-01-24 22:55:11 - GraphTrainer - INFO - ============================================================
2026-01-24 22:55:11 - GraphTrainer - INFO - 开始第 2/1000 轮训练
2026-01-24 22:55:11 - GraphTrainer - INFO - ============================================================
2026-01-24 22:56:02 - GraphTrainer - INFO - Starting training...
2026-01-24 22:56:02 - GraphTrainer - INFO - 模型: SGrec
2026-01-24 22:56:02 - GraphTrainer - INFO - 总参数量: 6,779,078
2026-01-24 22:56:02 - GraphTrainer - INFO - 可训练参数量: 6,779,078
2026-01-24 22:56:02 - GraphTrainer - INFO - ============================================================
2026-01-24 22:56:02 - GraphTrainer - INFO - 开始第 1/1000 轮训练
2026-01-24 22:56:02 - GraphTrainer - INFO - ============================================================
2026-01-24 22:56:32 - GraphTrainer - INFO - Starting training...
2026-01-24 22:56:32 - GraphTrainer - INFO - 模型: SGrec
2026-01-24 22:56:32 - GraphTrainer - INFO - 总参数量: 6,779,078
2026-01-24 22:56:32 - GraphTrainer - INFO - 可训练参数量: 6,779,078
2026-01-24 22:56:32 - GraphTrainer - INFO - ============================================================
2026-01-24 22:56:32 - GraphTrainer - INFO - 开始第 1/1000 轮训练
2026-01-24 22:56:32 - GraphTrainer - INFO - ============================================================
2026-01-24 22:57:22 - GraphTrainer - INFO - Starting training...
2026-01-24 22:57:22 - GraphTrainer - INFO - 模型: SGrec
2026-01-24 22:57:22 - GraphTrainer - INFO - 总参数量: 6,696,070
2026-01-24 22:57:22 - GraphTrainer - INFO - 可训练参数量: 6,696,070
2026-01-24 22:57:22 - GraphTrainer - INFO - ============================================================
2026-01-24 22:57:22 - GraphTrainer - INFO - 开始第 1/1000 轮训练
2026-01-24 22:57:22 - GraphTrainer - INFO - ============================================================
2026-01-24 22:58:14 - GraphTrainer - INFO - 验证结果:
2026-01-24 22:58:14 - GraphTrainer - INFO -   precision@5: 0.003986
2026-01-24 22:58:14 - GraphTrainer - INFO -   recall@5: 0.019709
2026-01-24 22:58:14 - GraphTrainer - INFO -   hit_rate@5: 0.019930
2026-01-24 22:58:14 - GraphTrainer - INFO -   ndcg@5: 0.012626
2026-01-24 22:58:14 - GraphTrainer - INFO -   map@5: 0.010277
2026-01-24 22:58:14 - GraphTrainer - INFO -   mrr@5: 0.010382
2026-01-24 22:58:14 - GraphTrainer - INFO -   precision@10: 0.003194
2026-01-24 22:58:14 - GraphTrainer - INFO -   recall@10: 0.031490
2026-01-24 22:58:14 - GraphTrainer - INFO -   hit_rate@10: 0.031889
2026-01-24 22:58:14 - GraphTrainer - INFO -   ndcg@10: 0.016400
2026-01-24 22:58:14 - GraphTrainer - INFO -   map@10: 0.011801
2026-01-24 22:58:14 - GraphTrainer - INFO -   mrr@10: 0.011928
2026-01-24 22:58:14 - GraphTrainer - INFO -   precision@20: 0.002492
2026-01-24 22:58:14 - GraphTrainer - INFO -   recall@20: 0.049055
2026-01-24 22:58:14 - GraphTrainer - INFO -   hit_rate@20: 0.049788
2026-01-24 22:58:14 - GraphTrainer - INFO -   ndcg@20: 0.020827
2026-01-24 22:58:14 - GraphTrainer - INFO -   map@20: 0.012995
2026-01-24 22:58:14 - GraphTrainer - INFO -   mrr@20: 0.013143
2026-01-24 22:58:14 - GraphTrainer - INFO - 第 1 轮训练完成
2026-01-24 22:58:14 - GraphTrainer - INFO - train_loss: 2.163835
2026-01-24 22:58:14 - GraphTrainer - INFO - precision@5: 0.003986
2026-01-24 22:58:14 - GraphTrainer - INFO - recall@5: 0.019709
2026-01-24 22:58:14 - GraphTrainer - INFO - hit_rate@5: 0.019930
2026-01-24 22:58:14 - GraphTrainer - INFO - ndcg@5: 0.012626
2026-01-24 22:58:14 - GraphTrainer - INFO - map@5: 0.010277
2026-01-24 22:58:14 - GraphTrainer - INFO - mrr@5: 0.010382
2026-01-24 22:58:14 - GraphTrainer - INFO - precision@10: 0.003194
2026-01-24 22:58:14 - GraphTrainer - INFO - recall@10: 0.031490
2026-01-24 22:58:14 - GraphTrainer - INFO - hit_rate@10: 0.031889
2026-01-24 22:58:14 - GraphTrainer - INFO - ndcg@10: 0.016400
2026-01-24 22:58:14 - GraphTrainer - INFO - map@10: 0.011801
2026-01-24 22:58:14 - GraphTrainer - INFO - mrr@10: 0.011928
2026-01-24 22:58:14 - GraphTrainer - INFO - precision@20: 0.002492
2026-01-24 22:58:14 - GraphTrainer - INFO - recall@20: 0.049055
2026-01-24 22:58:14 - GraphTrainer - INFO - hit_rate@20: 0.049788
2026-01-24 22:58:14 - GraphTrainer - INFO - ndcg@20: 0.020827
2026-01-24 22:58:14 - GraphTrainer - INFO - map@20: 0.012995
2026-01-24 22:58:14 - GraphTrainer - INFO - mrr@20: 0.013143
2026-01-24 22:58:14 - GraphTrainer - INFO - ------------------------------------------------------------
2026-01-24 22:58:14 - GraphTrainer - INFO - ============================================================
2026-01-24 22:58:14 - GraphTrainer - INFO - 开始第 2/1000 轮训练
2026-01-24 22:58:14 - GraphTrainer - INFO - ============================================================
2026-01-24 22:59:05 - GraphTrainer - INFO - 验证结果:
2026-01-24 22:59:05 - GraphTrainer - INFO -   precision@5: 0.004367
2026-01-24 22:59:05 - GraphTrainer - INFO -   recall@5: 0.021564
2026-01-24 22:59:05 - GraphTrainer - INFO -   hit_rate@5: 0.021835
2026-01-24 22:59:05 - GraphTrainer - INFO -   ndcg@5: 0.014054
2026-01-24 22:59:05 - GraphTrainer - INFO -   map@5: 0.011555
2026-01-24 22:59:05 - GraphTrainer - INFO -   mrr@5: 0.011680
2026-01-24 22:59:05 - GraphTrainer - INFO -   precision@10: 0.003425
2026-01-24 22:59:05 - GraphTrainer - INFO -   recall@10: 0.033763
2026-01-24 22:59:05 - GraphTrainer - INFO -   hit_rate@10: 0.034199
2026-01-24 22:59:05 - GraphTrainer - INFO -   ndcg@10: 0.017969
2026-01-24 22:59:05 - GraphTrainer - INFO -   map@10: 0.013140
2026-01-24 22:59:05 - GraphTrainer - INFO -   mrr@10: 0.013284
2026-01-24 22:59:05 - GraphTrainer - INFO -   precision@20: 0.002675
2026-01-24 22:59:05 - GraphTrainer - INFO -   recall@20: 0.052677
2026-01-24 22:59:05 - GraphTrainer - INFO -   hit_rate@20: 0.053419
2026-01-24 22:59:05 - GraphTrainer - INFO -   ndcg@20: 0.022737
2026-01-24 22:59:05 - GraphTrainer - INFO -   map@20: 0.014429
2026-01-24 22:59:05 - GraphTrainer - INFO -   mrr@20: 0.014593
2026-01-24 22:59:05 - GraphTrainer - INFO - 第 2 轮训练完成
2026-01-24 22:59:05 - GraphTrainer - INFO - train_loss: 1.955018
2026-01-24 22:59:05 - GraphTrainer - INFO - precision@5: 0.004367
2026-01-24 22:59:05 - GraphTrainer - INFO - recall@5: 0.021564
2026-01-24 22:59:05 - GraphTrainer - INFO - hit_rate@5: 0.021835
2026-01-24 22:59:05 - GraphTrainer - INFO - ndcg@5: 0.014054
2026-01-24 22:59:05 - GraphTrainer - INFO - map@5: 0.011555
2026-01-24 22:59:05 - GraphTrainer - INFO - mrr@5: 0.011680
2026-01-24 22:59:05 - GraphTrainer - INFO - precision@10: 0.003425
2026-01-24 22:59:05 - GraphTrainer - INFO - recall@10: 0.033763
2026-01-24 22:59:05 - GraphTrainer - INFO - hit_rate@10: 0.034199
2026-01-24 22:59:05 - GraphTrainer - INFO - ndcg@10: 0.017969
2026-01-24 22:59:05 - GraphTrainer - INFO - map@10: 0.013140
2026-01-24 22:59:05 - GraphTrainer - INFO - mrr@10: 0.013284
2026-01-24 22:59:05 - GraphTrainer - INFO - precision@20: 0.002675
2026-01-24 22:59:05 - GraphTrainer - INFO - recall@20: 0.052677
2026-01-24 22:59:05 - GraphTrainer - INFO - hit_rate@20: 0.053419
2026-01-24 22:59:05 - GraphTrainer - INFO - ndcg@20: 0.022737
2026-01-24 22:59:05 - GraphTrainer - INFO - map@20: 0.014429
2026-01-24 22:59:05 - GraphTrainer - INFO - mrr@20: 0.014593
2026-01-24 22:59:05 - GraphTrainer - INFO - ------------------------------------------------------------
2026-01-24 22:59:05 - GraphTrainer - INFO - ============================================================
2026-01-24 22:59:05 - GraphTrainer - INFO - 开始第 3/1000 轮训练
2026-01-24 22:59:05 - GraphTrainer - INFO - ============================================================
2026-01-24 22:59:57 - GraphTrainer - INFO - 验证结果:
2026-01-24 22:59:57 - GraphTrainer - INFO -   precision@5: 0.004743
2026-01-24 22:59:57 - GraphTrainer - INFO -   recall@5: 0.023455
2026-01-24 22:59:57 - GraphTrainer - INFO -   hit_rate@5: 0.023713
2026-01-24 22:59:57 - GraphTrainer - INFO -   ndcg@5: 0.015334
2026-01-24 22:59:57 - GraphTrainer - INFO -   map@5: 0.012637
2026-01-24 22:59:57 - GraphTrainer - INFO -   mrr@5: 0.012755
2026-01-24 22:59:57 - GraphTrainer - INFO -   precision@10: 0.003676
2026-01-24 22:59:57 - GraphTrainer - INFO -   recall@10: 0.036231
2026-01-24 22:59:57 - GraphTrainer - INFO -   hit_rate@10: 0.036687
2026-01-24 22:59:57 - GraphTrainer - INFO -   ndcg@10: 0.019449
2026-01-24 22:59:57 - GraphTrainer - INFO -   map@10: 0.014312
2026-01-24 22:59:57 - GraphTrainer - INFO -   mrr@10: 0.014450
2026-01-24 22:59:57 - GraphTrainer - INFO -   precision@20: 0.002887
2026-01-24 22:59:57 - GraphTrainer - INFO -   recall@20: 0.056855
2026-01-24 22:59:57 - GraphTrainer - INFO -   hit_rate@20: 0.057633
2026-01-24 22:59:57 - GraphTrainer - INFO -   ndcg@20: 0.024649
2026-01-24 22:59:57 - GraphTrainer - INFO -   map@20: 0.015717
2026-01-24 22:59:57 - GraphTrainer - INFO -   mrr@20: 0.015879
2026-01-24 22:59:57 - GraphTrainer - INFO - 第 3 轮训练完成
2026-01-24 22:59:57 - GraphTrainer - INFO - train_loss: 1.880434
2026-01-24 22:59:57 - GraphTrainer - INFO - precision@5: 0.004743
2026-01-24 22:59:57 - GraphTrainer - INFO - recall@5: 0.023455
2026-01-24 22:59:57 - GraphTrainer - INFO - hit_rate@5: 0.023713
2026-01-24 22:59:57 - GraphTrainer - INFO - ndcg@5: 0.015334
2026-01-24 22:59:57 - GraphTrainer - INFO - map@5: 0.012637
2026-01-24 22:59:57 - GraphTrainer - INFO - mrr@5: 0.012755
2026-01-24 22:59:57 - GraphTrainer - INFO - precision@10: 0.003676
2026-01-24 22:59:57 - GraphTrainer - INFO - recall@10: 0.036231
2026-01-24 22:59:57 - GraphTrainer - INFO - hit_rate@10: 0.036687
2026-01-24 22:59:57 - GraphTrainer - INFO - ndcg@10: 0.019449
2026-01-24 22:59:57 - GraphTrainer - INFO - map@10: 0.014312
2026-01-24 22:59:57 - GraphTrainer - INFO - mrr@10: 0.014450
2026-01-24 22:59:57 - GraphTrainer - INFO - precision@20: 0.002887
2026-01-24 22:59:57 - GraphTrainer - INFO - recall@20: 0.056855
2026-01-24 22:59:57 - GraphTrainer - INFO - hit_rate@20: 0.057633
2026-01-24 22:59:57 - GraphTrainer - INFO - ndcg@20: 0.024649
2026-01-24 22:59:57 - GraphTrainer - INFO - map@20: 0.015717
2026-01-24 22:59:57 - GraphTrainer - INFO - mrr@20: 0.015879
2026-01-24 22:59:57 - GraphTrainer - INFO - ------------------------------------------------------------
2026-01-24 22:59:57 - GraphTrainer - INFO - ============================================================
2026-01-24 22:59:57 - GraphTrainer - INFO - 开始第 4/1000 轮训练
2026-01-24 22:59:57 - GraphTrainer - INFO - ============================================================
2026-01-24 23:00:48 - GraphTrainer - INFO - 验证结果:
2026-01-24 23:00:48 - GraphTrainer - INFO -   precision@5: 0.004753
2026-01-24 23:00:48 - GraphTrainer - INFO -   recall@5: 0.023447
2026-01-24 23:00:48 - GraphTrainer - INFO -   hit_rate@5: 0.023764
2026-01-24 23:00:48 - GraphTrainer - INFO -   ndcg@5: 0.015407
2026-01-24 23:00:48 - GraphTrainer - INFO -   map@5: 0.012712
2026-01-24 23:00:48 - GraphTrainer - INFO -   mrr@5: 0.012865
2026-01-24 23:00:48 - GraphTrainer - INFO -   precision@10: 0.003813
2026-01-24 23:00:48 - GraphTrainer - INFO -   recall@10: 0.037472
2026-01-24 23:00:48 - GraphTrainer - INFO -   hit_rate@10: 0.038058
2026-01-24 23:00:48 - GraphTrainer - INFO -   ndcg@10: 0.019933
2026-01-24 23:00:48 - GraphTrainer - INFO -   map@10: 0.014555
2026-01-24 23:00:48 - GraphTrainer - INFO -   mrr@10: 0.014737
2026-01-24 23:00:48 - GraphTrainer - INFO -   precision@20: 0.002992
2026-01-24 23:00:48 - GraphTrainer - INFO -   recall@20: 0.058874
2026-01-24 23:00:48 - GraphTrainer - INFO -   hit_rate@20: 0.059690
2026-01-24 23:00:48 - GraphTrainer - INFO -   ndcg@20: 0.025317
2026-01-24 23:00:48 - GraphTrainer - INFO -   map@20: 0.016008
2026-01-24 23:00:48 - GraphTrainer - INFO -   mrr@20: 0.016205
2026-01-24 23:00:48 - GraphTrainer - INFO - 第 4 轮训练完成
2026-01-24 23:00:48 - GraphTrainer - INFO - train_loss: 1.823180
2026-01-24 23:00:48 - GraphTrainer - INFO - precision@5: 0.004753
2026-01-24 23:00:48 - GraphTrainer - INFO - recall@5: 0.023447
2026-01-24 23:00:48 - GraphTrainer - INFO - hit_rate@5: 0.023764
2026-01-24 23:00:48 - GraphTrainer - INFO - ndcg@5: 0.015407
2026-01-24 23:00:48 - GraphTrainer - INFO - map@5: 0.012712
2026-01-24 23:00:48 - GraphTrainer - INFO - mrr@5: 0.012865
2026-01-24 23:00:48 - GraphTrainer - INFO - precision@10: 0.003813
2026-01-24 23:00:48 - GraphTrainer - INFO - recall@10: 0.037472
2026-01-24 23:00:48 - GraphTrainer - INFO - hit_rate@10: 0.038058
2026-01-24 23:00:48 - GraphTrainer - INFO - ndcg@10: 0.019933
2026-01-24 23:00:48 - GraphTrainer - INFO - map@10: 0.014555
2026-01-24 23:00:48 - GraphTrainer - INFO - mrr@10: 0.014737
2026-01-24 23:00:48 - GraphTrainer - INFO - precision@20: 0.002992
2026-01-24 23:00:48 - GraphTrainer - INFO - recall@20: 0.058874
2026-01-24 23:00:48 - GraphTrainer - INFO - hit_rate@20: 0.059690
2026-01-24 23:00:48 - GraphTrainer - INFO - ndcg@20: 0.025317
2026-01-24 23:00:48 - GraphTrainer - INFO - map@20: 0.016008
2026-01-24 23:00:48 - GraphTrainer - INFO - mrr@20: 0.016205
2026-01-24 23:00:48 - GraphTrainer - INFO - ------------------------------------------------------------
2026-01-24 23:00:48 - GraphTrainer - INFO - ============================================================
2026-01-24 23:00:48 - GraphTrainer - INFO - 开始第 5/1000 轮训练
2026-01-24 23:00:48 - GraphTrainer - INFO - ============================================================
2026-01-24 23:01:40 - GraphTrainer - INFO - 验证结果:
2026-01-24 23:01:40 - GraphTrainer - INFO -   precision@5: 0.004915
2026-01-24 23:01:40 - GraphTrainer - INFO -   recall@5: 0.024242
2026-01-24 23:01:40 - GraphTrainer - INFO -   hit_rate@5: 0.024577
2026-01-24 23:01:40 - GraphTrainer - INFO -   ndcg@5: 0.015838
2026-01-24 23:01:40 - GraphTrainer - INFO -   map@5: 0.013020
2026-01-24 23:01:40 - GraphTrainer - INFO -   mrr@5: 0.013166
2026-01-24 23:01:40 - GraphTrainer - INFO -   precision@10: 0.003859
2026-01-24 23:01:40 - GraphTrainer - INFO -   recall@10: 0.037964
2026-01-24 23:01:40 - GraphTrainer - INFO -   hit_rate@10: 0.038515
2026-01-24 23:01:40 - GraphTrainer - INFO -   ndcg@10: 0.020252
2026-01-24 23:01:40 - GraphTrainer - INFO -   map@10: 0.014814
2026-01-24 23:01:40 - GraphTrainer - INFO -   mrr@10: 0.014981
2026-01-24 23:01:40 - GraphTrainer - INFO -   precision@20: 0.003028
2026-01-24 23:01:40 - GraphTrainer - INFO -   recall@20: 0.059653
2026-01-24 23:01:40 - GraphTrainer - INFO -   hit_rate@20: 0.060401
2026-01-24 23:01:40 - GraphTrainer - INFO -   ndcg@20: 0.025724
2026-01-24 23:01:40 - GraphTrainer - INFO -   map@20: 0.016301
2026-01-24 23:01:40 - GraphTrainer - INFO -   mrr@20: 0.016480
2026-01-24 23:01:40 - GraphTrainer - INFO - 第 5 轮训练完成
2026-01-24 23:01:40 - GraphTrainer - INFO - train_loss: 1.780771
2026-01-24 23:01:40 - GraphTrainer - INFO - precision@5: 0.004915
2026-01-24 23:01:40 - GraphTrainer - INFO - recall@5: 0.024242
2026-01-24 23:01:40 - GraphTrainer - INFO - hit_rate@5: 0.024577
2026-01-24 23:01:40 - GraphTrainer - INFO - ndcg@5: 0.015838
2026-01-24 23:01:40 - GraphTrainer - INFO - map@5: 0.013020
2026-01-24 23:01:40 - GraphTrainer - INFO - mrr@5: 0.013166
2026-01-24 23:01:40 - GraphTrainer - INFO - precision@10: 0.003859
2026-01-24 23:01:40 - GraphTrainer - INFO - recall@10: 0.037964
2026-01-24 23:01:40 - GraphTrainer - INFO - hit_rate@10: 0.038515
2026-01-24 23:01:40 - GraphTrainer - INFO - ndcg@10: 0.020252
2026-01-24 23:01:40 - GraphTrainer - INFO - map@10: 0.014814
2026-01-24 23:01:40 - GraphTrainer - INFO - mrr@10: 0.014981
2026-01-24 23:01:40 - GraphTrainer - INFO - precision@20: 0.003028
2026-01-24 23:01:40 - GraphTrainer - INFO - recall@20: 0.059653
2026-01-24 23:01:40 - GraphTrainer - INFO - hit_rate@20: 0.060401
2026-01-24 23:01:40 - GraphTrainer - INFO - ndcg@20: 0.025724
2026-01-24 23:01:40 - GraphTrainer - INFO - map@20: 0.016301
2026-01-24 23:01:40 - GraphTrainer - INFO - mrr@20: 0.016480
2026-01-24 23:01:40 - GraphTrainer - INFO - ------------------------------------------------------------
2026-01-24 23:01:40 - GraphTrainer - INFO - ============================================================
2026-01-24 23:01:40 - GraphTrainer - INFO - 开始第 6/1000 轮训练
2026-01-24 23:01:40 - GraphTrainer - INFO - ============================================================
2026-01-24 23:02:32 - GraphTrainer - INFO - 验证结果:
2026-01-24 23:02:32 - GraphTrainer - INFO -   precision@5: 0.005103
2026-01-24 23:02:32 - GraphTrainer - INFO -   recall@5: 0.025188
2026-01-24 23:02:32 - GraphTrainer - INFO -   hit_rate@5: 0.025516
2026-01-24 23:02:32 - GraphTrainer - INFO -   ndcg@5: 0.016486
2026-01-24 23:02:32 - GraphTrainer - INFO -   map@5: 0.013569
2026-01-24 23:02:32 - GraphTrainer - INFO -   mrr@5: 0.013740
2026-01-24 23:02:32 - GraphTrainer - INFO -   precision@10: 0.004022
2026-01-24 23:02:32 - GraphTrainer - INFO -   recall@10: 0.039615
2026-01-24 23:02:32 - GraphTrainer - INFO -   hit_rate@10: 0.040140
2026-01-24 23:02:32 - GraphTrainer - INFO -   ndcg@10: 0.021147
2026-01-24 23:02:32 - GraphTrainer - INFO -   map@10: 0.015477
2026-01-24 23:02:32 - GraphTrainer - INFO -   mrr@10: 0.015666
2026-01-24 23:02:32 - GraphTrainer - INFO -   precision@20: 0.003133
2026-01-24 23:02:32 - GraphTrainer - INFO -   recall@20: 0.061690
2026-01-24 23:02:32 - GraphTrainer - INFO -   hit_rate@20: 0.062508
2026-01-24 23:02:32 - GraphTrainer - INFO -   ndcg@20: 0.026710
2026-01-24 23:02:32 - GraphTrainer - INFO -   map@20: 0.016981
2026-01-24 23:02:32 - GraphTrainer - INFO -   mrr@20: 0.017189
2026-01-24 23:02:32 - GraphTrainer - INFO - 第 6 轮训练完成
2026-01-24 23:02:32 - GraphTrainer - INFO - train_loss: 1.743758
2026-01-24 23:02:32 - GraphTrainer - INFO - precision@5: 0.005103
2026-01-24 23:02:32 - GraphTrainer - INFO - recall@5: 0.025188
2026-01-24 23:02:32 - GraphTrainer - INFO - hit_rate@5: 0.025516
2026-01-24 23:02:32 - GraphTrainer - INFO - ndcg@5: 0.016486
2026-01-24 23:02:32 - GraphTrainer - INFO - map@5: 0.013569
2026-01-24 23:02:32 - GraphTrainer - INFO - mrr@5: 0.013740
2026-01-24 23:02:32 - GraphTrainer - INFO - precision@10: 0.004022
2026-01-24 23:02:32 - GraphTrainer - INFO - recall@10: 0.039615
2026-01-24 23:02:32 - GraphTrainer - INFO - hit_rate@10: 0.040140
2026-01-24 23:02:32 - GraphTrainer - INFO - ndcg@10: 0.021147
2026-01-24 23:02:32 - GraphTrainer - INFO - map@10: 0.015477
2026-01-24 23:02:32 - GraphTrainer - INFO - mrr@10: 0.015666
2026-01-24 23:02:32 - GraphTrainer - INFO - precision@20: 0.003133
2026-01-24 23:02:32 - GraphTrainer - INFO - recall@20: 0.061690
2026-01-24 23:02:32 - GraphTrainer - INFO - hit_rate@20: 0.062508
2026-01-24 23:02:32 - GraphTrainer - INFO - ndcg@20: 0.026710
2026-01-24 23:02:32 - GraphTrainer - INFO - map@20: 0.016981
2026-01-24 23:02:32 - GraphTrainer - INFO - mrr@20: 0.017189
2026-01-24 23:02:32 - GraphTrainer - INFO - ------------------------------------------------------------
2026-01-24 23:02:32 - GraphTrainer - INFO - ============================================================
2026-01-24 23:02:32 - GraphTrainer - INFO - 开始第 7/1000 轮训练
2026-01-24 23:02:32 - GraphTrainer - INFO - ============================================================
2026-01-24 23:03:23 - GraphTrainer - INFO - 验证结果:
2026-01-24 23:03:23 - GraphTrainer - INFO -   precision@5: 0.005235
2026-01-24 23:03:23 - GraphTrainer - INFO -   recall@5: 0.025802
2026-01-24 23:03:23 - GraphTrainer - INFO -   hit_rate@5: 0.026176
2026-01-24 23:03:23 - GraphTrainer - INFO -   ndcg@5: 0.016907
2026-01-24 23:03:23 - GraphTrainer - INFO -   map@5: 0.013941
2026-01-24 23:03:23 - GraphTrainer - INFO -   mrr@5: 0.014102
2026-01-24 23:03:23 - GraphTrainer - INFO -   precision@10: 0.004154
2026-01-24 23:03:23 - GraphTrainer - INFO -   recall@10: 0.040843
2026-01-24 23:03:23 - GraphTrainer - INFO -   hit_rate@10: 0.041460
2026-01-24 23:03:23 - GraphTrainer - INFO -   ndcg@10: 0.021735
2026-01-24 23:03:23 - GraphTrainer - INFO -   map@10: 0.015896
2026-01-24 23:03:23 - GraphTrainer - INFO -   mrr@10: 0.016083
2026-01-24 23:03:23 - GraphTrainer - INFO -   precision@20: 0.003176
2026-01-24 23:03:23 - GraphTrainer - INFO -   recall@20: 0.062498
2026-01-24 23:03:23 - GraphTrainer - INFO -   hit_rate@20: 0.063422
2026-01-24 23:03:23 - GraphTrainer - INFO -   ndcg@20: 0.027194
2026-01-24 23:03:23 - GraphTrainer - INFO -   map@20: 0.017373
2026-01-24 23:03:23 - GraphTrainer - INFO -   mrr@20: 0.017578
2026-01-24 23:03:23 - GraphTrainer - INFO - 第 7 轮训练完成
2026-01-24 23:03:23 - GraphTrainer - INFO - train_loss: 1.711488
2026-01-24 23:03:23 - GraphTrainer - INFO - precision@5: 0.005235
2026-01-24 23:03:23 - GraphTrainer - INFO - recall@5: 0.025802
2026-01-24 23:03:23 - GraphTrainer - INFO - hit_rate@5: 0.026176
2026-01-24 23:03:23 - GraphTrainer - INFO - ndcg@5: 0.016907
2026-01-24 23:03:23 - GraphTrainer - INFO - map@5: 0.013941
2026-01-24 23:03:23 - GraphTrainer - INFO - mrr@5: 0.014102
2026-01-24 23:03:23 - GraphTrainer - INFO - precision@10: 0.004154
2026-01-24 23:03:23 - GraphTrainer - INFO - recall@10: 0.040843
2026-01-24 23:03:23 - GraphTrainer - INFO - hit_rate@10: 0.041460
2026-01-24 23:03:23 - GraphTrainer - INFO - ndcg@10: 0.021735
2026-01-24 23:03:23 - GraphTrainer - INFO - map@10: 0.015896
2026-01-24 23:03:23 - GraphTrainer - INFO - mrr@10: 0.016083
2026-01-24 23:03:23 - GraphTrainer - INFO - precision@20: 0.003176
2026-01-24 23:03:23 - GraphTrainer - INFO - recall@20: 0.062498
2026-01-24 23:03:23 - GraphTrainer - INFO - hit_rate@20: 0.063422
2026-01-24 23:03:23 - GraphTrainer - INFO - ndcg@20: 0.027194
2026-01-24 23:03:23 - GraphTrainer - INFO - map@20: 0.017373
2026-01-24 23:03:23 - GraphTrainer - INFO - mrr@20: 0.017578
2026-01-24 23:03:23 - GraphTrainer - INFO - ------------------------------------------------------------
2026-01-24 23:03:23 - GraphTrainer - INFO - ============================================================
2026-01-24 23:03:23 - GraphTrainer - INFO - 开始第 8/1000 轮训练
2026-01-24 23:03:23 - GraphTrainer - INFO - ============================================================
2026-01-24 23:04:14 - GraphTrainer - INFO - 验证结果:
2026-01-24 23:04:14 - GraphTrainer - INFO -   precision@5: 0.005332
2026-01-24 23:04:14 - GraphTrainer - INFO -   recall@5: 0.026295
2026-01-24 23:04:14 - GraphTrainer - INFO -   hit_rate@5: 0.026659
2026-01-24 23:04:14 - GraphTrainer - INFO -   ndcg@5: 0.017287
2026-01-24 23:04:14 - GraphTrainer - INFO -   map@5: 0.014269
2026-01-24 23:04:14 - GraphTrainer - INFO -   mrr@5: 0.014455
2026-01-24 23:04:14 - GraphTrainer - INFO -   precision@10: 0.004222
2026-01-24 23:04:14 - GraphTrainer - INFO -   recall@10: 0.041630
2026-01-24 23:04:14 - GraphTrainer - INFO -   hit_rate@10: 0.042146
2026-01-24 23:04:14 - GraphTrainer - INFO -   ndcg@10: 0.022228
2026-01-24 23:04:14 - GraphTrainer - INFO -   map@10: 0.016286
2026-01-24 23:04:14 - GraphTrainer - INFO -   mrr@10: 0.016488
2026-01-24 23:04:14 - GraphTrainer - INFO -   precision@20: 0.003237
2026-01-24 23:04:14 - GraphTrainer - INFO -   recall@20: 0.063857
2026-01-24 23:04:14 - GraphTrainer - INFO -   hit_rate@20: 0.064615
2026-01-24 23:04:14 - GraphTrainer - INFO -   ndcg@20: 0.027811
2026-01-24 23:04:14 - GraphTrainer - INFO -   map@20: 0.017788
2026-01-24 23:04:14 - GraphTrainer - INFO -   mrr@20: 0.018006
2026-01-24 23:04:14 - GraphTrainer - INFO - 第 8 轮训练完成
2026-01-24 23:04:14 - GraphTrainer - INFO - train_loss: 1.680196
2026-01-24 23:04:14 - GraphTrainer - INFO - precision@5: 0.005332
2026-01-24 23:04:14 - GraphTrainer - INFO - recall@5: 0.026295
2026-01-24 23:04:14 - GraphTrainer - INFO - hit_rate@5: 0.026659
2026-01-24 23:04:14 - GraphTrainer - INFO - ndcg@5: 0.017287
2026-01-24 23:04:14 - GraphTrainer - INFO - map@5: 0.014269
2026-01-24 23:04:14 - GraphTrainer - INFO - mrr@5: 0.014455
2026-01-24 23:04:14 - GraphTrainer - INFO - precision@10: 0.004222
2026-01-24 23:04:14 - GraphTrainer - INFO - recall@10: 0.041630
2026-01-24 23:04:14 - GraphTrainer - INFO - hit_rate@10: 0.042146
2026-01-24 23:04:14 - GraphTrainer - INFO - ndcg@10: 0.022228
2026-01-24 23:04:14 - GraphTrainer - INFO - map@10: 0.016286
2026-01-24 23:04:14 - GraphTrainer - INFO - mrr@10: 0.016488
2026-01-24 23:04:14 - GraphTrainer - INFO - precision@20: 0.003237
2026-01-24 23:04:14 - GraphTrainer - INFO - recall@20: 0.063857
2026-01-24 23:04:14 - GraphTrainer - INFO - hit_rate@20: 0.064615
2026-01-24 23:04:14 - GraphTrainer - INFO - ndcg@20: 0.027811
2026-01-24 23:04:14 - GraphTrainer - INFO - map@20: 0.017788
2026-01-24 23:04:14 - GraphTrainer - INFO - mrr@20: 0.018006
2026-01-24 23:04:14 - GraphTrainer - INFO - ------------------------------------------------------------
2026-01-24 23:04:14 - GraphTrainer - INFO - ============================================================
2026-01-24 23:04:14 - GraphTrainer - INFO - 开始第 9/1000 轮训练
2026-01-24 23:04:14 - GraphTrainer - INFO - ============================================================
2026-01-24 23:05:06 - GraphTrainer - INFO - 验证结果:
2026-01-24 23:05:06 - GraphTrainer - INFO -   precision@5: 0.005433
2026-01-24 23:05:06 - GraphTrainer - INFO -   recall@5: 0.026851
2026-01-24 23:05:06 - GraphTrainer - INFO -   hit_rate@5: 0.027166
2026-01-24 23:05:06 - GraphTrainer - INFO -   ndcg@5: 0.017557
2026-01-24 23:05:06 - GraphTrainer - INFO -   map@5: 0.014465
2026-01-24 23:05:06 - GraphTrainer - INFO -   mrr@5: 0.014628
2026-01-24 23:05:06 - GraphTrainer - INFO -   precision@10: 0.004276
2026-01-24 23:05:06 - GraphTrainer - INFO -   recall@10: 0.042169
2026-01-24 23:05:06 - GraphTrainer - INFO -   hit_rate@10: 0.042679
2026-01-24 23:05:06 - GraphTrainer - INFO -   ndcg@10: 0.022491
2026-01-24 23:05:06 - GraphTrainer - INFO -   map@10: 0.016476
2026-01-24 23:05:06 - GraphTrainer - INFO -   mrr@10: 0.016659
2026-01-24 23:05:06 - GraphTrainer - INFO -   precision@20: 0.003256
2026-01-24 23:05:06 - GraphTrainer - INFO -   recall@20: 0.064187
2026-01-24 23:05:06 - GraphTrainer - INFO -   hit_rate@20: 0.064996
2026-01-24 23:05:06 - GraphTrainer - INFO -   ndcg@20: 0.028046
2026-01-24 23:05:06 - GraphTrainer - INFO -   map@20: 0.017980
2026-01-24 23:05:06 - GraphTrainer - INFO -   mrr@20: 0.018183
2026-01-24 23:05:06 - GraphTrainer - INFO - 第 9 轮训练完成
2026-01-24 23:05:06 - GraphTrainer - INFO - train_loss: 1.656623
2026-01-24 23:05:06 - GraphTrainer - INFO - precision@5: 0.005433
2026-01-24 23:05:06 - GraphTrainer - INFO - recall@5: 0.026851
2026-01-24 23:05:06 - GraphTrainer - INFO - hit_rate@5: 0.027166
2026-01-24 23:05:06 - GraphTrainer - INFO - ndcg@5: 0.017557
2026-01-24 23:05:06 - GraphTrainer - INFO - map@5: 0.014465
2026-01-24 23:05:06 - GraphTrainer - INFO - mrr@5: 0.014628
2026-01-24 23:05:06 - GraphTrainer - INFO - precision@10: 0.004276
2026-01-24 23:05:06 - GraphTrainer - INFO - recall@10: 0.042169
2026-01-24 23:05:06 - GraphTrainer - INFO - hit_rate@10: 0.042679
2026-01-24 23:05:06 - GraphTrainer - INFO - ndcg@10: 0.022491
2026-01-24 23:05:06 - GraphTrainer - INFO - map@10: 0.016476
2026-01-24 23:05:06 - GraphTrainer - INFO - mrr@10: 0.016659
2026-01-24 23:05:06 - GraphTrainer - INFO - precision@20: 0.003256
2026-01-24 23:05:06 - GraphTrainer - INFO - recall@20: 0.064187
2026-01-24 23:05:06 - GraphTrainer - INFO - hit_rate@20: 0.064996
2026-01-24 23:05:06 - GraphTrainer - INFO - ndcg@20: 0.028046
2026-01-24 23:05:06 - GraphTrainer - INFO - map@20: 0.017980
2026-01-24 23:05:06 - GraphTrainer - INFO - mrr@20: 0.018183
2026-01-24 23:05:06 - GraphTrainer - INFO - ------------------------------------------------------------
2026-01-24 23:05:06 - GraphTrainer - INFO - ============================================================
2026-01-24 23:05:06 - GraphTrainer - INFO - 开始第 10/1000 轮训练
2026-01-24 23:05:06 - GraphTrainer - INFO - ============================================================
2026-01-24 23:05:57 - GraphTrainer - INFO - 验证结果:
2026-01-24 23:05:57 - GraphTrainer - INFO -   precision@5: 0.005382
2026-01-24 23:05:57 - GraphTrainer - INFO -   recall@5: 0.026536
2026-01-24 23:05:57 - GraphTrainer - INFO -   hit_rate@5: 0.026862
2026-01-24 23:05:57 - GraphTrainer - INFO -   ndcg@5: 0.017423
2026-01-24 23:05:57 - GraphTrainer - INFO -   map@5: 0.014380
2026-01-24 23:05:57 - GraphTrainer - INFO -   mrr@5: 0.014538
2026-01-24 23:05:57 - GraphTrainer - INFO -   precision@10: 0.004324
2026-01-24 23:05:57 - GraphTrainer - INFO -   recall@10: 0.042572
2026-01-24 23:05:57 - GraphTrainer - INFO -   hit_rate@10: 0.043161
2026-01-24 23:05:57 - GraphTrainer - INFO -   ndcg@10: 0.022611
2026-01-24 23:05:57 - GraphTrainer - INFO -   map@10: 0.016505
2026-01-24 23:05:57 - GraphTrainer - INFO -   mrr@10: 0.016694
2026-01-24 23:05:57 - GraphTrainer - INFO -   precision@20: 0.003270
2026-01-24 23:05:57 - GraphTrainer - INFO -   recall@20: 0.064305
2026-01-24 23:05:57 - GraphTrainer - INFO -   hit_rate@20: 0.065250
2026-01-24 23:05:57 - GraphTrainer - INFO -   ndcg@20: 0.028090
2026-01-24 23:05:57 - GraphTrainer - INFO -   map@20: 0.017984
2026-01-24 23:05:57 - GraphTrainer - INFO -   mrr@20: 0.018195
2026-01-24 23:05:57 - GraphTrainer - INFO - 第 10 轮训练完成
2026-01-24 23:05:57 - GraphTrainer - INFO - train_loss: 1.622112
2026-01-24 23:05:57 - GraphTrainer - INFO - precision@5: 0.005382
2026-01-24 23:05:57 - GraphTrainer - INFO - recall@5: 0.026536
2026-01-24 23:05:57 - GraphTrainer - INFO - hit_rate@5: 0.026862
2026-01-24 23:05:57 - GraphTrainer - INFO - ndcg@5: 0.017423
2026-01-24 23:05:57 - GraphTrainer - INFO - map@5: 0.014380
2026-01-24 23:05:57 - GraphTrainer - INFO - mrr@5: 0.014538
2026-01-24 23:05:57 - GraphTrainer - INFO - precision@10: 0.004324
2026-01-24 23:05:57 - GraphTrainer - INFO - recall@10: 0.042572
2026-01-24 23:05:57 - GraphTrainer - INFO - hit_rate@10: 0.043161
2026-01-24 23:05:57 - GraphTrainer - INFO - ndcg@10: 0.022611
2026-01-24 23:05:57 - GraphTrainer - INFO - map@10: 0.016505
2026-01-24 23:05:57 - GraphTrainer - INFO - mrr@10: 0.016694
2026-01-24 23:05:57 - GraphTrainer - INFO - precision@20: 0.003270
2026-01-24 23:05:57 - GraphTrainer - INFO - recall@20: 0.064305
2026-01-24 23:05:57 - GraphTrainer - INFO - hit_rate@20: 0.065250
2026-01-24 23:05:57 - GraphTrainer - INFO - ndcg@20: 0.028090
2026-01-24 23:05:57 - GraphTrainer - INFO - map@20: 0.017984
2026-01-24 23:05:57 - GraphTrainer - INFO - mrr@20: 0.018195
2026-01-24 23:05:57 - GraphTrainer - INFO - ------------------------------------------------------------
2026-01-24 23:05:58 - GraphTrainer - INFO - 检查点已保存: Epoch 10 -> ./checkpoints/checkpoint_epoch_10.pth
2026-01-24 23:05:58 - GraphTrainer - INFO - ============================================================
2026-01-24 23:05:58 - GraphTrainer - INFO - 开始第 11/1000 轮训练
2026-01-24 23:05:58 - GraphTrainer - INFO - ============================================================
2026-01-24 23:06:49 - GraphTrainer - INFO - 验证结果:
2026-01-24 23:06:49 - GraphTrainer - INFO -   precision@5: 0.005515
2026-01-24 23:06:49 - GraphTrainer - INFO -   recall@5: 0.027221
2026-01-24 23:06:49 - GraphTrainer - INFO -   hit_rate@5: 0.027522
2026-01-24 23:06:49 - GraphTrainer - INFO -   ndcg@5: 0.017913
2026-01-24 23:06:49 - GraphTrainer - INFO -   map@5: 0.014814
2026-01-24 23:06:49 - GraphTrainer - INFO -   mrr@5: 0.014962
2026-01-24 23:06:49 - GraphTrainer - INFO -   precision@10: 0.004352
2026-01-24 23:06:49 - GraphTrainer - INFO -   recall@10: 0.042872
2026-01-24 23:06:49 - GraphTrainer - INFO -   hit_rate@10: 0.043415
2026-01-24 23:06:49 - GraphTrainer - INFO -   ndcg@10: 0.022956
2026-01-24 23:06:49 - GraphTrainer - INFO -   map@10: 0.016867
2026-01-24 23:06:49 - GraphTrainer - INFO -   mrr@10: 0.017043
2026-01-24 23:06:49 - GraphTrainer - INFO -   precision@20: 0.003312
2026-01-24 23:06:49 - GraphTrainer - INFO -   recall@20: 0.065253
2026-01-24 23:06:49 - GraphTrainer - INFO -   hit_rate@20: 0.066088
2026-01-24 23:06:49 - GraphTrainer - INFO -   ndcg@20: 0.028606
2026-01-24 23:06:49 - GraphTrainer - INFO -   map@20: 0.018400
2026-01-24 23:06:49 - GraphTrainer - INFO -   mrr@20: 0.018595
2026-01-24 23:06:49 - GraphTrainer - INFO - 第 11 轮训练完成
2026-01-24 23:06:49 - GraphTrainer - INFO - train_loss: 1.598761
2026-01-24 23:06:49 - GraphTrainer - INFO - precision@5: 0.005515
2026-01-24 23:06:49 - GraphTrainer - INFO - recall@5: 0.027221
2026-01-24 23:06:49 - GraphTrainer - INFO - hit_rate@5: 0.027522
2026-01-24 23:06:49 - GraphTrainer - INFO - ndcg@5: 0.017913
2026-01-24 23:06:49 - GraphTrainer - INFO - map@5: 0.014814
2026-01-24 23:06:49 - GraphTrainer - INFO - mrr@5: 0.014962
2026-01-24 23:06:49 - GraphTrainer - INFO - precision@10: 0.004352
2026-01-24 23:06:49 - GraphTrainer - INFO - recall@10: 0.042872
2026-01-24 23:06:49 - GraphTrainer - INFO - hit_rate@10: 0.043415
2026-01-24 23:06:49 - GraphTrainer - INFO - ndcg@10: 0.022956
2026-01-24 23:06:49 - GraphTrainer - INFO - map@10: 0.016867
2026-01-24 23:06:49 - GraphTrainer - INFO - mrr@10: 0.017043
2026-01-24 23:06:49 - GraphTrainer - INFO - precision@20: 0.003312
2026-01-24 23:06:49 - GraphTrainer - INFO - recall@20: 0.065253
2026-01-24 23:06:49 - GraphTrainer - INFO - hit_rate@20: 0.066088
2026-01-24 23:06:49 - GraphTrainer - INFO - ndcg@20: 0.028606
2026-01-24 23:06:49 - GraphTrainer - INFO - map@20: 0.018400
2026-01-24 23:06:49 - GraphTrainer - INFO - mrr@20: 0.018595
2026-01-24 23:06:49 - GraphTrainer - INFO - ------------------------------------------------------------
2026-01-24 23:06:49 - GraphTrainer - INFO - ============================================================
2026-01-24 23:06:49 - GraphTrainer - INFO - 开始第 12/1000 轮训练
2026-01-24 23:06:49 - GraphTrainer - INFO - ============================================================
2026-01-24 23:07:40 - GraphTrainer - INFO - 验证结果:
2026-01-24 23:07:40 - GraphTrainer - INFO -   precision@5: 0.005641
2026-01-24 23:07:40 - GraphTrainer - INFO -   recall@5: 0.027816
2026-01-24 23:07:40 - GraphTrainer - INFO -   hit_rate@5: 0.028207
2026-01-24 23:07:40 - GraphTrainer - INFO -   ndcg@5: 0.018120
2026-01-24 23:07:40 - GraphTrainer - INFO -   map@5: 0.014880
2026-01-24 23:07:40 - GraphTrainer - INFO -   mrr@5: 0.015073
2026-01-24 23:07:40 - GraphTrainer - INFO -   precision@10: 0.004451
2026-01-24 23:07:40 - GraphTrainer - INFO -   recall@10: 0.043841
2026-01-24 23:07:40 - GraphTrainer - INFO -   hit_rate@10: 0.044431
2026-01-24 23:07:40 - GraphTrainer - INFO -   ndcg@10: 0.023308
2026-01-24 23:07:40 - GraphTrainer - INFO -   map@10: 0.017010
2026-01-24 23:07:40 - GraphTrainer - INFO -   mrr@10: 0.017223
2026-01-24 23:07:40 - GraphTrainer - INFO -   precision@20: 0.003403
2026-01-24 23:07:40 - GraphTrainer - INFO -   recall@20: 0.067030
2026-01-24 23:07:40 - GraphTrainer - INFO -   hit_rate@20: 0.067890
2026-01-24 23:07:40 - GraphTrainer - INFO -   ndcg@20: 0.029163
2026-01-24 23:07:40 - GraphTrainer - INFO -   map@20: 0.018600
2026-01-24 23:07:40 - GraphTrainer - INFO -   mrr@20: 0.018831
2026-01-24 23:07:40 - GraphTrainer - INFO - 第 12 轮训练完成
2026-01-24 23:07:40 - GraphTrainer - INFO - train_loss: 1.570247
2026-01-24 23:07:40 - GraphTrainer - INFO - precision@5: 0.005641
2026-01-24 23:07:40 - GraphTrainer - INFO - recall@5: 0.027816
2026-01-24 23:07:40 - GraphTrainer - INFO - hit_rate@5: 0.028207
2026-01-24 23:07:40 - GraphTrainer - INFO - ndcg@5: 0.018120
2026-01-24 23:07:40 - GraphTrainer - INFO - map@5: 0.014880
2026-01-24 23:07:40 - GraphTrainer - INFO - mrr@5: 0.015073
2026-01-24 23:07:40 - GraphTrainer - INFO - precision@10: 0.004451
2026-01-24 23:07:40 - GraphTrainer - INFO - recall@10: 0.043841
2026-01-24 23:07:40 - GraphTrainer - INFO - hit_rate@10: 0.044431
2026-01-24 23:07:40 - GraphTrainer - INFO - ndcg@10: 0.023308
2026-01-24 23:07:40 - GraphTrainer - INFO - map@10: 0.017010
2026-01-24 23:07:40 - GraphTrainer - INFO - mrr@10: 0.017223
2026-01-24 23:07:40 - GraphTrainer - INFO - precision@20: 0.003403
2026-01-24 23:07:40 - GraphTrainer - INFO - recall@20: 0.067030
2026-01-24 23:07:40 - GraphTrainer - INFO - hit_rate@20: 0.067890
2026-01-24 23:07:40 - GraphTrainer - INFO - ndcg@20: 0.029163
2026-01-24 23:07:40 - GraphTrainer - INFO - map@20: 0.018600
2026-01-24 23:07:40 - GraphTrainer - INFO - mrr@20: 0.018831
2026-01-24 23:07:40 - GraphTrainer - INFO - ------------------------------------------------------------
2026-01-24 23:07:40 - GraphTrainer - INFO - ============================================================
2026-01-24 23:07:40 - GraphTrainer - INFO - 开始第 13/1000 轮训练
2026-01-24 23:07:40 - GraphTrainer - INFO - ============================================================
2026-01-24 23:08:32 - GraphTrainer - INFO - 验证结果:
2026-01-24 23:08:32 - GraphTrainer - INFO -   precision@5: 0.005581
2026-01-24 23:08:32 - GraphTrainer - INFO -   recall@5: 0.027632
2026-01-24 23:08:32 - GraphTrainer - INFO -   hit_rate@5: 0.027903
2026-01-24 23:08:32 - GraphTrainer - INFO -   ndcg@5: 0.017913
2026-01-24 23:08:32 - GraphTrainer - INFO -   map@5: 0.014679
2026-01-24 23:08:32 - GraphTrainer - INFO -   mrr@5: 0.014818
2026-01-24 23:08:32 - GraphTrainer - INFO -   precision@10: 0.004402
2026-01-24 23:08:32 - GraphTrainer - INFO -   recall@10: 0.043302
2026-01-24 23:08:32 - GraphTrainer - INFO -   hit_rate@10: 0.043949
2026-01-24 23:08:32 - GraphTrainer - INFO -   ndcg@10: 0.022963
2026-01-24 23:08:32 - GraphTrainer - INFO -   map@10: 0.016728
2026-01-24 23:08:32 - GraphTrainer - INFO -   mrr@10: 0.016909
2026-01-24 23:08:32 - GraphTrainer - INFO -   precision@20: 0.003426
2026-01-24 23:08:32 - GraphTrainer - INFO -   recall@20: 0.067426
2026-01-24 23:08:32 - GraphTrainer - INFO -   hit_rate@20: 0.068373
2026-01-24 23:08:32 - GraphTrainer - INFO -   ndcg@20: 0.029063
2026-01-24 23:08:32 - GraphTrainer - INFO -   map@20: 0.018388
2026-01-24 23:08:32 - GraphTrainer - INFO -   mrr@20: 0.018587
2026-01-24 23:08:32 - GraphTrainer - INFO - 第 13 轮训练完成
2026-01-24 23:08:32 - GraphTrainer - INFO - train_loss: 1.550288
2026-01-24 23:08:32 - GraphTrainer - INFO - precision@5: 0.005581
2026-01-24 23:08:32 - GraphTrainer - INFO - recall@5: 0.027632
2026-01-24 23:08:32 - GraphTrainer - INFO - hit_rate@5: 0.027903
2026-01-24 23:08:32 - GraphTrainer - INFO - ndcg@5: 0.017913
2026-01-24 23:08:32 - GraphTrainer - INFO - map@5: 0.014679
2026-01-24 23:08:32 - GraphTrainer - INFO - mrr@5: 0.014818
2026-01-24 23:08:32 - GraphTrainer - INFO - precision@10: 0.004402
2026-01-24 23:08:32 - GraphTrainer - INFO - recall@10: 0.043302
2026-01-24 23:08:32 - GraphTrainer - INFO - hit_rate@10: 0.043949
2026-01-24 23:08:32 - GraphTrainer - INFO - ndcg@10: 0.022963
2026-01-24 23:08:32 - GraphTrainer - INFO - map@10: 0.016728
2026-01-24 23:08:32 - GraphTrainer - INFO - mrr@10: 0.016909
2026-01-24 23:08:32 - GraphTrainer - INFO - precision@20: 0.003426
2026-01-24 23:08:32 - GraphTrainer - INFO - recall@20: 0.067426
2026-01-24 23:08:32 - GraphTrainer - INFO - hit_rate@20: 0.068373
2026-01-24 23:08:32 - GraphTrainer - INFO - ndcg@20: 0.029063
2026-01-24 23:08:32 - GraphTrainer - INFO - map@20: 0.018388
2026-01-24 23:08:32 - GraphTrainer - INFO - mrr@20: 0.018587
2026-01-24 23:08:32 - GraphTrainer - INFO - ------------------------------------------------------------
2026-01-24 23:08:32 - GraphTrainer - INFO - ============================================================
2026-01-24 23:08:32 - GraphTrainer - INFO - 开始第 14/1000 轮训练
2026-01-24 23:08:32 - GraphTrainer - INFO - ============================================================
2026-01-24 23:09:24 - GraphTrainer - INFO - 验证结果:
2026-01-24 23:09:24 - GraphTrainer - INFO -   precision@5: 0.005388
2026-01-24 23:09:24 - GraphTrainer - INFO -   recall@5: 0.026591
2026-01-24 23:09:24 - GraphTrainer - INFO -   hit_rate@5: 0.026912
2026-01-24 23:09:24 - GraphTrainer - INFO -   ndcg@5: 0.017527
2026-01-24 23:09:24 - GraphTrainer - INFO -   map@5: 0.014493
2026-01-24 23:09:24 - GraphTrainer - INFO -   mrr@5: 0.014656
2026-01-24 23:09:24 - GraphTrainer - INFO -   precision@10: 0.004387
2026-01-24 23:09:24 - GraphTrainer - INFO -   recall@10: 0.043221
2026-01-24 23:09:24 - GraphTrainer - INFO -   hit_rate@10: 0.043771
2026-01-24 23:09:24 - GraphTrainer - INFO -   ndcg@10: 0.022892
2026-01-24 23:09:24 - GraphTrainer - INFO -   map@10: 0.016683
2026-01-24 23:09:24 - GraphTrainer - INFO -   mrr@10: 0.016872
2026-01-24 23:09:24 - GraphTrainer - INFO -   precision@20: 0.003377
2026-01-24 23:09:24 - GraphTrainer - INFO -   recall@20: 0.066512
2026-01-24 23:09:24 - GraphTrainer - INFO -   hit_rate@20: 0.067383
2026-01-24 23:09:24 - GraphTrainer - INFO -   ndcg@20: 0.028764
2026-01-24 23:09:24 - GraphTrainer - INFO -   map@20: 0.018273
2026-01-24 23:09:24 - GraphTrainer - INFO -   mrr@20: 0.018482
2026-01-24 23:09:24 - GraphTrainer - INFO - 第 14 轮训练完成
2026-01-24 23:09:24 - GraphTrainer - INFO - train_loss: 1.530454
2026-01-24 23:09:24 - GraphTrainer - INFO - precision@5: 0.005388
2026-01-24 23:09:24 - GraphTrainer - INFO - recall@5: 0.026591
2026-01-24 23:09:24 - GraphTrainer - INFO - hit_rate@5: 0.026912
2026-01-24 23:09:24 - GraphTrainer - INFO - ndcg@5: 0.017527
2026-01-24 23:09:24 - GraphTrainer - INFO - map@5: 0.014493
2026-01-24 23:09:24 - GraphTrainer - INFO - mrr@5: 0.014656
2026-01-24 23:09:24 - GraphTrainer - INFO - precision@10: 0.004387
2026-01-24 23:09:24 - GraphTrainer - INFO - recall@10: 0.043221
2026-01-24 23:09:24 - GraphTrainer - INFO - hit_rate@10: 0.043771
2026-01-24 23:09:24 - GraphTrainer - INFO - ndcg@10: 0.022892
2026-01-24 23:09:24 - GraphTrainer - INFO - map@10: 0.016683
2026-01-24 23:09:24 - GraphTrainer - INFO - mrr@10: 0.016872
2026-01-24 23:09:24 - GraphTrainer - INFO - precision@20: 0.003377
2026-01-24 23:09:24 - GraphTrainer - INFO - recall@20: 0.066512
2026-01-24 23:09:24 - GraphTrainer - INFO - hit_rate@20: 0.067383
2026-01-24 23:09:24 - GraphTrainer - INFO - ndcg@20: 0.028764
2026-01-24 23:09:24 - GraphTrainer - INFO - map@20: 0.018273
2026-01-24 23:09:24 - GraphTrainer - INFO - mrr@20: 0.018482
2026-01-24 23:09:24 - GraphTrainer - INFO - ------------------------------------------------------------
2026-01-24 23:09:24 - GraphTrainer - INFO - ============================================================
2026-01-24 23:09:24 - GraphTrainer - INFO - 开始第 15/1000 轮训练
2026-01-24 23:09:24 - GraphTrainer - INFO - ============================================================
2026-01-24 23:10:15 - GraphTrainer - INFO - 验证结果:
2026-01-24 23:10:15 - GraphTrainer - INFO -   precision@5: 0.005636
2026-01-24 23:10:15 - GraphTrainer - INFO -   recall@5: 0.027810
2026-01-24 23:10:15 - GraphTrainer - INFO -   hit_rate@5: 0.028131
2026-01-24 23:10:15 - GraphTrainer - INFO -   ndcg@5: 0.018236
2026-01-24 23:10:15 - GraphTrainer - INFO -   map@5: 0.015049
2026-01-24 23:10:15 - GraphTrainer - INFO -   mrr@5: 0.015197
2026-01-24 23:10:15 - GraphTrainer - INFO -   precision@10: 0.004631
2026-01-24 23:10:15 - GraphTrainer - INFO -   recall@10: 0.045563
2026-01-24 23:10:15 - GraphTrainer - INFO -   hit_rate@10: 0.046208
2026-01-24 23:10:15 - GraphTrainer - INFO -   ndcg@10: 0.023952
2026-01-24 23:10:15 - GraphTrainer - INFO -   map@10: 0.017370
2026-01-24 23:10:15 - GraphTrainer - INFO -   mrr@10: 0.017557
2026-01-24 23:10:15 - GraphTrainer - INFO -   precision@20: 0.003429
2026-01-24 23:10:15 - GraphTrainer - INFO -   recall@20: 0.067462
2026-01-24 23:10:15 - GraphTrainer - INFO -   hit_rate@20: 0.068449
2026-01-24 23:10:15 - GraphTrainer - INFO -   ndcg@20: 0.029469
2026-01-24 23:10:15 - GraphTrainer - INFO -   map@20: 0.018860
2026-01-24 23:10:15 - GraphTrainer - INFO -   mrr@20: 0.019070
2026-01-24 23:10:15 - GraphTrainer - INFO - 第 15 轮训练完成
2026-01-24 23:10:15 - GraphTrainer - INFO - train_loss: 1.516237
2026-01-24 23:10:15 - GraphTrainer - INFO - precision@5: 0.005636
2026-01-24 23:10:15 - GraphTrainer - INFO - recall@5: 0.027810
2026-01-24 23:10:15 - GraphTrainer - INFO - hit_rate@5: 0.028131
2026-01-24 23:10:15 - GraphTrainer - INFO - ndcg@5: 0.018236
2026-01-24 23:10:15 - GraphTrainer - INFO - map@5: 0.015049
2026-01-24 23:10:15 - GraphTrainer - INFO - mrr@5: 0.015197
2026-01-24 23:10:15 - GraphTrainer - INFO - precision@10: 0.004631
2026-01-24 23:10:15 - GraphTrainer - INFO - recall@10: 0.045563
2026-01-24 23:10:15 - GraphTrainer - INFO - hit_rate@10: 0.046208
2026-01-24 23:10:15 - GraphTrainer - INFO - ndcg@10: 0.023952
2026-01-24 23:10:15 - GraphTrainer - INFO - map@10: 0.017370
2026-01-24 23:10:15 - GraphTrainer - INFO - mrr@10: 0.017557
2026-01-24 23:10:15 - GraphTrainer - INFO - precision@20: 0.003429
2026-01-24 23:10:15 - GraphTrainer - INFO - recall@20: 0.067462
2026-01-24 23:10:15 - GraphTrainer - INFO - hit_rate@20: 0.068449
2026-01-24 23:10:15 - GraphTrainer - INFO - ndcg@20: 0.029469
2026-01-24 23:10:15 - GraphTrainer - INFO - map@20: 0.018860
2026-01-24 23:10:15 - GraphTrainer - INFO - mrr@20: 0.019070
2026-01-24 23:10:15 - GraphTrainer - INFO - ------------------------------------------------------------
2026-01-24 23:10:15 - GraphTrainer - INFO - ============================================================
2026-01-24 23:10:15 - GraphTrainer - INFO - 开始第 16/1000 轮训练
2026-01-24 23:10:15 - GraphTrainer - INFO - ============================================================
2026-01-24 23:11:07 - GraphTrainer - INFO - 验证结果:
2026-01-24 23:11:07 - GraphTrainer - INFO -   precision@5: 0.005758
2026-01-24 23:11:07 - GraphTrainer - INFO -   recall@5: 0.028404
2026-01-24 23:11:07 - GraphTrainer - INFO -   hit_rate@5: 0.028740
2026-01-24 23:11:07 - GraphTrainer - INFO -   ndcg@5: 0.018674
2026-01-24 23:11:07 - GraphTrainer - INFO -   map@5: 0.015425
2026-01-24 23:11:07 - GraphTrainer - INFO -   mrr@5: 0.015617
2026-01-24 23:11:07 - GraphTrainer - INFO -   precision@10: 0.004669
2026-01-24 23:11:07 - GraphTrainer - INFO -   recall@10: 0.046028
2026-01-24 23:11:07 - GraphTrainer - INFO -   hit_rate@10: 0.046614
2026-01-24 23:11:07 - GraphTrainer - INFO -   ndcg@10: 0.024342
2026-01-24 23:11:07 - GraphTrainer - INFO -   map@10: 0.017728
2026-01-24 23:11:07 - GraphTrainer - INFO -   mrr@10: 0.017951
2026-01-24 23:11:07 - GraphTrainer - INFO -   precision@20: 0.003563
2026-01-24 23:11:07 - GraphTrainer - INFO -   recall@20: 0.070230
2026-01-24 23:11:07 - GraphTrainer - INFO -   hit_rate@20: 0.071115
2026-01-24 23:11:07 - GraphTrainer - INFO -   ndcg@20: 0.030435
2026-01-24 23:11:07 - GraphTrainer - INFO -   map@20: 0.019373
2026-01-24 23:11:07 - GraphTrainer - INFO -   mrr@20: 0.019614
2026-01-24 23:11:07 - GraphTrainer - INFO - 第 16 轮训练完成
2026-01-24 23:11:07 - GraphTrainer - INFO - train_loss: 1.493400
2026-01-24 23:11:07 - GraphTrainer - INFO - precision@5: 0.005758
2026-01-24 23:11:07 - GraphTrainer - INFO - recall@5: 0.028404
2026-01-24 23:11:07 - GraphTrainer - INFO - hit_rate@5: 0.028740
2026-01-24 23:11:07 - GraphTrainer - INFO - ndcg@5: 0.018674
2026-01-24 23:11:07 - GraphTrainer - INFO - map@5: 0.015425
2026-01-24 23:11:07 - GraphTrainer - INFO - mrr@5: 0.015617
2026-01-24 23:11:07 - GraphTrainer - INFO - precision@10: 0.004669
2026-01-24 23:11:07 - GraphTrainer - INFO - recall@10: 0.046028
2026-01-24 23:11:07 - GraphTrainer - INFO - hit_rate@10: 0.046614
2026-01-24 23:11:07 - GraphTrainer - INFO - ndcg@10: 0.024342
2026-01-24 23:11:07 - GraphTrainer - INFO - map@10: 0.017728
2026-01-24 23:11:07 - GraphTrainer - INFO - mrr@10: 0.017951
2026-01-24 23:11:07 - GraphTrainer - INFO - precision@20: 0.003563
2026-01-24 23:11:07 - GraphTrainer - INFO - recall@20: 0.070230
2026-01-24 23:11:07 - GraphTrainer - INFO - hit_rate@20: 0.071115
2026-01-24 23:11:07 - GraphTrainer - INFO - ndcg@20: 0.030435
2026-01-24 23:11:07 - GraphTrainer - INFO - map@20: 0.019373
2026-01-24 23:11:07 - GraphTrainer - INFO - mrr@20: 0.019614
2026-01-24 23:11:07 - GraphTrainer - INFO - ------------------------------------------------------------
2026-01-24 23:11:07 - GraphTrainer - INFO - ============================================================
2026-01-24 23:11:07 - GraphTrainer - INFO - 开始第 17/1000 轮训练
2026-01-24 23:11:07 - GraphTrainer - INFO - ============================================================
2026-01-24 23:11:58 - GraphTrainer - INFO - 验证结果:
2026-01-24 23:11:58 - GraphTrainer - INFO -   precision@5: 0.005860
2026-01-24 23:11:58 - GraphTrainer - INFO -   recall@5: 0.028893
2026-01-24 23:11:58 - GraphTrainer - INFO -   hit_rate@5: 0.029248
2026-01-24 23:11:58 - GraphTrainer - INFO -   ndcg@5: 0.019132
2026-01-24 23:11:58 - GraphTrainer - INFO -   map@5: 0.015875
2026-01-24 23:11:58 - GraphTrainer - INFO -   mrr@5: 0.016054
2026-01-24 23:11:58 - GraphTrainer - INFO -   precision@10: 0.004672
2026-01-24 23:11:58 - GraphTrainer - INFO -   recall@10: 0.045984
2026-01-24 23:11:58 - GraphTrainer - INFO -   hit_rate@10: 0.046614
2026-01-24 23:11:58 - GraphTrainer - INFO -   ndcg@10: 0.024640
2026-01-24 23:11:58 - GraphTrainer - INFO -   map@10: 0.018118
2026-01-24 23:11:58 - GraphTrainer - INFO -   mrr@10: 0.018329
2026-01-24 23:11:58 - GraphTrainer - INFO -   precision@20: 0.003589
2026-01-24 23:11:58 - GraphTrainer - INFO -   recall@20: 0.070652
2026-01-24 23:11:58 - GraphTrainer - INFO -   hit_rate@20: 0.071597
2026-01-24 23:11:58 - GraphTrainer - INFO -   ndcg@20: 0.030857
2026-01-24 23:11:58 - GraphTrainer - INFO -   map@20: 0.019800
2026-01-24 23:11:58 - GraphTrainer - INFO -   mrr@20: 0.020031
2026-01-24 23:11:58 - GraphTrainer - INFO - 第 17 轮训练完成
2026-01-24 23:11:58 - GraphTrainer - INFO - train_loss: 1.474814
2026-01-24 23:11:58 - GraphTrainer - INFO - precision@5: 0.005860
2026-01-24 23:11:58 - GraphTrainer - INFO - recall@5: 0.028893
2026-01-24 23:11:58 - GraphTrainer - INFO - hit_rate@5: 0.029248
2026-01-24 23:11:58 - GraphTrainer - INFO - ndcg@5: 0.019132
2026-01-24 23:11:58 - GraphTrainer - INFO - map@5: 0.015875
2026-01-24 23:11:58 - GraphTrainer - INFO - mrr@5: 0.016054
2026-01-24 23:11:58 - GraphTrainer - INFO - precision@10: 0.004672
2026-01-24 23:11:58 - GraphTrainer - INFO - recall@10: 0.045984
2026-01-24 23:11:58 - GraphTrainer - INFO - hit_rate@10: 0.046614
2026-01-24 23:11:58 - GraphTrainer - INFO - ndcg@10: 0.024640
2026-01-24 23:11:58 - GraphTrainer - INFO - map@10: 0.018118
2026-01-24 23:11:58 - GraphTrainer - INFO - mrr@10: 0.018329
2026-01-24 23:11:58 - GraphTrainer - INFO - precision@20: 0.003589
2026-01-24 23:11:58 - GraphTrainer - INFO - recall@20: 0.070652
2026-01-24 23:11:58 - GraphTrainer - INFO - hit_rate@20: 0.071597
2026-01-24 23:11:58 - GraphTrainer - INFO - ndcg@20: 0.030857
2026-01-24 23:11:58 - GraphTrainer - INFO - map@20: 0.019800
2026-01-24 23:11:58 - GraphTrainer - INFO - mrr@20: 0.020031
2026-01-24 23:11:58 - GraphTrainer - INFO - ------------------------------------------------------------
2026-01-24 23:11:58 - GraphTrainer - INFO - ============================================================
2026-01-24 23:11:58 - GraphTrainer - INFO - 开始第 18/1000 轮训练
2026-01-24 23:11:58 - GraphTrainer - INFO - ============================================================
2026-01-24 23:12:50 - GraphTrainer - INFO - 验证结果:
2026-01-24 23:12:50 - GraphTrainer - INFO -   precision@5: 0.005611
2026-01-24 23:12:50 - GraphTrainer - INFO -   recall@5: 0.027740
2026-01-24 23:12:50 - GraphTrainer - INFO -   hit_rate@5: 0.028004
2026-01-24 23:12:50 - GraphTrainer - INFO -   ndcg@5: 0.018189
2026-01-24 23:12:50 - GraphTrainer - INFO -   map@5: 0.015009
2026-01-24 23:12:50 - GraphTrainer - INFO -   mrr@5: 0.015159
2026-01-24 23:12:50 - GraphTrainer - INFO -   precision@10: 0.004555
2026-01-24 23:12:50 - GraphTrainer - INFO -   recall@10: 0.044918
2026-01-24 23:12:50 - GraphTrainer - INFO -   hit_rate@10: 0.045472
2026-01-24 23:12:50 - GraphTrainer - INFO -   ndcg@10: 0.023706
2026-01-24 23:12:50 - GraphTrainer - INFO -   map@10: 0.017243
2026-01-24 23:12:50 - GraphTrainer - INFO -   mrr@10: 0.017430
2026-01-24 23:12:50 - GraphTrainer - INFO -   precision@20: 0.003500
2026-01-24 23:12:50 - GraphTrainer - INFO -   recall@20: 0.068989
2026-01-24 23:12:50 - GraphTrainer - INFO -   hit_rate@20: 0.069871
2026-01-24 23:12:50 - GraphTrainer - INFO -   ndcg@20: 0.029796
2026-01-24 23:12:50 - GraphTrainer - INFO -   map@20: 0.018902
2026-01-24 23:12:50 - GraphTrainer - INFO -   mrr@20: 0.019110
2026-01-24 23:12:50 - GraphTrainer - INFO - 第 18 轮训练完成
2026-01-24 23:12:50 - GraphTrainer - INFO - train_loss: 1.455957
2026-01-24 23:12:50 - GraphTrainer - INFO - precision@5: 0.005611
2026-01-24 23:12:50 - GraphTrainer - INFO - recall@5: 0.027740
2026-01-24 23:12:50 - GraphTrainer - INFO - hit_rate@5: 0.028004
2026-01-24 23:12:50 - GraphTrainer - INFO - ndcg@5: 0.018189
2026-01-24 23:12:50 - GraphTrainer - INFO - map@5: 0.015009
2026-01-24 23:12:50 - GraphTrainer - INFO - mrr@5: 0.015159
2026-01-24 23:12:50 - GraphTrainer - INFO - precision@10: 0.004555
2026-01-24 23:12:50 - GraphTrainer - INFO - recall@10: 0.044918
2026-01-24 23:12:50 - GraphTrainer - INFO - hit_rate@10: 0.045472
2026-01-24 23:12:50 - GraphTrainer - INFO - ndcg@10: 0.023706
2026-01-24 23:12:50 - GraphTrainer - INFO - map@10: 0.017243
2026-01-24 23:12:50 - GraphTrainer - INFO - mrr@10: 0.017430
2026-01-24 23:12:50 - GraphTrainer - INFO - precision@20: 0.003500
2026-01-24 23:12:50 - GraphTrainer - INFO - recall@20: 0.068989
2026-01-24 23:12:50 - GraphTrainer - INFO - hit_rate@20: 0.069871
2026-01-24 23:12:50 - GraphTrainer - INFO - ndcg@20: 0.029796
2026-01-24 23:12:50 - GraphTrainer - INFO - map@20: 0.018902
2026-01-24 23:12:50 - GraphTrainer - INFO - mrr@20: 0.019110
2026-01-24 23:12:50 - GraphTrainer - INFO - ------------------------------------------------------------
2026-01-24 23:12:50 - GraphTrainer - INFO - ============================================================
2026-01-24 23:12:50 - GraphTrainer - INFO - 开始第 19/1000 轮训练
2026-01-24 23:12:50 - GraphTrainer - INFO - ============================================================
2026-01-24 23:13:42 - GraphTrainer - INFO - 验证结果:
2026-01-24 23:13:42 - GraphTrainer - INFO -   precision@5: 0.005870
2026-01-24 23:13:42 - GraphTrainer - INFO -   recall@5: 0.028960
2026-01-24 23:13:42 - GraphTrainer - INFO -   hit_rate@5: 0.029324
2026-01-24 23:13:42 - GraphTrainer - INFO -   ndcg@5: 0.019083
2026-01-24 23:13:42 - GraphTrainer - INFO -   map@5: 0.015787
2026-01-24 23:13:42 - GraphTrainer - INFO -   mrr@5: 0.015970
2026-01-24 23:13:42 - GraphTrainer - INFO -   precision@10: 0.004651
2026-01-24 23:13:42 - GraphTrainer - INFO -   recall@10: 0.045865
2026-01-24 23:13:42 - GraphTrainer - INFO -   hit_rate@10: 0.046437
2026-01-24 23:13:42 - GraphTrainer - INFO -   ndcg@10: 0.024526
2026-01-24 23:13:42 - GraphTrainer - INFO -   map@10: 0.018003
2026-01-24 23:13:42 - GraphTrainer - INFO -   mrr@10: 0.018212
2026-01-24 23:13:42 - GraphTrainer - INFO -   precision@20: 0.003496
2026-01-24 23:13:42 - GraphTrainer - INFO -   recall@20: 0.068953
2026-01-24 23:13:42 - GraphTrainer - INFO -   hit_rate@20: 0.069795
2026-01-24 23:13:42 - GraphTrainer - INFO -   ndcg@20: 0.030354
2026-01-24 23:13:42 - GraphTrainer - INFO -   map@20: 0.019586
2026-01-24 23:13:42 - GraphTrainer - INFO -   mrr@20: 0.019812
2026-01-24 23:13:42 - GraphTrainer - INFO - 第 19 轮训练完成
2026-01-24 23:13:42 - GraphTrainer - INFO - train_loss: 1.447547
2026-01-24 23:13:42 - GraphTrainer - INFO - precision@5: 0.005870
2026-01-24 23:13:42 - GraphTrainer - INFO - recall@5: 0.028960
2026-01-24 23:13:42 - GraphTrainer - INFO - hit_rate@5: 0.029324
2026-01-24 23:13:42 - GraphTrainer - INFO - ndcg@5: 0.019083
2026-01-24 23:13:42 - GraphTrainer - INFO - map@5: 0.015787
2026-01-24 23:13:42 - GraphTrainer - INFO - mrr@5: 0.015970
2026-01-24 23:13:42 - GraphTrainer - INFO - precision@10: 0.004651
2026-01-24 23:13:42 - GraphTrainer - INFO - recall@10: 0.045865
2026-01-24 23:13:42 - GraphTrainer - INFO - hit_rate@10: 0.046437
2026-01-24 23:13:42 - GraphTrainer - INFO - ndcg@10: 0.024526
2026-01-24 23:13:42 - GraphTrainer - INFO - map@10: 0.018003
2026-01-24 23:13:42 - GraphTrainer - INFO - mrr@10: 0.018212
2026-01-24 23:13:42 - GraphTrainer - INFO - precision@20: 0.003496
2026-01-24 23:13:42 - GraphTrainer - INFO - recall@20: 0.068953
2026-01-24 23:13:42 - GraphTrainer - INFO - hit_rate@20: 0.069795
2026-01-24 23:13:42 - GraphTrainer - INFO - ndcg@20: 0.030354
2026-01-24 23:13:42 - GraphTrainer - INFO - map@20: 0.019586
2026-01-24 23:13:42 - GraphTrainer - INFO - mrr@20: 0.019812
2026-01-24 23:13:42 - GraphTrainer - INFO - ------------------------------------------------------------
2026-01-24 23:13:42 - GraphTrainer - INFO - ============================================================
2026-01-24 23:13:42 - GraphTrainer - INFO - 开始第 20/1000 轮训练
2026-01-24 23:13:42 - GraphTrainer - INFO - ============================================================
2026-01-24 23:14:33 - GraphTrainer - INFO - 验证结果:
2026-01-24 23:14:33 - GraphTrainer - INFO -   precision@5: 0.005911
2026-01-24 23:14:33 - GraphTrainer - INFO -   recall@5: 0.029221
2026-01-24 23:14:33 - GraphTrainer - INFO -   hit_rate@5: 0.029528
2026-01-24 23:14:33 - GraphTrainer - INFO -   ndcg@5: 0.019084
2026-01-24 23:14:33 - GraphTrainer - INFO -   map@5: 0.015715
2026-01-24 23:14:33 - GraphTrainer - INFO -   mrr@5: 0.015901
2026-01-24 23:14:33 - GraphTrainer - INFO -   precision@10: 0.004738
2026-01-24 23:14:33 - GraphTrainer - INFO -   recall@10: 0.046737
2026-01-24 23:14:33 - GraphTrainer - INFO -   hit_rate@10: 0.047274
2026-01-24 23:14:33 - GraphTrainer - INFO -   ndcg@10: 0.024707
2026-01-24 23:14:33 - GraphTrainer - INFO -   map@10: 0.017996
2026-01-24 23:14:33 - GraphTrainer - INFO -   mrr@10: 0.018206
2026-01-24 23:14:33 - GraphTrainer - INFO -   precision@20: 0.003596
2026-01-24 23:14:33 - GraphTrainer - INFO -   recall@20: 0.070883
2026-01-24 23:14:33 - GraphTrainer - INFO -   hit_rate@20: 0.071775
2026-01-24 23:14:33 - GraphTrainer - INFO -   ndcg@20: 0.030823
2026-01-24 23:14:33 - GraphTrainer - INFO -   map@20: 0.019664
2026-01-24 23:14:33 - GraphTrainer - INFO -   mrr@20: 0.019897
2026-01-24 23:14:34 - GraphTrainer - INFO - 第 20 轮训练完成
2026-01-24 23:14:34 - GraphTrainer - INFO - train_loss: 1.427197
2026-01-24 23:14:34 - GraphTrainer - INFO - precision@5: 0.005911
2026-01-24 23:14:34 - GraphTrainer - INFO - recall@5: 0.029221
2026-01-24 23:14:34 - GraphTrainer - INFO - hit_rate@5: 0.029528
2026-01-24 23:14:34 - GraphTrainer - INFO - ndcg@5: 0.019084
2026-01-24 23:14:34 - GraphTrainer - INFO - map@5: 0.015715
2026-01-24 23:14:34 - GraphTrainer - INFO - mrr@5: 0.015901
2026-01-24 23:14:34 - GraphTrainer - INFO - precision@10: 0.004738
2026-01-24 23:14:34 - GraphTrainer - INFO - recall@10: 0.046737
2026-01-24 23:14:34 - GraphTrainer - INFO - hit_rate@10: 0.047274
2026-01-24 23:14:34 - GraphTrainer - INFO - ndcg@10: 0.024707
2026-01-24 23:14:34 - GraphTrainer - INFO - map@10: 0.017996
2026-01-24 23:14:34 - GraphTrainer - INFO - mrr@10: 0.018206
2026-01-24 23:14:34 - GraphTrainer - INFO - precision@20: 0.003596
2026-01-24 23:14:34 - GraphTrainer - INFO - recall@20: 0.070883
2026-01-24 23:14:34 - GraphTrainer - INFO - hit_rate@20: 0.071775
2026-01-24 23:14:34 - GraphTrainer - INFO - ndcg@20: 0.030823
2026-01-24 23:14:34 - GraphTrainer - INFO - map@20: 0.019664
2026-01-24 23:14:34 - GraphTrainer - INFO - mrr@20: 0.019897
2026-01-24 23:14:34 - GraphTrainer - INFO - ------------------------------------------------------------
2026-01-24 23:14:34 - GraphTrainer - INFO - 检查点已保存: Epoch 20 -> ./checkpoints/checkpoint_epoch_20.pth
2026-01-24 23:14:34 - GraphTrainer - INFO - ============================================================
2026-01-24 23:14:34 - GraphTrainer - INFO - 开始第 21/1000 轮训练
2026-01-24 23:14:34 - GraphTrainer - INFO - ============================================================
2026-01-24 23:15:25 - GraphTrainer - INFO - 验证结果:
2026-01-24 23:15:25 - GraphTrainer - INFO -   precision@5: 0.006007
2026-01-24 23:15:25 - GraphTrainer - INFO -   recall@5: 0.029671
2026-01-24 23:15:25 - GraphTrainer - INFO -   hit_rate@5: 0.029985
2026-01-24 23:15:25 - GraphTrainer - INFO -   ndcg@5: 0.019436
2026-01-24 23:15:25 - GraphTrainer - INFO -   map@5: 0.016030
2026-01-24 23:15:25 - GraphTrainer - INFO -   mrr@5: 0.016226
2026-01-24 23:15:25 - GraphTrainer - INFO -   precision@10: 0.004760
2026-01-24 23:15:25 - GraphTrainer - INFO -   recall@10: 0.046925
2026-01-24 23:15:25 - GraphTrainer - INFO -   hit_rate@10: 0.047503
2026-01-24 23:15:25 - GraphTrainer - INFO -   ndcg@10: 0.025005
2026-01-24 23:15:25 - GraphTrainer - INFO -   map@10: 0.018303
2026-01-24 23:15:25 - GraphTrainer - INFO -   mrr@10: 0.018529
2026-01-24 23:15:25 - GraphTrainer - INFO -   precision@20: 0.003626
2026-01-24 23:15:25 - GraphTrainer - INFO -   recall@20: 0.071467
2026-01-24 23:15:25 - GraphTrainer - INFO -   hit_rate@20: 0.072384
2026-01-24 23:15:25 - GraphTrainer - INFO -   ndcg@20: 0.031209
2026-01-24 23:15:25 - GraphTrainer - INFO -   map@20: 0.019991
2026-01-24 23:15:25 - GraphTrainer - INFO -   mrr@20: 0.020240
2026-01-24 23:15:25 - GraphTrainer - INFO - 第 21 轮训练完成
2026-01-24 23:15:25 - GraphTrainer - INFO - train_loss: 1.409799
2026-01-24 23:15:25 - GraphTrainer - INFO - precision@5: 0.006007
2026-01-24 23:15:25 - GraphTrainer - INFO - recall@5: 0.029671
2026-01-24 23:15:25 - GraphTrainer - INFO - hit_rate@5: 0.029985
2026-01-24 23:15:25 - GraphTrainer - INFO - ndcg@5: 0.019436
2026-01-24 23:15:25 - GraphTrainer - INFO - map@5: 0.016030
2026-01-24 23:15:25 - GraphTrainer - INFO - mrr@5: 0.016226
2026-01-24 23:15:25 - GraphTrainer - INFO - precision@10: 0.004760
2026-01-24 23:15:25 - GraphTrainer - INFO - recall@10: 0.046925
2026-01-24 23:15:25 - GraphTrainer - INFO - hit_rate@10: 0.047503
2026-01-24 23:15:25 - GraphTrainer - INFO - ndcg@10: 0.025005
2026-01-24 23:15:25 - GraphTrainer - INFO - map@10: 0.018303
2026-01-24 23:15:25 - GraphTrainer - INFO - mrr@10: 0.018529
2026-01-24 23:15:25 - GraphTrainer - INFO - precision@20: 0.003626
2026-01-24 23:15:25 - GraphTrainer - INFO - recall@20: 0.071467
2026-01-24 23:15:25 - GraphTrainer - INFO - hit_rate@20: 0.072384
2026-01-24 23:15:25 - GraphTrainer - INFO - ndcg@20: 0.031209
2026-01-24 23:15:25 - GraphTrainer - INFO - map@20: 0.019991
2026-01-24 23:15:25 - GraphTrainer - INFO - mrr@20: 0.020240
2026-01-24 23:15:25 - GraphTrainer - INFO - ------------------------------------------------------------
2026-01-24 23:15:25 - GraphTrainer - INFO - ============================================================
2026-01-24 23:15:25 - GraphTrainer - INFO - 开始第 22/1000 轮训练
2026-01-24 23:15:25 - GraphTrainer - INFO - ============================================================
2026-01-24 23:16:17 - GraphTrainer - INFO - 验证结果:
2026-01-24 23:16:17 - GraphTrainer - INFO -   precision@5: 0.006048
2026-01-24 23:16:17 - GraphTrainer - INFO -   recall@5: 0.029889
2026-01-24 23:16:17 - GraphTrainer - INFO -   hit_rate@5: 0.030213
2026-01-24 23:16:17 - GraphTrainer - INFO -   ndcg@5: 0.019700
2026-01-24 23:16:17 - GraphTrainer - INFO -   map@5: 0.016307
2026-01-24 23:16:17 - GraphTrainer - INFO -   mrr@5: 0.016493
2026-01-24 23:16:17 - GraphTrainer - INFO -   precision@10: 0.004750
2026-01-24 23:16:17 - GraphTrainer - INFO -   recall@10: 0.046849
2026-01-24 23:16:17 - GraphTrainer - INFO -   hit_rate@10: 0.047401
2026-01-24 23:16:17 - GraphTrainer - INFO -   ndcg@10: 0.025152
2026-01-24 23:16:17 - GraphTrainer - INFO -   map@10: 0.018521
2026-01-24 23:16:17 - GraphTrainer - INFO -   mrr@10: 0.018733
2026-01-24 23:16:17 - GraphTrainer - INFO -   precision@20: 0.003671
2026-01-24 23:16:17 - GraphTrainer - INFO -   recall@20: 0.072370
2026-01-24 23:16:17 - GraphTrainer - INFO -   hit_rate@20: 0.073298
2026-01-24 23:16:17 - GraphTrainer - INFO -   ndcg@20: 0.031592
2026-01-24 23:16:17 - GraphTrainer - INFO -   map@20: 0.020266
2026-01-24 23:16:17 - GraphTrainer - INFO -   mrr@20: 0.020503
2026-01-24 23:16:17 - GraphTrainer - INFO - 第 22 轮训练完成
2026-01-24 23:16:17 - GraphTrainer - INFO - train_loss: 1.407453
2026-01-24 23:16:17 - GraphTrainer - INFO - precision@5: 0.006048
2026-01-24 23:16:17 - GraphTrainer - INFO - recall@5: 0.029889
2026-01-24 23:16:17 - GraphTrainer - INFO - hit_rate@5: 0.030213
2026-01-24 23:16:17 - GraphTrainer - INFO - ndcg@5: 0.019700
2026-01-24 23:16:17 - GraphTrainer - INFO - map@5: 0.016307
2026-01-24 23:16:17 - GraphTrainer - INFO - mrr@5: 0.016493
2026-01-24 23:16:17 - GraphTrainer - INFO - precision@10: 0.004750
2026-01-24 23:16:17 - GraphTrainer - INFO - recall@10: 0.046849
2026-01-24 23:16:17 - GraphTrainer - INFO - hit_rate@10: 0.047401
2026-01-24 23:16:17 - GraphTrainer - INFO - ndcg@10: 0.025152
2026-01-24 23:16:17 - GraphTrainer - INFO - map@10: 0.018521
2026-01-24 23:16:17 - GraphTrainer - INFO - mrr@10: 0.018733
2026-01-24 23:16:17 - GraphTrainer - INFO - precision@20: 0.003671
2026-01-24 23:16:17 - GraphTrainer - INFO - recall@20: 0.072370
2026-01-24 23:16:17 - GraphTrainer - INFO - hit_rate@20: 0.073298
2026-01-24 23:16:17 - GraphTrainer - INFO - ndcg@20: 0.031592
2026-01-24 23:16:17 - GraphTrainer - INFO - map@20: 0.020266
2026-01-24 23:16:17 - GraphTrainer - INFO - mrr@20: 0.020503
2026-01-24 23:16:17 - GraphTrainer - INFO - ------------------------------------------------------------
2026-01-24 23:16:17 - GraphTrainer - INFO - ============================================================
2026-01-24 23:16:17 - GraphTrainer - INFO - 开始第 23/1000 轮训练
2026-01-24 23:16:17 - GraphTrainer - INFO - ============================================================
2026-01-24 23:17:07 - GraphTrainer - INFO - 验证结果:
2026-01-24 23:17:07 - GraphTrainer - INFO -   precision@5: 0.005880
2026-01-24 23:17:07 - GraphTrainer - INFO -   recall@5: 0.029094
2026-01-24 23:17:07 - GraphTrainer - INFO -   hit_rate@5: 0.029401
2026-01-24 23:17:07 - GraphTrainer - INFO -   ndcg@5: 0.019235
2026-01-24 23:17:07 - GraphTrainer - INFO -   map@5: 0.015942
2026-01-24 23:17:07 - GraphTrainer - INFO -   mrr@5: 0.016127
2026-01-24 23:17:07 - GraphTrainer - INFO -   precision@10: 0.004768
2026-01-24 23:17:07 - GraphTrainer - INFO -   recall@10: 0.047010
2026-01-24 23:17:07 - GraphTrainer - INFO -   hit_rate@10: 0.047579
2026-01-24 23:17:07 - GraphTrainer - INFO -   ndcg@10: 0.025005
2026-01-24 23:17:07 - GraphTrainer - INFO -   map@10: 0.018292
2026-01-24 23:17:07 - GraphTrainer - INFO -   mrr@10: 0.018504
2026-01-24 23:17:07 - GraphTrainer - INFO -   precision@20: 0.003576
2026-01-24 23:17:07 - GraphTrainer - INFO -   recall@20: 0.070502
2026-01-24 23:17:07 - GraphTrainer - INFO -   hit_rate@20: 0.071394
2026-01-24 23:17:07 - GraphTrainer - INFO -   ndcg@20: 0.030941
2026-01-24 23:17:07 - GraphTrainer - INFO -   map@20: 0.019906
2026-01-24 23:17:07 - GraphTrainer - INFO -   mrr@20: 0.020140
2026-01-24 23:17:07 - GraphTrainer - INFO - 第 23 轮训练完成
2026-01-24 23:17:07 - GraphTrainer - INFO - train_loss: 1.391865
2026-01-24 23:17:07 - GraphTrainer - INFO - precision@5: 0.005880
2026-01-24 23:17:07 - GraphTrainer - INFO - recall@5: 0.029094
2026-01-24 23:17:07 - GraphTrainer - INFO - hit_rate@5: 0.029401
2026-01-24 23:17:07 - GraphTrainer - INFO - ndcg@5: 0.019235
2026-01-24 23:17:07 - GraphTrainer - INFO - map@5: 0.015942
2026-01-24 23:17:07 - GraphTrainer - INFO - mrr@5: 0.016127
2026-01-24 23:17:07 - GraphTrainer - INFO - precision@10: 0.004768
2026-01-24 23:17:07 - GraphTrainer - INFO - recall@10: 0.047010
2026-01-24 23:17:07 - GraphTrainer - INFO - hit_rate@10: 0.047579
2026-01-24 23:17:07 - GraphTrainer - INFO - ndcg@10: 0.025005
2026-01-24 23:17:07 - GraphTrainer - INFO - map@10: 0.018292
2026-01-24 23:17:07 - GraphTrainer - INFO - mrr@10: 0.018504
2026-01-24 23:17:07 - GraphTrainer - INFO - precision@20: 0.003576
2026-01-24 23:17:07 - GraphTrainer - INFO - recall@20: 0.070502
2026-01-24 23:17:07 - GraphTrainer - INFO - hit_rate@20: 0.071394
2026-01-24 23:17:07 - GraphTrainer - INFO - ndcg@20: 0.030941
2026-01-24 23:17:07 - GraphTrainer - INFO - map@20: 0.019906
2026-01-24 23:17:07 - GraphTrainer - INFO - mrr@20: 0.020140
2026-01-24 23:17:07 - GraphTrainer - INFO - ------------------------------------------------------------
2026-01-24 23:17:07 - GraphTrainer - INFO - ============================================================
2026-01-24 23:17:07 - GraphTrainer - INFO - 开始第 24/1000 轮训练
2026-01-24 23:17:07 - GraphTrainer - INFO - ============================================================
2026-01-24 23:17:59 - GraphTrainer - INFO - 验证结果:
2026-01-24 23:17:59 - GraphTrainer - INFO -   precision@5: 0.005956
2026-01-24 23:17:59 - GraphTrainer - INFO -   recall@5: 0.029377
2026-01-24 23:17:59 - GraphTrainer - INFO -   hit_rate@5: 0.029731
2026-01-24 23:17:59 - GraphTrainer - INFO -   ndcg@5: 0.019145
2026-01-24 23:17:59 - GraphTrainer - INFO -   map@5: 0.015720
2026-01-24 23:17:59 - GraphTrainer - INFO -   mrr@5: 0.015921
2026-01-24 23:17:59 - GraphTrainer - INFO -   precision@10: 0.004712
2026-01-24 23:17:59 - GraphTrainer - INFO -   recall@10: 0.046422
2026-01-24 23:17:59 - GraphTrainer - INFO -   hit_rate@10: 0.047021
2026-01-24 23:17:59 - GraphTrainer - INFO -   ndcg@10: 0.024619
2026-01-24 23:17:59 - GraphTrainer - INFO -   map@10: 0.017939
2026-01-24 23:17:59 - GraphTrainer - INFO -   mrr@10: 0.018169
2026-01-24 23:17:59 - GraphTrainer - INFO -   precision@20: 0.003570
2026-01-24 23:17:59 - GraphTrainer - INFO -   recall@20: 0.070333
2026-01-24 23:17:59 - GraphTrainer - INFO -   hit_rate@20: 0.071242
2026-01-24 23:17:59 - GraphTrainer - INFO -   ndcg@20: 0.030645
2026-01-24 23:17:59 - GraphTrainer - INFO -   map@20: 0.019568
2026-01-24 23:17:59 - GraphTrainer - INFO -   mrr@20: 0.019819
2026-01-24 23:17:59 - GraphTrainer - INFO - 第 24 轮训练完成
2026-01-24 23:17:59 - GraphTrainer - INFO - train_loss: 1.373604
2026-01-24 23:17:59 - GraphTrainer - INFO - precision@5: 0.005956
2026-01-24 23:17:59 - GraphTrainer - INFO - recall@5: 0.029377
2026-01-24 23:17:59 - GraphTrainer - INFO - hit_rate@5: 0.029731
2026-01-24 23:17:59 - GraphTrainer - INFO - ndcg@5: 0.019145
2026-01-24 23:17:59 - GraphTrainer - INFO - map@5: 0.015720
2026-01-24 23:17:59 - GraphTrainer - INFO - mrr@5: 0.015921
2026-01-24 23:17:59 - GraphTrainer - INFO - precision@10: 0.004712
2026-01-24 23:17:59 - GraphTrainer - INFO - recall@10: 0.046422
2026-01-24 23:17:59 - GraphTrainer - INFO - hit_rate@10: 0.047021
2026-01-24 23:17:59 - GraphTrainer - INFO - ndcg@10: 0.024619
2026-01-24 23:17:59 - GraphTrainer - INFO - map@10: 0.017939
2026-01-24 23:17:59 - GraphTrainer - INFO - mrr@10: 0.018169
2026-01-24 23:17:59 - GraphTrainer - INFO - precision@20: 0.003570
2026-01-24 23:17:59 - GraphTrainer - INFO - recall@20: 0.070333
2026-01-24 23:17:59 - GraphTrainer - INFO - hit_rate@20: 0.071242
2026-01-24 23:17:59 - GraphTrainer - INFO - ndcg@20: 0.030645
2026-01-24 23:17:59 - GraphTrainer - INFO - map@20: 0.019568
2026-01-24 23:17:59 - GraphTrainer - INFO - mrr@20: 0.019819
2026-01-24 23:17:59 - GraphTrainer - INFO - ------------------------------------------------------------
2026-01-24 23:17:59 - GraphTrainer - INFO - ============================================================
2026-01-24 23:17:59 - GraphTrainer - INFO - 开始第 25/1000 轮训练
2026-01-24 23:17:59 - GraphTrainer - INFO - ============================================================
2026-01-24 23:20:22 - GraphTrainer - INFO - Starting training...
2026-01-24 23:20:22 - GraphTrainer - INFO - 模型: SGrec
2026-01-24 23:20:22 - GraphTrainer - INFO - 总参数量: 6,364,038
2026-01-24 23:20:22 - GraphTrainer - INFO - 可训练参数量: 6,364,038
2026-01-24 23:20:22 - GraphTrainer - INFO - ============================================================
2026-01-24 23:20:22 - GraphTrainer - INFO - 开始第 1/1000 轮训练
2026-01-24 23:20:22 - GraphTrainer - INFO - ============================================================
2026-01-24 23:20:46 - GraphTrainer - INFO - 验证结果:
2026-01-24 23:20:46 - GraphTrainer - INFO -   precision@5: 0.004255
2026-01-24 23:20:46 - GraphTrainer - INFO -   recall@5: 0.021031
2026-01-24 23:20:46 - GraphTrainer - INFO -   hit_rate@5: 0.021251
2026-01-24 23:20:46 - GraphTrainer - INFO -   ndcg@5: 0.013735
2026-01-24 23:20:46 - GraphTrainer - INFO -   map@5: 0.011310
2026-01-24 23:20:46 - GraphTrainer - INFO -   mrr@5: 0.011426
2026-01-24 23:20:46 - GraphTrainer - INFO -   precision@10: 0.003400
2026-01-24 23:20:46 - GraphTrainer - INFO -   recall@10: 0.033445
2026-01-24 23:20:46 - GraphTrainer - INFO -   hit_rate@10: 0.033945
2026-01-24 23:20:46 - GraphTrainer - INFO -   ndcg@10: 0.017727
2026-01-24 23:20:46 - GraphTrainer - INFO -   map@10: 0.012925
2026-01-24 23:20:46 - GraphTrainer - INFO -   mrr@10: 0.013076
2026-01-24 23:20:46 - GraphTrainer - INFO -   precision@20: 0.002687
2026-01-24 23:20:46 - GraphTrainer - INFO -   recall@20: 0.052857
2026-01-24 23:20:46 - GraphTrainer - INFO -   hit_rate@20: 0.053673
2026-01-24 23:20:46 - GraphTrainer - INFO -   ndcg@20: 0.022627
2026-01-24 23:20:46 - GraphTrainer - INFO -   map@20: 0.014251
2026-01-24 23:20:46 - GraphTrainer - INFO -   mrr@20: 0.014424
2026-01-24 23:20:46 - GraphTrainer - INFO - 第 1 轮训练完成
2026-01-24 23:20:46 - GraphTrainer - INFO - train_loss: 2.024849
2026-01-24 23:20:46 - GraphTrainer - INFO - precision@5: 0.004255
2026-01-24 23:20:46 - GraphTrainer - INFO - recall@5: 0.021031
2026-01-24 23:20:46 - GraphTrainer - INFO - hit_rate@5: 0.021251
2026-01-24 23:20:46 - GraphTrainer - INFO - ndcg@5: 0.013735
2026-01-24 23:20:46 - GraphTrainer - INFO - map@5: 0.011310
2026-01-24 23:20:46 - GraphTrainer - INFO - mrr@5: 0.011426
2026-01-24 23:20:46 - GraphTrainer - INFO - precision@10: 0.003400
2026-01-24 23:20:46 - GraphTrainer - INFO - recall@10: 0.033445
2026-01-24 23:20:46 - GraphTrainer - INFO - hit_rate@10: 0.033945
2026-01-24 23:20:46 - GraphTrainer - INFO - ndcg@10: 0.017727
2026-01-24 23:20:46 - GraphTrainer - INFO - map@10: 0.012925
2026-01-24 23:20:46 - GraphTrainer - INFO - mrr@10: 0.013076
2026-01-24 23:20:46 - GraphTrainer - INFO - precision@20: 0.002687
2026-01-24 23:20:46 - GraphTrainer - INFO - recall@20: 0.052857
2026-01-24 23:20:46 - GraphTrainer - INFO - hit_rate@20: 0.053673
2026-01-24 23:20:46 - GraphTrainer - INFO - ndcg@20: 0.022627
2026-01-24 23:20:46 - GraphTrainer - INFO - map@20: 0.014251
2026-01-24 23:20:46 - GraphTrainer - INFO - mrr@20: 0.014424
2026-01-24 23:20:46 - GraphTrainer - INFO - ------------------------------------------------------------
2026-01-24 23:20:46 - GraphTrainer - INFO - ============================================================
2026-01-24 23:20:46 - GraphTrainer - INFO - 开始第 2/1000 轮训练
2026-01-24 23:20:46 - GraphTrainer - INFO - ============================================================
2026-01-24 23:21:11 - GraphTrainer - INFO - 验证结果:
2026-01-24 23:21:11 - GraphTrainer - INFO -   precision@5: 0.004555
2026-01-24 23:21:11 - GraphTrainer - INFO -   recall@5: 0.022529
2026-01-24 23:21:11 - GraphTrainer - INFO -   hit_rate@5: 0.022774
2026-01-24 23:21:11 - GraphTrainer - INFO -   ndcg@5: 0.014787
2026-01-24 23:21:11 - GraphTrainer - INFO -   map@5: 0.012206
2026-01-24 23:21:11 - GraphTrainer - INFO -   mrr@5: 0.012324
2026-01-24 23:21:11 - GraphTrainer - INFO -   precision@10: 0.003641
2026-01-24 23:21:11 - GraphTrainer - INFO -   recall@10: 0.035876
2026-01-24 23:21:11 - GraphTrainer - INFO -   hit_rate@10: 0.036357
2026-01-24 23:21:11 - GraphTrainer - INFO -   ndcg@10: 0.019095
2026-01-24 23:21:11 - GraphTrainer - INFO -   map@10: 0.013964
2026-01-24 23:21:11 - GraphTrainer - INFO -   mrr@10: 0.014106
2026-01-24 23:21:11 - GraphTrainer - INFO -   precision@20: 0.002869
2026-01-24 23:21:11 - GraphTrainer - INFO -   recall@20: 0.056487
2026-01-24 23:21:11 - GraphTrainer - INFO -   hit_rate@20: 0.057252
2026-01-24 23:21:11 - GraphTrainer - INFO -   ndcg@20: 0.024278
2026-01-24 23:21:11 - GraphTrainer - INFO -   map@20: 0.015358
2026-01-24 23:21:11 - GraphTrainer - INFO -   mrr@20: 0.015519
2026-01-24 23:21:11 - GraphTrainer - INFO - 第 2 轮训练完成
2026-01-24 23:21:11 - GraphTrainer - INFO - train_loss: 1.889476
2026-01-24 23:21:11 - GraphTrainer - INFO - precision@5: 0.004555
2026-01-24 23:21:11 - GraphTrainer - INFO - recall@5: 0.022529
2026-01-24 23:21:11 - GraphTrainer - INFO - hit_rate@5: 0.022774
2026-01-24 23:21:11 - GraphTrainer - INFO - ndcg@5: 0.014787
2026-01-24 23:21:11 - GraphTrainer - INFO - map@5: 0.012206
2026-01-24 23:21:11 - GraphTrainer - INFO - mrr@5: 0.012324
2026-01-24 23:21:11 - GraphTrainer - INFO - precision@10: 0.003641
2026-01-24 23:21:11 - GraphTrainer - INFO - recall@10: 0.035876
2026-01-24 23:21:11 - GraphTrainer - INFO - hit_rate@10: 0.036357
2026-01-24 23:21:11 - GraphTrainer - INFO - ndcg@10: 0.019095
2026-01-24 23:21:11 - GraphTrainer - INFO - map@10: 0.013964
2026-01-24 23:21:11 - GraphTrainer - INFO - mrr@10: 0.014106
2026-01-24 23:21:11 - GraphTrainer - INFO - precision@20: 0.002869
2026-01-24 23:21:11 - GraphTrainer - INFO - recall@20: 0.056487
2026-01-24 23:21:11 - GraphTrainer - INFO - hit_rate@20: 0.057252
2026-01-24 23:21:11 - GraphTrainer - INFO - ndcg@20: 0.024278
2026-01-24 23:21:11 - GraphTrainer - INFO - map@20: 0.015358
2026-01-24 23:21:11 - GraphTrainer - INFO - mrr@20: 0.015519
2026-01-24 23:21:11 - GraphTrainer - INFO - ------------------------------------------------------------
2026-01-24 23:21:11 - GraphTrainer - INFO - ============================================================
2026-01-24 23:21:11 - GraphTrainer - INFO - 开始第 3/1000 轮训练
2026-01-24 23:21:11 - GraphTrainer - INFO - ============================================================
2026-01-24 23:21:36 - GraphTrainer - INFO - 验证结果:
2026-01-24 23:21:36 - GraphTrainer - INFO -   precision@5: 0.004875
2026-01-24 23:21:36 - GraphTrainer - INFO -   recall@5: 0.024111
2026-01-24 23:21:36 - GraphTrainer - INFO -   hit_rate@5: 0.024374
2026-01-24 23:21:36 - GraphTrainer - INFO -   ndcg@5: 0.015701
2026-01-24 23:21:36 - GraphTrainer - INFO -   map@5: 0.012897
2026-01-24 23:21:36 - GraphTrainer - INFO -   mrr@5: 0.013045
2026-01-24 23:21:36 - GraphTrainer - INFO -   precision@10: 0.003882
2026-01-24 23:21:36 - GraphTrainer - INFO -   recall@10: 0.038243
2026-01-24 23:21:36 - GraphTrainer - INFO -   hit_rate@10: 0.038744
2026-01-24 23:21:36 - GraphTrainer - INFO -   ndcg@10: 0.020240
2026-01-24 23:21:36 - GraphTrainer - INFO -   map@10: 0.014736
2026-01-24 23:21:36 - GraphTrainer - INFO -   mrr@10: 0.014909
2026-01-24 23:21:36 - GraphTrainer - INFO -   precision@20: 0.003029
2026-01-24 23:21:36 - GraphTrainer - INFO -   recall@20: 0.059693
2026-01-24 23:21:36 - GraphTrainer - INFO -   hit_rate@20: 0.060451
2026-01-24 23:21:36 - GraphTrainer - INFO -   ndcg@20: 0.025654
2026-01-24 23:21:36 - GraphTrainer - INFO -   map@20: 0.016205
2026-01-24 23:21:36 - GraphTrainer - INFO -   mrr@20: 0.016395
2026-01-24 23:21:36 - GraphTrainer - INFO - 第 3 轮训练完成
2026-01-24 23:21:36 - GraphTrainer - INFO - train_loss: 1.820387
2026-01-24 23:21:36 - GraphTrainer - INFO - precision@5: 0.004875
2026-01-24 23:21:36 - GraphTrainer - INFO - recall@5: 0.024111
2026-01-24 23:21:36 - GraphTrainer - INFO - hit_rate@5: 0.024374
2026-01-24 23:21:36 - GraphTrainer - INFO - ndcg@5: 0.015701
2026-01-24 23:21:36 - GraphTrainer - INFO - map@5: 0.012897
2026-01-24 23:21:36 - GraphTrainer - INFO - mrr@5: 0.013045
2026-01-24 23:21:36 - GraphTrainer - INFO - precision@10: 0.003882
2026-01-24 23:21:36 - GraphTrainer - INFO - recall@10: 0.038243
2026-01-24 23:21:36 - GraphTrainer - INFO - hit_rate@10: 0.038744
2026-01-24 23:21:36 - GraphTrainer - INFO - ndcg@10: 0.020240
2026-01-24 23:21:36 - GraphTrainer - INFO - map@10: 0.014736
2026-01-24 23:21:36 - GraphTrainer - INFO - mrr@10: 0.014909
2026-01-24 23:21:36 - GraphTrainer - INFO - precision@20: 0.003029
2026-01-24 23:21:36 - GraphTrainer - INFO - recall@20: 0.059693
2026-01-24 23:21:36 - GraphTrainer - INFO - hit_rate@20: 0.060451
2026-01-24 23:21:36 - GraphTrainer - INFO - ndcg@20: 0.025654
2026-01-24 23:21:36 - GraphTrainer - INFO - map@20: 0.016205
2026-01-24 23:21:36 - GraphTrainer - INFO - mrr@20: 0.016395
2026-01-24 23:21:36 - GraphTrainer - INFO - ------------------------------------------------------------
2026-01-24 23:21:36 - GraphTrainer - INFO - ============================================================
2026-01-24 23:21:36 - GraphTrainer - INFO - 开始第 4/1000 轮训练
2026-01-24 23:21:36 - GraphTrainer - INFO - ============================================================
2026-01-24 23:22:01 - GraphTrainer - INFO - 验证结果:
2026-01-24 23:22:01 - GraphTrainer - INFO -   precision@5: 0.004931
2026-01-24 23:22:01 - GraphTrainer - INFO -   recall@5: 0.024401
2026-01-24 23:22:01 - GraphTrainer - INFO -   hit_rate@5: 0.024653
2026-01-24 23:22:01 - GraphTrainer - INFO -   ndcg@5: 0.016038
2026-01-24 23:22:01 - GraphTrainer - INFO -   map@5: 0.013257
2026-01-24 23:22:01 - GraphTrainer - INFO -   mrr@5: 0.013389
2026-01-24 23:22:01 - GraphTrainer - INFO -   precision@10: 0.004024
2026-01-24 23:22:01 - GraphTrainer - INFO -   recall@10: 0.039620
2026-01-24 23:22:01 - GraphTrainer - INFO -   hit_rate@10: 0.040166
2026-01-24 23:22:01 - GraphTrainer - INFO -   ndcg@10: 0.020943
2026-01-24 23:22:01 - GraphTrainer - INFO -   map@10: 0.015250
2026-01-24 23:22:01 - GraphTrainer - INFO -   mrr@10: 0.015414
2026-01-24 23:22:01 - GraphTrainer - INFO -   precision@20: 0.003080
2026-01-24 23:22:01 - GraphTrainer - INFO -   recall@20: 0.060646
2026-01-24 23:22:01 - GraphTrainer - INFO -   hit_rate@20: 0.061492
2026-01-24 23:22:01 - GraphTrainer - INFO -   ndcg@20: 0.026260
2026-01-24 23:22:01 - GraphTrainer - INFO -   map@20: 0.016697
2026-01-24 23:22:01 - GraphTrainer - INFO -   mrr@20: 0.016881
2026-01-24 23:22:01 - GraphTrainer - INFO - 第 4 轮训练完成
2026-01-24 23:22:01 - GraphTrainer - INFO - train_loss: 1.752932
2026-01-24 23:22:01 - GraphTrainer - INFO - precision@5: 0.004931
2026-01-24 23:22:01 - GraphTrainer - INFO - recall@5: 0.024401
2026-01-24 23:22:01 - GraphTrainer - INFO - hit_rate@5: 0.024653
2026-01-24 23:22:01 - GraphTrainer - INFO - ndcg@5: 0.016038
2026-01-24 23:22:01 - GraphTrainer - INFO - map@5: 0.013257
2026-01-24 23:22:01 - GraphTrainer - INFO - mrr@5: 0.013389
2026-01-24 23:22:01 - GraphTrainer - INFO - precision@10: 0.004024
2026-01-24 23:22:01 - GraphTrainer - INFO - recall@10: 0.039620
2026-01-24 23:22:01 - GraphTrainer - INFO - hit_rate@10: 0.040166
2026-01-24 23:22:01 - GraphTrainer - INFO - ndcg@10: 0.020943
2026-01-24 23:22:01 - GraphTrainer - INFO - map@10: 0.015250
2026-01-24 23:22:01 - GraphTrainer - INFO - mrr@10: 0.015414
2026-01-24 23:22:01 - GraphTrainer - INFO - precision@20: 0.003080
2026-01-24 23:22:01 - GraphTrainer - INFO - recall@20: 0.060646
2026-01-24 23:22:01 - GraphTrainer - INFO - hit_rate@20: 0.061492
2026-01-24 23:22:01 - GraphTrainer - INFO - ndcg@20: 0.026260
2026-01-24 23:22:01 - GraphTrainer - INFO - map@20: 0.016697
2026-01-24 23:22:01 - GraphTrainer - INFO - mrr@20: 0.016881
2026-01-24 23:22:01 - GraphTrainer - INFO - ------------------------------------------------------------
2026-01-24 23:22:01 - GraphTrainer - INFO - ============================================================
2026-01-24 23:22:01 - GraphTrainer - INFO - 开始第 5/1000 轮训练
2026-01-24 23:22:01 - GraphTrainer - INFO - ============================================================
2026-01-24 23:23:37 - GraphTrainer - INFO - Starting training...
2026-01-24 23:23:37 - GraphTrainer - INFO - 模型: SGrec
2026-01-24 23:23:37 - GraphTrainer - INFO - 总参数量: 6,696,070
2026-01-24 23:23:37 - GraphTrainer - INFO - 可训练参数量: 6,696,070
2026-01-24 23:23:37 - GraphTrainer - INFO - ============================================================
2026-01-24 23:23:37 - GraphTrainer - INFO - 开始第 1/1000 轮训练
2026-01-24 23:23:37 - GraphTrainer - INFO - ============================================================
2026-01-24 23:24:28 - GraphTrainer - INFO - 验证结果:
2026-01-24 23:24:28 - GraphTrainer - INFO -   precision@5: 0.003854
2026-01-24 23:24:28 - GraphTrainer - INFO -   recall@5: 0.019069
2026-01-24 23:24:28 - GraphTrainer - INFO -   hit_rate@5: 0.019270
2026-01-24 23:24:28 - GraphTrainer - INFO -   ndcg@5: 0.012348
2026-01-24 23:24:28 - GraphTrainer - INFO -   map@5: 0.010108
2026-01-24 23:24:28 - GraphTrainer - INFO -   mrr@5: 0.010208
2026-01-24 23:24:28 - GraphTrainer - INFO -   precision@10: 0.003146
2026-01-24 23:24:28 - GraphTrainer - INFO -   recall@10: 0.031001
2026-01-24 23:24:28 - GraphTrainer - INFO -   hit_rate@10: 0.031406
2026-01-24 23:24:28 - GraphTrainer - INFO -   ndcg@10: 0.016174
2026-01-24 23:24:28 - GraphTrainer - INFO -   map@10: 0.011654
2026-01-24 23:24:28 - GraphTrainer - INFO -   mrr@10: 0.011779
2026-01-24 23:24:28 - GraphTrainer - INFO -   precision@20: 0.002455
2026-01-24 23:24:28 - GraphTrainer - INFO -   recall@20: 0.048399
2026-01-24 23:24:28 - GraphTrainer - INFO -   hit_rate@20: 0.049026
2026-01-24 23:24:28 - GraphTrainer - INFO -   ndcg@20: 0.020566
2026-01-24 23:24:28 - GraphTrainer - INFO -   map@20: 0.012846
2026-01-24 23:24:28 - GraphTrainer - INFO -   mrr@20: 0.012986
2026-01-24 23:24:28 - GraphTrainer - INFO - 第 1 轮训练完成
2026-01-24 23:24:28 - GraphTrainer - INFO - train_loss: 2.163261
2026-01-24 23:24:28 - GraphTrainer - INFO - precision@5: 0.003854
2026-01-24 23:24:28 - GraphTrainer - INFO - recall@5: 0.019069
2026-01-24 23:24:28 - GraphTrainer - INFO - hit_rate@5: 0.019270
2026-01-24 23:24:28 - GraphTrainer - INFO - ndcg@5: 0.012348
2026-01-24 23:24:28 - GraphTrainer - INFO - map@5: 0.010108
2026-01-24 23:24:28 - GraphTrainer - INFO - mrr@5: 0.010208
2026-01-24 23:24:28 - GraphTrainer - INFO - precision@10: 0.003146
2026-01-24 23:24:28 - GraphTrainer - INFO - recall@10: 0.031001
2026-01-24 23:24:28 - GraphTrainer - INFO - hit_rate@10: 0.031406
2026-01-24 23:24:28 - GraphTrainer - INFO - ndcg@10: 0.016174
2026-01-24 23:24:28 - GraphTrainer - INFO - map@10: 0.011654
2026-01-24 23:24:28 - GraphTrainer - INFO - mrr@10: 0.011779
2026-01-24 23:24:28 - GraphTrainer - INFO - precision@20: 0.002455
2026-01-24 23:24:28 - GraphTrainer - INFO - recall@20: 0.048399
2026-01-24 23:24:28 - GraphTrainer - INFO - hit_rate@20: 0.049026
2026-01-24 23:24:28 - GraphTrainer - INFO - ndcg@20: 0.020566
2026-01-24 23:24:28 - GraphTrainer - INFO - map@20: 0.012846
2026-01-24 23:24:28 - GraphTrainer - INFO - mrr@20: 0.012986
2026-01-24 23:24:28 - GraphTrainer - INFO - ------------------------------------------------------------
2026-01-24 23:24:28 - GraphTrainer - INFO - ============================================================
2026-01-24 23:24:28 - GraphTrainer - INFO - 开始第 2/1000 轮训练
2026-01-24 23:24:28 - GraphTrainer - INFO - ============================================================
2026-01-24 23:25:19 - GraphTrainer - INFO - 验证结果:
2026-01-24 23:25:19 - GraphTrainer - INFO -   precision@5: 0.004240
2026-01-24 23:25:19 - GraphTrainer - INFO -   recall@5: 0.020950
2026-01-24 23:25:19 - GraphTrainer - INFO -   hit_rate@5: 0.021200
2026-01-24 23:25:19 - GraphTrainer - INFO -   ndcg@5: 0.013734
2026-01-24 23:25:19 - GraphTrainer - INFO -   map@5: 0.011320
2026-01-24 23:25:19 - GraphTrainer - INFO -   mrr@5: 0.011440
2026-01-24 23:25:19 - GraphTrainer - INFO -   precision@10: 0.003415
2026-01-24 23:25:19 - GraphTrainer - INFO -   recall@10: 0.033643
2026-01-24 23:25:19 - GraphTrainer - INFO -   hit_rate@10: 0.034098
2026-01-24 23:25:19 - GraphTrainer - INFO -   ndcg@10: 0.017827
2026-01-24 23:25:19 - GraphTrainer - INFO -   map@10: 0.012988
2026-01-24 23:25:19 - GraphTrainer - INFO -   mrr@10: 0.013133
2026-01-24 23:25:19 - GraphTrainer - INFO -   precision@20: 0.002648
2026-01-24 23:25:19 - GraphTrainer - INFO -   recall@20: 0.052244
2026-01-24 23:25:19 - GraphTrainer - INFO -   hit_rate@20: 0.052885
2026-01-24 23:25:19 - GraphTrainer - INFO -   ndcg@20: 0.022512
2026-01-24 23:25:19 - GraphTrainer - INFO -   map@20: 0.014256
2026-01-24 23:25:19 - GraphTrainer - INFO -   mrr@20: 0.014414
2026-01-24 23:25:19 - GraphTrainer - INFO - 第 2 轮训练完成
2026-01-24 23:25:19 - GraphTrainer - INFO - train_loss: 1.953487
2026-01-24 23:25:19 - GraphTrainer - INFO - precision@5: 0.004240
2026-01-24 23:25:19 - GraphTrainer - INFO - recall@5: 0.020950
2026-01-24 23:25:19 - GraphTrainer - INFO - hit_rate@5: 0.021200
2026-01-24 23:25:19 - GraphTrainer - INFO - ndcg@5: 0.013734
2026-01-24 23:25:19 - GraphTrainer - INFO - map@5: 0.011320
2026-01-24 23:25:19 - GraphTrainer - INFO - mrr@5: 0.011440
2026-01-24 23:25:19 - GraphTrainer - INFO - precision@10: 0.003415
2026-01-24 23:25:19 - GraphTrainer - INFO - recall@10: 0.033643
2026-01-24 23:25:19 - GraphTrainer - INFO - hit_rate@10: 0.034098
2026-01-24 23:25:19 - GraphTrainer - INFO - ndcg@10: 0.017827
2026-01-24 23:25:19 - GraphTrainer - INFO - map@10: 0.012988
2026-01-24 23:25:19 - GraphTrainer - INFO - mrr@10: 0.013133
2026-01-24 23:25:19 - GraphTrainer - INFO - precision@20: 0.002648
2026-01-24 23:25:19 - GraphTrainer - INFO - recall@20: 0.052244
2026-01-24 23:25:19 - GraphTrainer - INFO - hit_rate@20: 0.052885
2026-01-24 23:25:19 - GraphTrainer - INFO - ndcg@20: 0.022512
2026-01-24 23:25:19 - GraphTrainer - INFO - map@20: 0.014256
2026-01-24 23:25:19 - GraphTrainer - INFO - mrr@20: 0.014414
2026-01-24 23:25:19 - GraphTrainer - INFO - ------------------------------------------------------------
2026-01-24 23:25:19 - GraphTrainer - INFO - ============================================================
2026-01-24 23:25:19 - GraphTrainer - INFO - 开始第 3/1000 轮训练
2026-01-24 23:25:19 - GraphTrainer - INFO - ============================================================
2026-01-24 23:26:05 - GraphTrainer - INFO - Starting training...
2026-01-24 23:26:05 - GraphTrainer - INFO - 模型: SGrec
2026-01-24 23:26:05 - GraphTrainer - INFO - 总参数量: 6,696,070
2026-01-24 23:26:05 - GraphTrainer - INFO - 可训练参数量: 6,696,070
2026-01-24 23:26:05 - GraphTrainer - INFO - ============================================================
2026-01-24 23:26:05 - GraphTrainer - INFO - 开始第 1/1000 轮训练
2026-01-24 23:26:05 - GraphTrainer - INFO - ============================================================
2026-01-24 23:26:56 - GraphTrainer - INFO - 验证结果:
2026-01-24 23:26:56 - GraphTrainer - INFO -   precision@5: 0.003245
2026-01-24 23:26:56 - GraphTrainer - INFO -   recall@5: 0.015985
2026-01-24 23:26:56 - GraphTrainer - INFO -   hit_rate@5: 0.016224
2026-01-24 23:26:56 - GraphTrainer - INFO -   ndcg@5: 0.010322
2026-01-24 23:26:56 - GraphTrainer - INFO -   map@5: 0.008428
2026-01-24 23:26:56 - GraphTrainer - INFO -   mrr@5: 0.008539
2026-01-24 23:26:56 - GraphTrainer - INFO -   precision@10: 0.002613
2026-01-24 23:26:56 - GraphTrainer - INFO -   recall@10: 0.025662
2026-01-24 23:26:56 - GraphTrainer - INFO -   hit_rate@10: 0.026075
2026-01-24 23:26:56 - GraphTrainer - INFO -   ndcg@10: 0.013452
2026-01-24 23:26:56 - GraphTrainer - INFO -   map@10: 0.009708
2026-01-24 23:26:56 - GraphTrainer - INFO -   mrr@10: 0.009839
2026-01-24 23:26:56 - GraphTrainer - INFO -   precision@20: 0.002105
2026-01-24 23:26:56 - GraphTrainer - INFO -   recall@20: 0.041408
2026-01-24 23:26:56 - GraphTrainer - INFO -   hit_rate@20: 0.042044
2026-01-24 23:26:56 - GraphTrainer - INFO -   ndcg@20: 0.017436
2026-01-24 23:26:56 - GraphTrainer - INFO -   map@20: 0.010793
2026-01-24 23:26:56 - GraphTrainer - INFO -   mrr@20: 0.010939
2026-01-24 23:26:56 - GraphTrainer - INFO - 第 1 轮训练完成
2026-01-24 23:26:56 - GraphTrainer - INFO - train_loss: 2.445939
2026-01-24 23:26:56 - GraphTrainer - INFO - precision@5: 0.003245
2026-01-24 23:26:56 - GraphTrainer - INFO - recall@5: 0.015985
2026-01-24 23:26:56 - GraphTrainer - INFO - hit_rate@5: 0.016224
2026-01-24 23:26:56 - GraphTrainer - INFO - ndcg@5: 0.010322
2026-01-24 23:26:56 - GraphTrainer - INFO - map@5: 0.008428
2026-01-24 23:26:56 - GraphTrainer - INFO - mrr@5: 0.008539
2026-01-24 23:26:56 - GraphTrainer - INFO - precision@10: 0.002613
2026-01-24 23:26:56 - GraphTrainer - INFO - recall@10: 0.025662
2026-01-24 23:26:56 - GraphTrainer - INFO - hit_rate@10: 0.026075
2026-01-24 23:26:56 - GraphTrainer - INFO - ndcg@10: 0.013452
2026-01-24 23:26:56 - GraphTrainer - INFO - map@10: 0.009708
2026-01-24 23:26:56 - GraphTrainer - INFO - mrr@10: 0.009839
2026-01-24 23:26:56 - GraphTrainer - INFO - precision@20: 0.002105
2026-01-24 23:26:56 - GraphTrainer - INFO - recall@20: 0.041408
2026-01-24 23:26:56 - GraphTrainer - INFO - hit_rate@20: 0.042044
2026-01-24 23:26:56 - GraphTrainer - INFO - ndcg@20: 0.017436
2026-01-24 23:26:56 - GraphTrainer - INFO - map@20: 0.010793
2026-01-24 23:26:56 - GraphTrainer - INFO - mrr@20: 0.010939
2026-01-24 23:26:56 - GraphTrainer - INFO - ------------------------------------------------------------
2026-01-24 23:26:56 - GraphTrainer - INFO - ============================================================
2026-01-24 23:26:56 - GraphTrainer - INFO - 开始第 2/1000 轮训练
2026-01-24 23:26:56 - GraphTrainer - INFO - ============================================================
