nohup: ignoring input
2026-01-22 19:47:36 - GraphTrainer - INFO - Starting training...
2026-01-22 19:47:36 - GraphTrainer - INFO - 模型: SGrec
2026-01-22 19:47:36 - GraphTrainer - INFO - 总参数量: 6,696,070
2026-01-22 19:47:36 - GraphTrainer - INFO - 可训练参数量: 6,696,070
2026-01-22 19:47:36 - GraphTrainer - INFO - ============================================================
2026-01-22 19:47:36 - GraphTrainer - INFO - 开始第 1/1000 轮训练
2026-01-22 19:47:36 - GraphTrainer - INFO - ============================================================

############################################################
Grid Trial 0
############################################################
Trial config (partial):
  lr=0.001, wd=0.0001, k=2, v_layer=2, t_layer=2
Using GPU: NVIDIA GeForce RTX 4090
============================================================
Graph-based Recommendation System
============================================================
Dataset: clothing
Device: cuda
Model: SGrec
Embedding dim: 64
Epochs: 1000
============================================================
Loading data...
Initializing full dataset from ../autodl-tmp/data/ori_data/clothing
Loading interaction data from ../autodl-tmp/data/ori_data/clothing
Loading features from ../autodl-tmp/data/ori_data/clothing
Building user-item interaction index...
Dataset Statistics:
  num_users: 39387
  num_items: 23033
  num_interactions: 278677
  sparsity: 0.9996928166190899
  user_features: []
  item_features_dimensions: {'image_feat': 4096, 'text_feat': 384}
  user_feature_dimensions: {}
  train_ratio: 0.7081244594997076
  val_ratio: 0.1440736049261331
  test_ratio: 0.14780193557415933
Full dataset initialized: 278677 interactions, 39387 users, 23033 items
Splitting dataset into train/val/test...
Initializing subset dataset (mode: train) with 197338 interactions
Initializing subset dataset (mode: val) with 40150 interactions
Initializing subset dataset (mode: test) with 41189 interactions
Split results - Train: 197338 interactions, Val: 40150, Test: 41189
Data loaders created - Train batches: 771, Val batches: 157, Test batches: 161
Data loaded: 39387 users, 23033 items
User features: []
Item features: ['image_feat', 'text_feat']
Building graph and model...
Extracting training interactions for graph construction...
Extracted 197338 positive interactions for graph construction
Graph built from training data only: 62420 nodes, 457096 edges
⚠️  Important: Graph constructed using only training data to prevent data leakage
SGrec(
  (user_emb): Embedding(39387, 64)
  (item_emb): Embedding(23033, 64)
  (graph): Graph(
    (input_feat_dropout): Dropout(p=0.1, inplace=False)
    (v_ffn): Sequential(
      (0): Linear(in_features=4096, out_features=512, bias=True)
      (1): ReLU()
      (2): Linear(in_features=512, out_features=64, bias=True)
      (3): BatchNorm1d(64, eps=1e-05, momentum=0.1, affine=True, track_running_stats=True)
    )
    (t_ffn): Sequential(
      (0): Linear(in_features=384, out_features=512, bias=True)
      (1): ReLU()
      (2): Linear(in_features=512, out_features=64, bias=True)
      (3): BatchNorm1d(64, eps=1e-05, momentum=0.1, affine=True, track_running_stats=True)
    )
    (iu_gcn): IU_GCN(
      (x_dropout): Dropout(p=0.3, inplace=False)
      (edge_dropout): Dropout(p=0.2, inplace=False)
      (z_dropout): Dropout(p=0.3, inplace=False)
    )
    (v_transformer): SpatialTransformer(
      (transformer_blocks): ModuleList(
        (0-1): 2 x SpatialTransformerBlock(
          (attention): MultiHeadSelfAttention(
            (q_linear): Linear(in_features=64, out_features=64, bias=True)
            (k_linear): Linear(in_features=64, out_features=64, bias=True)
            (v_linear): Linear(in_features=64, out_features=64, bias=True)
            (o_linear): Linear(in_features=64, out_features=64, bias=True)
            (attn_dropout): Dropout(p=0.1, inplace=False)
            (output_dropout): Dropout(p=0.1, inplace=False)
          )
          (feed_forward): FeedForward(
            (linear1): Linear(in_features=64, out_features=512, bias=True)
            (linear2): Linear(in_features=512, out_features=64, bias=True)
            (dropout): Dropout(p=0.1, inplace=False)
          )
          (norm): LayerNorm((64,), eps=1e-05, elementwise_affine=True)
          (norm2): LayerNorm((64,), eps=1e-05, elementwise_affine=True)
          (output_dropout): Dropout(p=0.1, inplace=False)
        )
      )
    )
    (t_transformer): SpatialTransformer(
      (transformer_blocks): ModuleList(
        (0-1): 2 x SpatialTransformerBlock(
          (attention): MultiHeadSelfAttention(
            (q_linear): Linear(in_features=64, out_features=64, bias=True)
            (k_linear): Linear(in_features=64, out_features=64, bias=True)
            (v_linear): Linear(in_features=64, out_features=64, bias=True)
            (o_linear): Linear(in_features=64, out_features=64, bias=True)
            (attn_dropout): Dropout(p=0.1, inplace=False)
            (output_dropout): Dropout(p=0.1, inplace=False)
          )
          (feed_forward): FeedForward(
            (linear1): Linear(in_features=64, out_features=512, bias=True)
            (linear2): Linear(in_features=512, out_features=64, bias=True)
            (dropout): Dropout(p=0.1, inplace=False)
          )
          (norm): LayerNorm((64,), eps=1e-05, elementwise_affine=True)
          (norm2): LayerNorm((64,), eps=1e-05, elementwise_affine=True)
          (output_dropout): Dropout(p=0.1, inplace=False)
        )
      )
    )
    (outl): Linear(in_features=128, out_features=64, bias=True)
    (activate): ReLU()
    (alpha_w): Linear(in_features=64, out_features=3, bias=True)
    (d): Dropout(p=0.3, inplace=False)
  )
)
Model parameters: 6,696,070
init trainer,verifier,tester
0 train_loss tensor(3.0875, device='cuda:0', grad_fn=<AddBackward0>)
1 train_loss tensor(3.2307, device='cuda:0', grad_fn=<AddBackward0>)
2 train_loss tensor(3.0938, device='cuda:0', grad_fn=<AddBackward0>)
3 train_loss tensor(3.0980, device='cuda:0', grad_fn=<AddBackward0>)
4 train_loss tensor(2.9195, device='cuda:0', grad_fn=<AddBackward0>)
5 train_loss tensor(2.9157, device='cuda:0', grad_fn=<AddBackward0>)
6 train_loss tensor(3.0177, device='cuda:0', grad_fn=<AddBackward0>)
7 train_loss tensor(2.8836, device='cuda:0', grad_fn=<AddBackward0>)
8 train_loss tensor(2.8236, device='cuda:0', grad_fn=<AddBackward0>)
9 train_loss tensor(2.7701, device='cuda:0', grad_fn=<AddBackward0>)
10 train_loss tensor(2.8361, device='cuda:0', grad_fn=<AddBackward0>)
11 train_loss tensor(2.7156, device='cuda:0', grad_fn=<AddBackward0>)
12 train_loss tensor(2.7903, device='cuda:0', grad_fn=<AddBackward0>)
13 train_loss tensor(2.9038, device='cuda:0', grad_fn=<AddBackward0>)
14 train_loss tensor(2.9461, device='cuda:0', grad_fn=<AddBackward0>)
15 train_loss tensor(2.7537, device='cuda:0', grad_fn=<AddBackward0>)
16 train_loss tensor(2.8880, device='cuda:0', grad_fn=<AddBackward0>)
17 train_loss tensor(2.7636, device='cuda:0', grad_fn=<AddBackward0>)
18 train_loss tensor(2.7074, device='cuda:0', grad_fn=<AddBackward0>)
19 train_loss tensor(2.7727, device='cuda:0', grad_fn=<AddBackward0>)
20 train_loss tensor(2.7488, device='cuda:0', grad_fn=<AddBackward0>)
21 train_loss tensor(2.9880, device='cuda:0', grad_fn=<AddBackward0>)
22 train_loss tensor(2.8422, device='cuda:0', grad_fn=<AddBackward0>)
23 train_loss tensor(2.7437, device='cuda:0', grad_fn=<AddBackward0>)
24 train_loss tensor(2.6514, device='cuda:0', grad_fn=<AddBackward0>)
25 train_loss tensor(2.6824, device='cuda:0', grad_fn=<AddBackward0>)
26 train_loss tensor(2.7015, device='cuda:0', grad_fn=<AddBackward0>)
27 train_loss tensor(2.7307, device='cuda:0', grad_fn=<AddBackward0>)
28 train_loss tensor(2.6489, device='cuda:0', grad_fn=<AddBackward0>)
29 train_loss tensor(2.5773, device='cuda:0', grad_fn=<AddBackward0>)
30 train_loss tensor(2.6971, device='cuda:0', grad_fn=<AddBackward0>)
31 train_loss tensor(2.7892, device='cuda:0', grad_fn=<AddBackward0>)
32 train_loss tensor(2.7287, device='cuda:0', grad_fn=<AddBackward0>)
33 train_loss tensor(2.6651, device='cuda:0', grad_fn=<AddBackward0>)
34 train_loss tensor(2.8105, device='cuda:0', grad_fn=<AddBackward0>)
35 train_loss tensor(2.8037, device='cuda:0', grad_fn=<AddBackward0>)
36 train_loss tensor(2.6628, device='cuda:0', grad_fn=<AddBackward0>)
37 train_loss tensor(2.7311, device='cuda:0', grad_fn=<AddBackward0>)
38 train_loss tensor(2.6571, device='cuda:0', grad_fn=<AddBackward0>)
39 train_loss tensor(2.6554, device='cuda:0', grad_fn=<AddBackward0>)
40 train_loss tensor(2.5962, device='cuda:0', grad_fn=<AddBackward0>)
41 train_loss tensor(2.5656, device='cuda:0', grad_fn=<AddBackward0>)
42 train_loss tensor(2.6936, device='cuda:0', grad_fn=<AddBackward0>)
43 train_loss tensor(2.7352, device='cuda:0', grad_fn=<AddBackward0>)
44 train_loss tensor(2.5978, device='cuda:0', grad_fn=<AddBackward0>)
45 train_loss tensor(2.7669, device='cuda:0', grad_fn=<AddBackward0>)
46 train_loss tensor(2.5740, device='cuda:0', grad_fn=<AddBackward0>)
47 train_loss tensor(2.5824, device='cuda:0', grad_fn=<AddBackward0>)
48 train_loss tensor(2.7134, device='cuda:0', grad_fn=<AddBackward0>)
49 train_loss tensor(2.6862, device='cuda:0', grad_fn=<AddBackward0>)
50 train_loss tensor(2.7631, device='cuda:0', grad_fn=<AddBackward0>)
51 train_loss tensor(2.7242, device='cuda:0', grad_fn=<AddBackward0>)
52 train_loss tensor(2.8160, device='cuda:0', grad_fn=<AddBackward0>)
53 train_loss tensor(2.6463, device='cuda:0', grad_fn=<AddBackward0>)
54 train_loss tensor(2.7137, device='cuda:0', grad_fn=<AddBackward0>)
55 train_loss tensor(2.6889, device='cuda:0', grad_fn=<AddBackward0>)
56 train_loss tensor(2.6239, device='cuda:0', grad_fn=<AddBackward0>)
57 train_loss tensor(2.5640, device='cuda:0', grad_fn=<AddBackward0>)
58 train_loss tensor(2.5457, device='cuda:0', grad_fn=<AddBackward0>)
59 train_loss tensor(2.6479, device='cuda:0', grad_fn=<AddBackward0>)
60 train_loss tensor(2.6191, device='cuda:0', grad_fn=<AddBackward0>)
61 train_loss tensor(2.6541, device='cuda:0', grad_fn=<AddBackward0>)
62 train_loss tensor(2.5228, device='cuda:0', grad_fn=<AddBackward0>)
63 train_loss tensor(2.5892, device='cuda:0', grad_fn=<AddBackward0>)
64 train_loss tensor(2.6174, device='cuda:0', grad_fn=<AddBackward0>)
65 train_loss tensor(2.7808, device='cuda:0', grad_fn=<AddBackward0>)
66 train_loss tensor(2.6070, device='cuda:0', grad_fn=<AddBackward0>)
67 train_loss tensor(2.4867, device='cuda:0', grad_fn=<AddBackward0>)
68 train_loss tensor(2.5843, device='cuda:0', grad_fn=<AddBackward0>)
69 train_loss tensor(2.6019, device='cuda:0', grad_fn=<AddBackward0>)
70 train_loss tensor(2.7551, device='cuda:0', grad_fn=<AddBackward0>)
71 train_loss tensor(2.7876, device='cuda:0', grad_fn=<AddBackward0>)
72 train_loss tensor(2.6684, device='cuda:0', grad_fn=<AddBackward0>)
73 train_loss tensor(2.6653, device='cuda:0', grad_fn=<AddBackward0>)
74 train_loss tensor(2.5595, device='cuda:0', grad_fn=<AddBackward0>)
75 train_loss tensor(2.5927, device='cuda:0', grad_fn=<AddBackward0>)
76 train_loss tensor(2.6190, device='cuda:0', grad_fn=<AddBackward0>)
77 train_loss tensor(2.5819, device='cuda:0', grad_fn=<AddBackward0>)
78 train_loss tensor(2.7336, device='cuda:0', grad_fn=<AddBackward0>)
79 train_loss tensor(2.5398, device='cuda:0', grad_fn=<AddBackward0>)
80 train_loss tensor(2.6426, device='cuda:0', grad_fn=<AddBackward0>)
81 train_loss tensor(2.5891, device='cuda:0', grad_fn=<AddBackward0>)
82 train_loss tensor(2.6800, device='cuda:0', grad_fn=<AddBackward0>)
83 train_loss tensor(2.6415, device='cuda:0', grad_fn=<AddBackward0>)
84 train_loss tensor(2.6706, device='cuda:0', grad_fn=<AddBackward0>)
85 train_loss tensor(2.7514, device='cuda:0', grad_fn=<AddBackward0>)
86 train_loss tensor(2.6997, device='cuda:0', grad_fn=<AddBackward0>)
87 train_loss tensor(2.5999, device='cuda:0', grad_fn=<AddBackward0>)
88 train_loss tensor(2.4631, device='cuda:0', grad_fn=<AddBackward0>)
89 train_loss tensor(2.6486, device='cuda:0', grad_fn=<AddBackward0>)
90 train_loss tensor(2.6206, device='cuda:0', grad_fn=<AddBackward0>)
91 train_loss tensor(2.6593, device='cuda:0', grad_fn=<AddBackward0>)
92 train_loss tensor(2.5986, device='cuda:0', grad_fn=<AddBackward0>)
93 train_loss tensor(2.5438, device='cuda:0', grad_fn=<AddBackward0>)
94 train_loss tensor(2.7269, device='cuda:0', grad_fn=<AddBackward0>)
95 train_loss tensor(2.5028, device='cuda:0', grad_fn=<AddBackward0>)
96 train_loss tensor(2.5229, device='cuda:0', grad_fn=<AddBackward0>)
97 train_loss tensor(2.6655, device='cuda:0', grad_fn=<AddBackward0>)
98 train_loss tensor(2.5536, device='cuda:0', grad_fn=<AddBackward0>)
99 train_loss tensor(2.6740, device='cuda:0', grad_fn=<AddBackward0>)
100 train_loss tensor(2.5506, device='cuda:0', grad_fn=<AddBackward0>)
101 train_loss tensor(2.4714, device='cuda:0', grad_fn=<AddBackward0>)
102 train_loss tensor(2.6363, device='cuda:0', grad_fn=<AddBackward0>)
103 train_loss tensor(2.5294, device='cuda:0', grad_fn=<AddBackward0>)
104 train_loss tensor(2.4347, device='cuda:0', grad_fn=<AddBackward0>)
105 train_loss tensor(2.7000, device='cuda:0', grad_fn=<AddBackward0>)
106 train_loss tensor(2.6559, device='cuda:0', grad_fn=<AddBackward0>)
107 train_loss tensor(2.5206, device='cuda:0', grad_fn=<AddBackward0>)
108 train_loss tensor(2.4849, device='cuda:0', grad_fn=<AddBackward0>)
109 train_loss tensor(2.5468, device='cuda:0', grad_fn=<AddBackward0>)
110 train_loss tensor(2.6893, device='cuda:0', grad_fn=<AddBackward0>)
111 train_loss tensor(2.5827, device='cuda:0', grad_fn=<AddBackward0>)
112 train_loss tensor(2.5221, device='cuda:0', grad_fn=<AddBackward0>)
113 train_loss tensor(2.4665, device='cuda:0', grad_fn=<AddBackward0>)
114 train_loss tensor(2.4772, device='cuda:0', grad_fn=<AddBackward0>)
115 train_loss tensor(2.6155, device='cuda:0', grad_fn=<AddBackward0>)
116 train_loss tensor(2.4876, device='cuda:0', grad_fn=<AddBackward0>)
117 train_loss tensor(2.4813, device='cuda:0', grad_fn=<AddBackward0>)
118 train_loss tensor(2.5093, device='cuda:0', grad_fn=<AddBackward0>)
119 train_loss tensor(2.4569, device='cuda:0', grad_fn=<AddBackward0>)
120 train_loss tensor(2.3410, device='cuda:0', grad_fn=<AddBackward0>)
121 train_loss tensor(2.3985, device='cuda:0', grad_fn=<AddBackward0>)
122 train_loss tensor(2.4448, device='cuda:0', grad_fn=<AddBackward0>)
123 train_loss tensor(2.3563, device='cuda:0', grad_fn=<AddBackward0>)
124 train_loss tensor(2.4598, device='cuda:0', grad_fn=<AddBackward0>)
125 train_loss tensor(2.6187, device='cuda:0', grad_fn=<AddBackward0>)
126 train_loss tensor(2.4931, device='cuda:0', grad_fn=<AddBackward0>)
127 train_loss tensor(2.5292, device='cuda:0', grad_fn=<AddBackward0>)
128 train_loss tensor(2.3788, device='cuda:0', grad_fn=<AddBackward0>)
129 train_loss tensor(2.3491, device='cuda:0', grad_fn=<AddBackward0>)
130 train_loss tensor(2.5165, device='cuda:0', grad_fn=<AddBackward0>)
131 train_loss tensor(2.4512, device='cuda:0', grad_fn=<AddBackward0>)
132 train_loss tensor(2.4120, device='cuda:0', grad_fn=<AddBackward0>)
133 train_loss tensor(2.5036, device='cuda:0', grad_fn=<AddBackward0>)
134 train_loss tensor(2.5118, device='cuda:0', grad_fn=<AddBackward0>)
135 train_loss tensor(2.4947, device='cuda:0', grad_fn=<AddBackward0>)
136 train_loss tensor(2.5514, device='cuda:0', grad_fn=<AddBackward0>)
137 train_loss tensor(2.6116, device='cuda:0', grad_fn=<AddBackward0>)
138 train_loss tensor(2.4068, device='cuda:0', grad_fn=<AddBackward0>)
139 train_loss tensor(2.3332, device='cuda:0', grad_fn=<AddBackward0>)
140 train_loss tensor(2.5533, device='cuda:0', grad_fn=<AddBackward0>)
141 train_loss tensor(2.5513, device='cuda:0', grad_fn=<AddBackward0>)
142 train_loss tensor(2.3880, device='cuda:0', grad_fn=<AddBackward0>)
143 train_loss tensor(2.4275, device='cuda:0', grad_fn=<AddBackward0>)
144 train_loss tensor(2.3632, device='cuda:0', grad_fn=<AddBackward0>)
145 train_loss tensor(2.5388, device='cuda:0', grad_fn=<AddBackward0>)
146 train_loss tensor(2.4942, device='cuda:0', grad_fn=<AddBackward0>)
147 train_loss tensor(2.4487, device='cuda:0', grad_fn=<AddBackward0>)
148 train_loss tensor(2.4927, device='cuda:0', grad_fn=<AddBackward0>)
149 train_loss tensor(2.3475, device='cuda:0', grad_fn=<AddBackward0>)
150 train_loss tensor(2.3775, device='cuda:0', grad_fn=<AddBackward0>)
151 train_loss tensor(2.4512, device='cuda:0', grad_fn=<AddBackward0>)
152 train_loss tensor(2.4428, device='cuda:0', grad_fn=<AddBackward0>)
153 train_loss tensor(2.3760, device='cuda:0', grad_fn=<AddBackward0>)
154 train_loss tensor(2.4397, device='cuda:0', grad_fn=<AddBackward0>)
155 train_loss tensor(2.3728, device='cuda:0', grad_fn=<AddBackward0>)
156 train_loss tensor(2.3926, device='cuda:0', grad_fn=<AddBackward0>)
157 train_loss tensor(2.3018, device='cuda:0', grad_fn=<AddBackward0>)
158 train_loss tensor(2.3253, device='cuda:0', grad_fn=<AddBackward0>)
159 train_loss tensor(2.4669, device='cuda:0', grad_fn=<AddBackward0>)
160 train_loss tensor(2.4829, device='cuda:0', grad_fn=<AddBackward0>)
161 train_loss tensor(2.4601, device='cuda:0', grad_fn=<AddBackward0>)
162 train_loss tensor(2.4898, device='cuda:0', grad_fn=<AddBackward0>)
163 train_loss tensor(2.4962, device='cuda:0', grad_fn=<AddBackward0>)
164 train_loss tensor(2.4993, device='cuda:0', grad_fn=<AddBackward0>)
165 train_loss tensor(2.4702, device='cuda:0', grad_fn=<AddBackward0>)
166 train_loss tensor(2.4210, device='cuda:0', grad_fn=<AddBackward0>)
167 train_loss tensor(2.5764, device='cuda:0', grad_fn=<AddBackward0>)
168 train_loss tensor(2.4479, device='cuda:0', grad_fn=<AddBackward0>)
169 train_loss tensor(2.5210, device='cuda:0', grad_fn=<AddBackward0>)
170 train_loss tensor(2.4725, device='cuda:0', grad_fn=<AddBackward0>)
171 train_loss tensor(2.4829, device='cuda:0', grad_fn=<AddBackward0>)
172 train_loss tensor(2.4608, device='cuda:0', grad_fn=<AddBackward0>)
173 train_loss tensor(2.4658, device='cuda:0', grad_fn=<AddBackward0>)
174 train_loss tensor(2.4777, device='cuda:0', grad_fn=<AddBackward0>)
175 train_loss tensor(2.4531, device='cuda:0', grad_fn=<AddBackward0>)
176 train_loss tensor(2.5669, device='cuda:0', grad_fn=<AddBackward0>)
177 train_loss tensor(2.3773, device='cuda:0', grad_fn=<AddBackward0>)
178 train_loss tensor(2.4789, device='cuda:0', grad_fn=<AddBackward0>)
179 train_loss tensor(2.3655, device='cuda:0', grad_fn=<AddBackward0>)
180 train_loss tensor(2.2949, device='cuda:0', grad_fn=<AddBackward0>)
181 train_loss tensor(2.4951, device='cuda:0', grad_fn=<AddBackward0>)
182 train_loss tensor(2.2499, device='cuda:0', grad_fn=<AddBackward0>)
183 train_loss tensor(2.5311, device='cuda:0', grad_fn=<AddBackward0>)
184 train_loss tensor(2.3214, device='cuda:0', grad_fn=<AddBackward0>)
185 train_loss tensor(2.2487, device='cuda:0', grad_fn=<AddBackward0>)
186 train_loss tensor(2.5285, device='cuda:0', grad_fn=<AddBackward0>)
187 train_loss tensor(2.5031, device='cuda:0', grad_fn=<AddBackward0>)
188 train_loss tensor(2.4524, device='cuda:0', grad_fn=<AddBackward0>)
189 train_loss tensor(2.3399, device='cuda:0', grad_fn=<AddBackward0>)
190 train_loss tensor(2.3622, device='cuda:0', grad_fn=<AddBackward0>)
191 train_loss tensor(2.4247, device='cuda:0', grad_fn=<AddBackward0>)
192 train_loss tensor(2.4098, device='cuda:0', grad_fn=<AddBackward0>)
193 train_loss tensor(2.3724, device='cuda:0', grad_fn=<AddBackward0>)
194 train_loss tensor(2.3736, device='cuda:0', grad_fn=<AddBackward0>)
195 train_loss tensor(2.3790, device='cuda:0', grad_fn=<AddBackward0>)
196 train_loss tensor(2.4160, device='cuda:0', grad_fn=<AddBackward0>)
197 train_loss tensor(2.4355, device='cuda:0', grad_fn=<AddBackward0>)
198 train_loss tensor(2.3262, device='cuda:0', grad_fn=<AddBackward0>)
199 train_loss tensor(2.2781, device='cuda:0', grad_fn=<AddBackward0>)
200 train_loss tensor(2.5058, device='cuda:0', grad_fn=<AddBackward0>)
201 train_loss tensor(2.3585, device='cuda:0', grad_fn=<AddBackward0>)
202 train_loss tensor(2.3977, device='cuda:0', grad_fn=<AddBackward0>)
203 train_loss tensor(2.3310, device='cuda:0', grad_fn=<AddBackward0>)
204 train_loss tensor(2.4791, device='cuda:0', grad_fn=<AddBackward0>)
205 train_loss tensor(2.3343, device='cuda:0', grad_fn=<AddBackward0>)
206 train_loss tensor(2.4454, device='cuda:0', grad_fn=<AddBackward0>)
207 train_loss tensor(2.3564, device='cuda:0', grad_fn=<AddBackward0>)
208 train_loss tensor(2.3172, device='cuda:0', grad_fn=<AddBackward0>)
209 train_loss tensor(2.2992, device='cuda:0', grad_fn=<AddBackward0>)
210 train_loss tensor(2.1951, device='cuda:0', grad_fn=<AddBackward0>)
211 train_loss tensor(2.4330, device='cuda:0', grad_fn=<AddBackward0>)
212 train_loss tensor(2.2804, device='cuda:0', grad_fn=<AddBackward0>)
213 train_loss tensor(2.4871, device='cuda:0', grad_fn=<AddBackward0>)
214 train_loss tensor(2.4727, device='cuda:0', grad_fn=<AddBackward0>)
215 train_loss tensor(2.4141, device='cuda:0', grad_fn=<AddBackward0>)
216 train_loss tensor(2.3815, device='cuda:0', grad_fn=<AddBackward0>)
217 train_loss tensor(2.3677, device='cuda:0', grad_fn=<AddBackward0>)
218 train_loss tensor(2.4410, device='cuda:0', grad_fn=<AddBackward0>)
219 train_loss tensor(2.3113, device='cuda:0', grad_fn=<AddBackward0>)
220 train_loss tensor(2.2229, device='cuda:0', grad_fn=<AddBackward0>)
221 train_loss tensor(2.3280, device='cuda:0', grad_fn=<AddBackward0>)
222 train_loss tensor(2.3781, device='cuda:0', grad_fn=<AddBackward0>)
223 train_loss tensor(2.2646, device='cuda:0', grad_fn=<AddBackward0>)
224 train_loss tensor(2.3028, device='cuda:0', grad_fn=<AddBackward0>)
225 train_loss tensor(2.4610, device='cuda:0', grad_fn=<AddBackward0>)
226 train_loss tensor(2.3763, device='cuda:0', grad_fn=<AddBackward0>)
227 train_loss tensor(2.2997, device='cuda:0', grad_fn=<AddBackward0>)
228 train_loss tensor(2.2133, device='cuda:0', grad_fn=<AddBackward0>)
229 train_loss tensor(2.3758, device='cuda:0', grad_fn=<AddBackward0>)
230 train_loss tensor(2.2998, device='cuda:0', grad_fn=<AddBackward0>)
231 train_loss tensor(2.3733, device='cuda:0', grad_fn=<AddBackward0>)
232 train_loss tensor(2.3554, device='cuda:0', grad_fn=<AddBackward0>)
233 train_loss tensor(2.3456, device='cuda:0', grad_fn=<AddBackward0>)
234 train_loss tensor(2.4022, device='cuda:0', grad_fn=<AddBackward0>)
235 train_loss tensor(2.5163, device='cuda:0', grad_fn=<AddBackward0>)
236 train_loss tensor(2.4039, device='cuda:0', grad_fn=<AddBackward0>)
237 train_loss tensor(2.5604, device='cuda:0', grad_fn=<AddBackward0>)
238 train_loss tensor(2.3182, device='cuda:0', grad_fn=<AddBackward0>)
239 train_loss tensor(2.4865, device='cuda:0', grad_fn=<AddBackward0>)
240 train_loss tensor(2.4842, device='cuda:0', grad_fn=<AddBackward0>)
241 train_loss tensor(2.2980, device='cuda:0', grad_fn=<AddBackward0>)
242 train_loss tensor(2.3334, device='cuda:0', grad_fn=<AddBackward0>)
243 train_loss tensor(2.3237, device='cuda:0', grad_fn=<AddBackward0>)
244 train_loss tensor(2.2665, device='cuda:0', grad_fn=<AddBackward0>)
245 train_loss tensor(2.2786, device='cuda:0', grad_fn=<AddBackward0>)
246 train_loss tensor(2.2691, device='cuda:0', grad_fn=<AddBackward0>)
247 train_loss tensor(2.2699, device='cuda:0', grad_fn=<AddBackward0>)
248 train_loss tensor(2.3638, device='cuda:0', grad_fn=<AddBackward0>)
249 train_loss tensor(2.2320, device='cuda:0', grad_fn=<AddBackward0>)
250 train_loss tensor(2.2000, device='cuda:0', grad_fn=<AddBackward0>)
251 train_loss tensor(2.4246, device='cuda:0', grad_fn=<AddBackward0>)
252 train_loss tensor(2.3477, device='cuda:0', grad_fn=<AddBackward0>)
253 train_loss tensor(2.3079, device='cuda:0', grad_fn=<AddBackward0>)
254 train_loss tensor(2.2871, device='cuda:0', grad_fn=<AddBackward0>)
255 train_loss tensor(2.2856, device='cuda:0', grad_fn=<AddBackward0>)
256 train_loss tensor(2.2634, device='cuda:0', grad_fn=<AddBackward0>)
257 train_loss tensor(2.2342, device='cuda:0', grad_fn=<AddBackward0>)
258 train_loss tensor(2.3567, device='cuda:0', grad_fn=<AddBackward0>)
259 train_loss tensor(2.2344, device='cuda:0', grad_fn=<AddBackward0>)
260 train_loss tensor(2.2736, device='cuda:0', grad_fn=<AddBackward0>)
261 train_loss tensor(2.3153, device='cuda:0', grad_fn=<AddBackward0>)
262 train_loss tensor(2.2392, device='cuda:0', grad_fn=<AddBackward0>)
263 train_loss tensor(2.1376, device='cuda:0', grad_fn=<AddBackward0>)
264 train_loss tensor(2.1189, device='cuda:0', grad_fn=<AddBackward0>)
265 train_loss tensor(2.2399, device='cuda:0', grad_fn=<AddBackward0>)
266 train_loss tensor(2.2389, device='cuda:0', grad_fn=<AddBackward0>)
267 train_loss tensor(2.0909, device='cuda:0', grad_fn=<AddBackward0>)
268 train_loss tensor(2.2627, device='cuda:0', grad_fn=<AddBackward0>)
269 train_loss tensor(2.2418, device='cuda:0', grad_fn=<AddBackward0>)
270 train_loss tensor(2.3633, device='cuda:0', grad_fn=<AddBackward0>)
271 train_loss tensor(2.3986, device='cuda:0', grad_fn=<AddBackward0>)
272 train_loss tensor(2.2370, device='cuda:0', grad_fn=<AddBackward0>)
273 train_loss tensor(2.4243, device='cuda:0', grad_fn=<AddBackward0>)
274 train_loss tensor(2.1647, device='cuda:0', grad_fn=<AddBackward0>)
275 train_loss tensor(2.2825, device='cuda:0', grad_fn=<AddBackward0>)
276 train_loss tensor(2.1966, device='cuda:0', grad_fn=<AddBackward0>)
277 train_loss tensor(2.4304, device='cuda:0', grad_fn=<AddBackward0>)
278 train_loss tensor(2.2914, device='cuda:0', grad_fn=<AddBackward0>)
279 train_loss tensor(2.1449, device='cuda:0', grad_fn=<AddBackward0>)
280 train_loss tensor(2.2621, device='cuda:0', grad_fn=<AddBackward0>)
281 train_loss tensor(2.2273, device='cuda:0', grad_fn=<AddBackward0>)
282 train_loss tensor(2.3145, device='cuda:0', grad_fn=<AddBackward0>)
283 train_loss tensor(2.2923, device='cuda:0', grad_fn=<AddBackward0>)
284 train_loss tensor(2.4141, device='cuda:0', grad_fn=<AddBackward0>)
285 train_loss tensor(2.2148, device='cuda:0', grad_fn=<AddBackward0>)
286 train_loss tensor(2.3590, device='cuda:0', grad_fn=<AddBackward0>)
287 train_loss tensor(2.3215, device='cuda:0', grad_fn=<AddBackward0>)
288 train_loss tensor(2.2180, device='cuda:0', grad_fn=<AddBackward0>)
289 train_loss tensor(2.3304, device='cuda:0', grad_fn=<AddBackward0>)
290 train_loss tensor(2.1626, device='cuda:0', grad_fn=<AddBackward0>)
291 train_loss tensor(2.1528, device='cuda:0', grad_fn=<AddBackward0>)
292 train_loss tensor(2.2317, device='cuda:0', grad_fn=<AddBackward0>)
293 train_loss tensor(2.1690, device='cuda:0', grad_fn=<AddBackward0>)
294 train_loss tensor(2.3344, device='cuda:0', grad_fn=<AddBackward0>)
295 train_loss tensor(2.2610, device='cuda:0', grad_fn=<AddBackward0>)
296 train_loss tensor(2.2440, device='cuda:0', grad_fn=<AddBackward0>)
297 train_loss tensor(2.3670, device='cuda:0', grad_fn=<AddBackward0>)
298 train_loss tensor(2.1435, device='cuda:0', grad_fn=<AddBackward0>)
299 train_loss tensor(2.2938, device='cuda:0', grad_fn=<AddBackward0>)
300 train_loss tensor(2.2478, device='cuda:0', grad_fn=<AddBackward0>)
301 train_loss tensor(2.2188, device='cuda:0', grad_fn=<AddBackward0>)
302 train_loss tensor(2.3432, device='cuda:0', grad_fn=<AddBackward0>)
303 train_loss tensor(2.1984, device='cuda:0', grad_fn=<AddBackward0>)
304 train_loss tensor(2.1850, device='cuda:0', grad_fn=<AddBackward0>)
305 train_loss tensor(2.5113, device='cuda:0', grad_fn=<AddBackward0>)
306 train_loss tensor(2.3186, device='cuda:0', grad_fn=<AddBackward0>)
307 train_loss tensor(2.3851, device='cuda:0', grad_fn=<AddBackward0>)
308 train_loss tensor(2.2203, device='cuda:0', grad_fn=<AddBackward0>)
309 train_loss tensor(2.1838, device='cuda:0', grad_fn=<AddBackward0>)
310 train_loss tensor(2.3272, device='cuda:0', grad_fn=<AddBackward0>)
311 train_loss tensor(2.3769, device='cuda:0', grad_fn=<AddBackward0>)
312 train_loss tensor(2.1562, device='cuda:0', grad_fn=<AddBackward0>)
313 train_loss tensor(2.2647, device='cuda:0', grad_fn=<AddBackward0>)
314 train_loss tensor(2.2080, device='cuda:0', grad_fn=<AddBackward0>)
315 train_loss tensor(2.2442, device='cuda:0', grad_fn=<AddBackward0>)
316 train_loss tensor(2.2313, device='cuda:0', grad_fn=<AddBackward0>)
317 train_loss tensor(2.2679, device='cuda:0', grad_fn=<AddBackward0>)
318 train_loss tensor(2.3225, device='cuda:0', grad_fn=<AddBackward0>)
319 train_loss tensor(2.2069, device='cuda:0', grad_fn=<AddBackward0>)
320 train_loss tensor(2.2978, device='cuda:0', grad_fn=<AddBackward0>)
321 train_loss tensor(2.2263, device='cuda:0', grad_fn=<AddBackward0>)
322 train_loss tensor(2.1856, device='cuda:0', grad_fn=<AddBackward0>)
323 train_loss tensor(2.1927, device='cuda:0', grad_fn=<AddBackward0>)
324 train_loss tensor(2.0875, device='cuda:0', grad_fn=<AddBackward0>)
325 train_loss tensor(2.3429, device='cuda:0', grad_fn=<AddBackward0>)
326 train_loss tensor(2.2602, device='cuda:0', grad_fn=<AddBackward0>)
327 train_loss tensor(2.2966, device='cuda:0', grad_fn=<AddBackward0>)
328 train_loss tensor(2.1848, device='cuda:0', grad_fn=<AddBackward0>)
329 train_loss tensor(2.2332, device='cuda:0', grad_fn=<AddBackward0>)
330 train_loss tensor(2.1558, device='cuda:0', grad_fn=<AddBackward0>)
331 train_loss tensor(2.1981, device='cuda:0', grad_fn=<AddBackward0>)
332 train_loss tensor(2.2052, device='cuda:0', grad_fn=<AddBackward0>)
333 train_loss tensor(2.1229, device='cuda:0', grad_fn=<AddBackward0>)
334 train_loss tensor(2.1278, device='cuda:0', grad_fn=<AddBackward0>)
335 train_loss tensor(2.2971, device='cuda:0', grad_fn=<AddBackward0>)
336 train_loss tensor(2.3116, device='cuda:0', grad_fn=<AddBackward0>)
337 train_loss tensor(2.0688, device='cuda:0', grad_fn=<AddBackward0>)
338 train_loss tensor(2.0760, device='cuda:0', grad_fn=<AddBackward0>)
339 train_loss tensor(2.0560, device='cuda:0', grad_fn=<AddBackward0>)
340 train_loss tensor(2.2771, device='cuda:0', grad_fn=<AddBackward0>)
341 train_loss tensor(2.0954, device='cuda:0', grad_fn=<AddBackward0>)
342 train_loss tensor(2.1686, device='cuda:0', grad_fn=<AddBackward0>)
343 train_loss tensor(2.1566, device='cuda:0', grad_fn=<AddBackward0>)
344 train_loss tensor(2.2843, device='cuda:0', grad_fn=<AddBackward0>)
345 train_loss tensor(2.1494, device='cuda:0', grad_fn=<AddBackward0>)
346 train_loss tensor(2.1888, device='cuda:0', grad_fn=<AddBackward0>)
347 train_loss tensor(2.3473, device='cuda:0', grad_fn=<AddBackward0>)
348 train_loss tensor(2.1697, device='cuda:0', grad_fn=<AddBackward0>)
349 train_loss tensor(2.2988, device='cuda:0', grad_fn=<AddBackward0>)
350 train_loss tensor(2.3194, device='cuda:0', grad_fn=<AddBackward0>)
351 train_loss tensor(2.2510, device='cuda:0', grad_fn=<AddBackward0>)
352 train_loss tensor(2.1771, device='cuda:0', grad_fn=<AddBackward0>)
353 train_loss tensor(2.1275, device='cuda:0', grad_fn=<AddBackward0>)
354 train_loss tensor(2.2504, device='cuda:0', grad_fn=<AddBackward0>)
355 train_loss tensor(2.2285, device='cuda:0', grad_fn=<AddBackward0>)
356 train_loss tensor(2.1212, device='cuda:0', grad_fn=<AddBackward0>)
357 train_loss tensor(2.2898, device='cuda:0', grad_fn=<AddBackward0>)
358 train_loss tensor(2.2679, device='cuda:0', grad_fn=<AddBackward0>)
359 train_loss tensor(2.1397, device='cuda:0', grad_fn=<AddBackward0>)
360 train_loss tensor(2.2030, device='cuda:0', grad_fn=<AddBackward0>)
361 train_loss tensor(2.1133, device='cuda:0', grad_fn=<AddBackward0>)
362 train_loss tensor(2.2418, device='cuda:0', grad_fn=<AddBackward0>)
363 train_loss tensor(2.2660, device='cuda:0', grad_fn=<AddBackward0>)
364 train_loss tensor(2.3388, device='cuda:0', grad_fn=<AddBackward0>)
365 train_loss tensor(2.2802, device='cuda:0', grad_fn=<AddBackward0>)
366 train_loss tensor(2.2479, device='cuda:0', grad_fn=<AddBackward0>)
367 train_loss tensor(2.2295, device='cuda:0', grad_fn=<AddBackward0>)
368 train_loss tensor(2.2291, device='cuda:0', grad_fn=<AddBackward0>)
369 train_loss tensor(2.0994, device='cuda:0', grad_fn=<AddBackward0>)
370 train_loss tensor(2.1112, device='cuda:0', grad_fn=<AddBackward0>)
371 train_loss tensor(2.0545, device='cuda:0', grad_fn=<AddBackward0>)
372 train_loss tensor(2.1580, device='cuda:0', grad_fn=<AddBackward0>)
373 train_loss tensor(2.2925, device='cuda:0', grad_fn=<AddBackward0>)
374 train_loss tensor(2.1997, device='cuda:0', grad_fn=<AddBackward0>)
375 train_loss tensor(2.2255, device='cuda:0', grad_fn=<AddBackward0>)
376 train_loss tensor(2.0485, device='cuda:0', grad_fn=<AddBackward0>)
377 train_loss tensor(2.3692, device='cuda:0', grad_fn=<AddBackward0>)
378 train_loss tensor(2.0139, device='cuda:0', grad_fn=<AddBackward0>)
379 train_loss tensor(2.1633, device='cuda:0', grad_fn=<AddBackward0>)
380 train_loss tensor(2.1722, device='cuda:0', grad_fn=<AddBackward0>)
381 train_loss tensor(2.0898, device='cuda:0', grad_fn=<AddBackward0>)
382 train_loss tensor(2.0888, device='cuda:0', grad_fn=<AddBackward0>)
383 train_loss tensor(2.2825, device='cuda:0', grad_fn=<AddBackward0>)
384 train_loss tensor(2.2089, device='cuda:0', grad_fn=<AddBackward0>)
385 train_loss tensor(2.2801, device='cuda:0', grad_fn=<AddBackward0>)
386 train_loss tensor(1.9982, device='cuda:0', grad_fn=<AddBackward0>)
387 train_loss tensor(2.0876, device='cuda:0', grad_fn=<AddBackward0>)
388 train_loss tensor(2.1507, device='cuda:0', grad_fn=<AddBackward0>)
389 train_loss tensor(2.1049, device='cuda:0', grad_fn=<AddBackward0>)
390 train_loss tensor(2.0869, device='cuda:0', grad_fn=<AddBackward0>)
391 train_loss tensor(2.1451, device='cuda:0', grad_fn=<AddBackward0>)
392 train_loss tensor(2.2320, device='cuda:0', grad_fn=<AddBackward0>)
393 train_loss tensor(2.0503, device='cuda:0', grad_fn=<AddBackward0>)
394 train_loss tensor(2.3462, device='cuda:0', grad_fn=<AddBackward0>)
395 train_loss tensor(2.2697, device='cuda:0', grad_fn=<AddBackward0>)
396 train_loss tensor(2.1241, device='cuda:0', grad_fn=<AddBackward0>)
397 train_loss tensor(2.1016, device='cuda:0', grad_fn=<AddBackward0>)
398 train_loss tensor(2.1902, device='cuda:0', grad_fn=<AddBackward0>)
399 train_loss tensor(2.2718, device='cuda:0', grad_fn=<AddBackward0>)
400 train_loss tensor(2.3437, device='cuda:0', grad_fn=<AddBackward0>)
401 train_loss tensor(2.0349, device='cuda:0', grad_fn=<AddBackward0>)
402 train_loss tensor(2.1772, device='cuda:0', grad_fn=<AddBackward0>)
403 train_loss tensor(2.2069, device='cuda:0', grad_fn=<AddBackward0>)
404 train_loss tensor(2.1927, device='cuda:0', grad_fn=<AddBackward0>)
405 train_loss tensor(2.2175, device='cuda:0', grad_fn=<AddBackward0>)
406 train_loss tensor(2.1010, device='cuda:0', grad_fn=<AddBackward0>)
407 train_loss tensor(2.2615, device='cuda:0', grad_fn=<AddBackward0>)
408 train_loss tensor(2.2039, device='cuda:0', grad_fn=<AddBackward0>)
409 train_loss tensor(1.9454, device='cuda:0', grad_fn=<AddBackward0>)
410 train_loss tensor(1.9784, device='cuda:0', grad_fn=<AddBackward0>)
411 train_loss tensor(2.2023, device='cuda:0', grad_fn=<AddBackward0>)
412 train_loss tensor(2.1539, device='cuda:0', grad_fn=<AddBackward0>)
413 train_loss tensor(2.1070, device='cuda:0', grad_fn=<AddBackward0>)
414 train_loss tensor(1.9952, device='cuda:0', grad_fn=<AddBackward0>)
415 train_loss tensor(2.1546, device='cuda:0', grad_fn=<AddBackward0>)
416 train_loss tensor(2.2281, device='cuda:0', grad_fn=<AddBackward0>)
417 train_loss tensor(2.2850, device='cuda:0', grad_fn=<AddBackward0>)
418 train_loss tensor(2.1874, device='cuda:0', grad_fn=<AddBackward0>)
419 train_loss tensor(2.1799, device='cuda:0', grad_fn=<AddBackward0>)
420 train_loss tensor(2.1137, device='cuda:0', grad_fn=<AddBackward0>)
421 train_loss tensor(2.1625, device='cuda:0', grad_fn=<AddBackward0>)
422 train_loss tensor(2.2465, device='cuda:0', grad_fn=<AddBackward0>)
423 train_loss tensor(2.1748, device='cuda:0', grad_fn=<AddBackward0>)
424 train_loss tensor(2.2194, device='cuda:0', grad_fn=<AddBackward0>)
425 train_loss tensor(2.1249, device='cuda:0', grad_fn=<AddBackward0>)
426 train_loss tensor(2.3057, device='cuda:0', grad_fn=<AddBackward0>)
427 train_loss tensor(2.2097, device='cuda:0', grad_fn=<AddBackward0>)
428 train_loss tensor(2.0208, device='cuda:0', grad_fn=<AddBackward0>)
429 train_loss tensor(1.9632, device='cuda:0', grad_fn=<AddBackward0>)
430 train_loss tensor(2.1504, device='cuda:0', grad_fn=<AddBackward0>)
431 train_loss tensor(2.1268, device='cuda:0', grad_fn=<AddBackward0>)
432 train_loss tensor(2.1399, device='cuda:0', grad_fn=<AddBackward0>)
433 train_loss tensor(1.9666, device='cuda:0', grad_fn=<AddBackward0>)
434 train_loss tensor(2.0907, device='cuda:0', grad_fn=<AddBackward0>)
435 train_loss tensor(2.1652, device='cuda:0', grad_fn=<AddBackward0>)
436 train_loss tensor(2.0651, device='cuda:0', grad_fn=<AddBackward0>)
437 train_loss tensor(2.1995, device='cuda:0', grad_fn=<AddBackward0>)
438 train_loss tensor(2.1019, device='cuda:0', grad_fn=<AddBackward0>)
439 train_loss tensor(2.0522, device='cuda:0', grad_fn=<AddBackward0>)
440 train_loss tensor(2.1536, device='cuda:0', grad_fn=<AddBackward0>)
441 train_loss tensor(2.1940, device='cuda:0', grad_fn=<AddBackward0>)
442 train_loss tensor(2.3770, device='cuda:0', grad_fn=<AddBackward0>)
443 train_loss tensor(1.9712, device='cuda:0', grad_fn=<AddBackward0>)
444 train_loss tensor(2.0437, device='cuda:0', grad_fn=<AddBackward0>)
445 train_loss tensor(1.9376, device='cuda:0', grad_fn=<AddBackward0>)
446 train_loss tensor(2.1075, device='cuda:0', grad_fn=<AddBackward0>)
447 train_loss tensor(2.0837, device='cuda:0', grad_fn=<AddBackward0>)
448 train_loss tensor(2.3193, device='cuda:0', grad_fn=<AddBackward0>)
449 train_loss tensor(2.0543, device='cuda:0', grad_fn=<AddBackward0>)
450 train_loss tensor(2.2118, device='cuda:0', grad_fn=<AddBackward0>)
451 train_loss tensor(2.0292, device='cuda:0', grad_fn=<AddBackward0>)
452 train_loss tensor(1.9432, device='cuda:0', grad_fn=<AddBackward0>)
453 train_loss tensor(2.2105, device='cuda:0', grad_fn=<AddBackward0>)
454 train_loss tensor(2.2831, device='cuda:0', grad_fn=<AddBackward0>)
455 train_loss tensor(2.1107, device='cuda:0', grad_fn=<AddBackward0>)
456 train_loss tensor(2.2260, device='cuda:0', grad_fn=<AddBackward0>)
457 train_loss tensor(2.1414, device='cuda:0', grad_fn=<AddBackward0>)
458 train_loss tensor(2.1525, device='cuda:0', grad_fn=<AddBackward0>)
459 train_loss tensor(2.1471, device='cuda:0', grad_fn=<AddBackward0>)
460 train_loss tensor(1.9958, device='cuda:0', grad_fn=<AddBackward0>)
461 train_loss tensor(2.1136, device='cuda:0', grad_fn=<AddBackward0>)
462 train_loss tensor(2.0317, device='cuda:0', grad_fn=<AddBackward0>)
463 train_loss tensor(2.0700, device='cuda:0', grad_fn=<AddBackward0>)
464 train_loss tensor(2.1672, device='cuda:0', grad_fn=<AddBackward0>)
465 train_loss tensor(2.2508, device='cuda:0', grad_fn=<AddBackward0>)
466 train_loss tensor(2.0290, device='cuda:0', grad_fn=<AddBackward0>)
467 train_loss tensor(2.1678, device='cuda:0', grad_fn=<AddBackward0>)
468 train_loss tensor(1.9873, device='cuda:0', grad_fn=<AddBackward0>)
469 train_loss tensor(2.1140, device='cuda:0', grad_fn=<AddBackward0>)
470 train_loss tensor(1.8489, device='cuda:0', grad_fn=<AddBackward0>)
471 train_loss tensor(2.1806, device='cuda:0', grad_fn=<AddBackward0>)
472 train_loss tensor(2.0822, device='cuda:0', grad_fn=<AddBackward0>)
473 train_loss tensor(2.1617, device='cuda:0', grad_fn=<AddBackward0>)
474 train_loss tensor(2.0073, device='cuda:0', grad_fn=<AddBackward0>)
475 train_loss tensor(2.0359, device='cuda:0', grad_fn=<AddBackward0>)
476 train_loss tensor(2.0938, device='cuda:0', grad_fn=<AddBackward0>)
477 train_loss tensor(2.2171, device='cuda:0', grad_fn=<AddBackward0>)
478 train_loss tensor(1.9278, device='cuda:0', grad_fn=<AddBackward0>)
479 train_loss tensor(2.1529, device='cuda:0', grad_fn=<AddBackward0>)
480 train_loss tensor(2.0180, device='cuda:0', grad_fn=<AddBackward0>)
481 train_loss tensor(2.1438, device='cuda:0', grad_fn=<AddBackward0>)
482 train_loss tensor(2.2755, device='cuda:0', grad_fn=<AddBackward0>)
483 train_loss tensor(2.0044, device='cuda:0', grad_fn=<AddBackward0>)
484 train_loss tensor(2.1574, device='cuda:0', grad_fn=<AddBackward0>)
485 train_loss tensor(2.0685, device='cuda:0', grad_fn=<AddBackward0>)
486 train_loss tensor(2.1417, device='cuda:0', grad_fn=<AddBackward0>)
487 train_loss tensor(2.1966, device='cuda:0', grad_fn=<AddBackward0>)
488 train_loss tensor(1.8578, device='cuda:0', grad_fn=<AddBackward0>)
489 train_loss tensor(2.2167, device='cuda:0', grad_fn=<AddBackward0>)
490 train_loss tensor(1.9554, device='cuda:0', grad_fn=<AddBackward0>)
491 train_loss tensor(2.1412, device='cuda:0', grad_fn=<AddBackward0>)
492 train_loss tensor(2.1638, device='cuda:0', grad_fn=<AddBackward0>)
493 train_loss tensor(1.9172, device='cuda:0', grad_fn=<AddBackward0>)
494 train_loss tensor(2.1867, device='cuda:0', grad_fn=<AddBackward0>)
495 train_loss tensor(2.0689, device='cuda:0', grad_fn=<AddBackward0>)
496 train_loss tensor(1.9132, device='cuda:0', grad_fn=<AddBackward0>)
497 train_loss tensor(2.0112, device='cuda:0', grad_fn=<AddBackward0>)
498 train_loss tensor(2.1949, device='cuda:0', grad_fn=<AddBackward0>)
499 train_loss tensor(2.1433, device='cuda:0', grad_fn=<AddBackward0>)
500 train_loss tensor(2.1182, device='cuda:0', grad_fn=<AddBackward0>)
501 train_loss tensor(2.1004, device='cuda:0', grad_fn=<AddBackward0>)
502 train_loss tensor(2.1715, device='cuda:0', grad_fn=<AddBackward0>)
503 train_loss tensor(2.1741, device='cuda:0', grad_fn=<AddBackward0>)
504 train_loss tensor(2.1296, device='cuda:0', grad_fn=<AddBackward0>)
505 train_loss tensor(2.0450, device='cuda:0', grad_fn=<AddBackward0>)
506 train_loss tensor(2.0475, device='cuda:0', grad_fn=<AddBackward0>)
507 train_loss tensor(2.0276, device='cuda:0', grad_fn=<AddBackward0>)
508 train_loss tensor(1.9347, device='cuda:0', grad_fn=<AddBackward0>)
509 train_loss tensor(2.2722, device='cuda:0', grad_fn=<AddBackward0>)
510 train_loss tensor(2.1586, device='cuda:0', grad_fn=<AddBackward0>)
511 train_loss tensor(2.2061, device='cuda:0', grad_fn=<AddBackward0>)
512 train_loss tensor(2.2039, device='cuda:0', grad_fn=<AddBackward0>)
513 train_loss tensor(1.9859, device='cuda:0', grad_fn=<AddBackward0>)
514 train_loss tensor(2.1128, device='cuda:0', grad_fn=<AddBackward0>)
515 train_loss tensor(2.0238, device='cuda:0', grad_fn=<AddBackward0>)
516 train_loss tensor(2.1495, device='cuda:0', grad_fn=<AddBackward0>)
517 train_loss tensor(2.0896, device='cuda:0', grad_fn=<AddBackward0>)
518 train_loss tensor(2.0896, device='cuda:0', grad_fn=<AddBackward0>)
519 train_loss tensor(2.0227, device='cuda:0', grad_fn=<AddBackward0>)
520 train_loss tensor(1.9502, device='cuda:0', grad_fn=<AddBackward0>)
521 train_loss tensor(2.1020, device='cuda:0', grad_fn=<AddBackward0>)
522 train_loss tensor(2.0360, device='cuda:0', grad_fn=<AddBackward0>)
523 train_loss tensor(2.0783, device='cuda:0', grad_fn=<AddBackward0>)
524 train_loss tensor(1.9212, device='cuda:0', grad_fn=<AddBackward0>)
525 train_loss tensor(2.1620, device='cuda:0', grad_fn=<AddBackward0>)
526 train_loss tensor(2.0639, device='cuda:0', grad_fn=<AddBackward0>)
527 train_loss tensor(1.9510, device='cuda:0', grad_fn=<AddBackward0>)
528 train_loss tensor(2.2717, device='cuda:0', grad_fn=<AddBackward0>)
529 train_loss tensor(1.9791, device='cuda:0', grad_fn=<AddBackward0>)
530 train_loss tensor(2.1444, device='cuda:0', grad_fn=<AddBackward0>)
531 train_loss tensor(1.9769, device='cuda:0', grad_fn=<AddBackward0>)
532 train_loss tensor(1.9891, device='cuda:0', grad_fn=<AddBackward0>)
533 train_loss tensor(2.1739, device='cuda:0', grad_fn=<AddBackward0>)
534 train_loss tensor(1.9020, device='cuda:0', grad_fn=<AddBackward0>)
535 train_loss tensor(1.9508, device='cuda:0', grad_fn=<AddBackward0>)
536 train_loss tensor(2.0544, device='cuda:0', grad_fn=<AddBackward0>)
537 train_loss tensor(2.0060, device='cuda:0', grad_fn=<AddBackward0>)
538 train_loss tensor(1.9652, device='cuda:0', grad_fn=<AddBackward0>)
539 train_loss tensor(2.1016, device='cuda:0', grad_fn=<AddBackward0>)
540 train_loss tensor(2.2240, device='cuda:0', grad_fn=<AddBackward0>)
541 train_loss tensor(1.9450, device='cuda:0', grad_fn=<AddBackward0>)
542 train_loss tensor(1.9109, device='cuda:0', grad_fn=<AddBackward0>)
543 train_loss tensor(2.0183, device='cuda:0', grad_fn=<AddBackward0>)
544 train_loss tensor(2.1333, device='cuda:0', grad_fn=<AddBackward0>)
545 train_loss tensor(2.0606, device='cuda:0', grad_fn=<AddBackward0>)
546 train_loss tensor(2.0942, device='cuda:0', grad_fn=<AddBackward0>)
547 train_loss tensor(2.0980, device='cuda:0', grad_fn=<AddBackward0>)
548 train_loss tensor(2.0363, device='cuda:0', grad_fn=<AddBackward0>)
549 train_loss tensor(1.9292, device='cuda:0', grad_fn=<AddBackward0>)
550 train_loss tensor(2.0874, device='cuda:0', grad_fn=<AddBackward0>)
551 train_loss tensor(2.0052, device='cuda:0', grad_fn=<AddBackward0>)
552 train_loss tensor(2.1719, device='cuda:0', grad_fn=<AddBackward0>)
553 train_loss tensor(1.9534, device='cuda:0', grad_fn=<AddBackward0>)
554 train_loss tensor(2.0488, device='cuda:0', grad_fn=<AddBackward0>)
555 train_loss tensor(1.9841, device='cuda:0', grad_fn=<AddBackward0>)
556 train_loss tensor(2.0155, device='cuda:0', grad_fn=<AddBackward0>)
557 train_loss tensor(1.9843, device='cuda:0', grad_fn=<AddBackward0>)
558 train_loss tensor(1.9847, device='cuda:0', grad_fn=<AddBackward0>)
559 train_loss tensor(2.0870, device='cuda:0', grad_fn=<AddBackward0>)
560 train_loss tensor(1.8948, device='cuda:0', grad_fn=<AddBackward0>)
561 train_loss tensor(1.9784, device='cuda:0', grad_fn=<AddBackward0>)
562 train_loss tensor(2.1569, device='cuda:0', grad_fn=<AddBackward0>)
563 train_loss tensor(1.9123, device='cuda:0', grad_fn=<AddBackward0>)
564 train_loss tensor(2.0654, device='cuda:0', grad_fn=<AddBackward0>)
565 train_loss tensor(2.0333, device='cuda:0', grad_fn=<AddBackward0>)
566 train_loss tensor(1.9481, device='cuda:0', grad_fn=<AddBackward0>)
567 train_loss tensor(2.0593, device='cuda:0', grad_fn=<AddBackward0>)
568 train_loss tensor(2.0548, device='cuda:0', grad_fn=<AddBackward0>)
569 train_loss tensor(2.0347, device='cuda:0', grad_fn=<AddBackward0>)
570 train_loss tensor(1.8974, device='cuda:0', grad_fn=<AddBackward0>)
571 train_loss tensor(2.0125, device='cuda:0', grad_fn=<AddBackward0>)
572 train_loss tensor(1.9176, device='cuda:0', grad_fn=<AddBackward0>)
573 train_loss tensor(1.9319, device='cuda:0', grad_fn=<AddBackward0>)
574 train_loss tensor(1.9208, device='cuda:0', grad_fn=<AddBackward0>)
575 train_loss tensor(2.1651, device='cuda:0', grad_fn=<AddBackward0>)
576 train_loss tensor(2.0463, device='cuda:0', grad_fn=<AddBackward0>)
577 train_loss tensor(2.1334, device='cuda:0', grad_fn=<AddBackward0>)
578 train_loss tensor(2.0141, device='cuda:0', grad_fn=<AddBackward0>)
579 train_loss tensor(1.9307, device='cuda:0', grad_fn=<AddBackward0>)
580 train_loss tensor(2.0432, device='cuda:0', grad_fn=<AddBackward0>)
581 train_loss tensor(2.1075, device='cuda:0', grad_fn=<AddBackward0>)
582 train_loss tensor(1.9804, device='cuda:0', grad_fn=<AddBackward0>)
583 train_loss tensor(2.0733, device='cuda:0', grad_fn=<AddBackward0>)
584 train_loss tensor(1.8306, device='cuda:0', grad_fn=<AddBackward0>)
585 train_loss tensor(1.9937, device='cuda:0', grad_fn=<AddBackward0>)
586 train_loss tensor(2.1274, device='cuda:0', grad_fn=<AddBackward0>)
587 train_loss tensor(2.1872, device='cuda:0', grad_fn=<AddBackward0>)
588 train_loss tensor(2.0998, device='cuda:0', grad_fn=<AddBackward0>)
589 train_loss tensor(2.1034, device='cuda:0', grad_fn=<AddBackward0>)
590 train_loss tensor(2.1577, device='cuda:0', grad_fn=<AddBackward0>)
591 train_loss tensor(2.1261, device='cuda:0', grad_fn=<AddBackward0>)
592 train_loss tensor(2.2368, device='cuda:0', grad_fn=<AddBackward0>)
593 train_loss tensor(1.9880, device='cuda:0', grad_fn=<AddBackward0>)
594 train_loss tensor(1.9880, device='cuda:0', grad_fn=<AddBackward0>)
595 train_loss tensor(2.0425, device='cuda:0', grad_fn=<AddBackward0>)
596 train_loss tensor(2.0707, device='cuda:0', grad_fn=<AddBackward0>)
597 train_loss tensor(1.9098, device='cuda:0', grad_fn=<AddBackward0>)
598 train_loss tensor(1.9262, device='cuda:0', grad_fn=<AddBackward0>)
599 train_loss tensor(2.1183, device='cuda:0', grad_fn=<AddBackward0>)
600 train_loss tensor(2.0098, device='cuda:0', grad_fn=<AddBackward0>)
601 train_loss tensor(1.8591, device='cuda:0', grad_fn=<AddBackward0>)
602 train_loss tensor(2.0379, device='cuda:0', grad_fn=<AddBackward0>)
603 train_loss tensor(2.1653, device='cuda:0', grad_fn=<AddBackward0>)
604 train_loss tensor(2.0583, device='cuda:0', grad_fn=<AddBackward0>)
605 train_loss tensor(1.9664, device='cuda:0', grad_fn=<AddBackward0>)
606 train_loss tensor(1.8656, device='cuda:0', grad_fn=<AddBackward0>)
607 train_loss tensor(2.0093, device='cuda:0', grad_fn=<AddBackward0>)
608 train_loss tensor(1.8917, device='cuda:0', grad_fn=<AddBackward0>)
609 train_loss tensor(1.8566, device='cuda:0', grad_fn=<AddBackward0>)
610 train_loss tensor(2.1249, device='cuda:0', grad_fn=<AddBackward0>)
611 train_loss tensor(2.1161, device='cuda:0', grad_fn=<AddBackward0>)
612 train_loss tensor(2.0363, device='cuda:0', grad_fn=<AddBackward0>)
613 train_loss tensor(2.0590, device='cuda:0', grad_fn=<AddBackward0>)
614 train_loss tensor(1.9332, device='cuda:0', grad_fn=<AddBackward0>)
615 train_loss tensor(1.9932, device='cuda:0', grad_fn=<AddBackward0>)
616 train_loss tensor(2.1208, device='cuda:0', grad_fn=<AddBackward0>)
617 train_loss tensor(1.9311, device='cuda:0', grad_fn=<AddBackward0>)
618 train_loss tensor(2.1260, device='cuda:0', grad_fn=<AddBackward0>)
619 train_loss tensor(1.8906, device='cuda:0', grad_fn=<AddBackward0>)
620 train_loss tensor(2.1835, device='cuda:0', grad_fn=<AddBackward0>)
621 train_loss tensor(1.9748, device='cuda:0', grad_fn=<AddBackward0>)
622 train_loss tensor(1.8888, device='cuda:0', grad_fn=<AddBackward0>)
623 train_loss tensor(2.1061, device='cuda:0', grad_fn=<AddBackward0>)
624 train_loss tensor(1.8949, device='cuda:0', grad_fn=<AddBackward0>)
625 train_loss tensor(2.1419, device='cuda:0', grad_fn=<AddBackward0>)
626 train_loss tensor(1.9863, device='cuda:0', grad_fn=<AddBackward0>)
627 train_loss tensor(1.8963, device='cuda:0', grad_fn=<AddBackward0>)
628 train_loss tensor(2.0781, device='cuda:0', grad_fn=<AddBackward0>)
629 train_loss tensor(2.0550, device='cuda:0', grad_fn=<AddBackward0>)
630 train_loss tensor(2.0575, device='cuda:0', grad_fn=<AddBackward0>)
631 train_loss tensor(2.0213, device='cuda:0', grad_fn=<AddBackward0>)
632 train_loss tensor(2.1417, device='cuda:0', grad_fn=<AddBackward0>)
633 train_loss tensor(2.0211, device='cuda:0', grad_fn=<AddBackward0>)
634 train_loss tensor(1.8624, device='cuda:0', grad_fn=<AddBackward0>)
635 train_loss tensor(1.8780, device='cuda:0', grad_fn=<AddBackward0>)
636 train_loss tensor(2.0075, device='cuda:0', grad_fn=<AddBackward0>)
637 train_loss tensor(2.0772, device='cuda:0', grad_fn=<AddBackward0>)
638 train_loss tensor(2.1292, device='cuda:0', grad_fn=<AddBackward0>)
639 train_loss tensor(1.9466, device='cuda:0', grad_fn=<AddBackward0>)
640 train_loss tensor(1.9156, device='cuda:0', grad_fn=<AddBackward0>)
641 train_loss tensor(1.9853, device='cuda:0', grad_fn=<AddBackward0>)
642 train_loss tensor(2.1545, device='cuda:0', grad_fn=<AddBackward0>)
643 train_loss tensor(2.0556, device='cuda:0', grad_fn=<AddBackward0>)
644 train_loss tensor(2.0133, device='cuda:0', grad_fn=<AddBackward0>)
645 train_loss tensor(1.9143, device='cuda:0', grad_fn=<AddBackward0>)
646 train_loss tensor(1.8959, device='cuda:0', grad_fn=<AddBackward0>)
647 train_loss tensor(2.1634, device='cuda:0', grad_fn=<AddBackward0>)
648 train_loss tensor(1.9146, device='cuda:0', grad_fn=<AddBackward0>)
649 train_loss tensor(2.1138, device='cuda:0', grad_fn=<AddBackward0>)
650 train_loss tensor(2.1505, device='cuda:0', grad_fn=<AddBackward0>)
651 train_loss tensor(1.8755, device='cuda:0', grad_fn=<AddBackward0>)
652 train_loss tensor(1.9736, device='cuda:0', grad_fn=<AddBackward0>)
653 train_loss tensor(2.0457, device='cuda:0', grad_fn=<AddBackward0>)
654 train_loss tensor(1.9889, device='cuda:0', grad_fn=<AddBackward0>)
655 train_loss tensor(1.8975, device='cuda:0', grad_fn=<AddBackward0>)
656 train_loss tensor(2.0162, device='cuda:0', grad_fn=<AddBackward0>)
657 train_loss tensor(1.9364, device='cuda:0', grad_fn=<AddBackward0>)
658 train_loss tensor(2.0308, device='cuda:0', grad_fn=<AddBackward0>)
659 train_loss tensor(1.9921, device='cuda:0', grad_fn=<AddBackward0>)
660 train_loss tensor(2.0008, device='cuda:0', grad_fn=<AddBackward0>)
661 train_loss tensor(1.9540, device='cuda:0', grad_fn=<AddBackward0>)
662 train_loss tensor(1.9483, device='cuda:0', grad_fn=<AddBackward0>)
663 train_loss tensor(1.9332, device='cuda:0', grad_fn=<AddBackward0>)
664 train_loss tensor(1.8559, device='cuda:0', grad_fn=<AddBackward0>)
665 train_loss tensor(1.8596, device='cuda:0', grad_fn=<AddBackward0>)
666 train_loss tensor(1.9228, device='cuda:0', grad_fn=<AddBackward0>)
667 train_loss tensor(1.9660, device='cuda:0', grad_fn=<AddBackward0>)
668 train_loss tensor(1.9599, device='cuda:0', grad_fn=<AddBackward0>)
669 train_loss tensor(2.0186, device='cuda:0', grad_fn=<AddBackward0>)
670 train_loss tensor(1.9735, device='cuda:0', grad_fn=<AddBackward0>)
671 train_loss tensor(2.0344, device='cuda:0', grad_fn=<AddBackward0>)
672 train_loss tensor(2.1076, device='cuda:0', grad_fn=<AddBackward0>)
673 train_loss tensor(1.9448, device='cuda:0', grad_fn=<AddBackward0>)
674 train_loss tensor(1.9792, device='cuda:0', grad_fn=<AddBackward0>)
675 train_loss tensor(2.1769, device='cuda:0', grad_fn=<AddBackward0>)
676 train_loss tensor(1.8759, device='cuda:0', grad_fn=<AddBackward0>)
677 train_loss tensor(1.8751, device='cuda:0', grad_fn=<AddBackward0>)
678 train_loss tensor(2.0700, device='cuda:0', grad_fn=<AddBackward0>)
679 train_loss tensor(1.9289, device='cuda:0', grad_fn=<AddBackward0>)
680 train_loss tensor(2.0068, device='cuda:0', grad_fn=<AddBackward0>)
681 train_loss tensor(2.0346, device='cuda:0', grad_fn=<AddBackward0>)
682 train_loss tensor(1.7812, device='cuda:0', grad_fn=<AddBackward0>)
683 train_loss tensor(1.8291, device='cuda:0', grad_fn=<AddBackward0>)
684 train_loss tensor(2.1082, device='cuda:0', grad_fn=<AddBackward0>)
685 train_loss tensor(1.9395, device='cuda:0', grad_fn=<AddBackward0>)
686 train_loss tensor(2.0345, device='cuda:0', grad_fn=<AddBackward0>)
687 train_loss tensor(1.9581, device='cuda:0', grad_fn=<AddBackward0>)
688 train_loss tensor(1.8879, device='cuda:0', grad_fn=<AddBackward0>)
689 train_loss tensor(1.8151, device='cuda:0', grad_fn=<AddBackward0>)
690 train_loss tensor(1.9480, device='cuda:0', grad_fn=<AddBackward0>)
691 train_loss 2026-01-22 19:53:42 - GraphTrainer - INFO - 验证结果:
2026-01-22 19:53:42 - GraphTrainer - INFO -   precision@5: 0.004184
2026-01-22 19:53:42 - GraphTrainer - INFO -   recall@5: 0.020677
2026-01-22 19:53:42 - GraphTrainer - INFO -   hit_rate@5: 0.020921
2026-01-22 19:53:42 - GraphTrainer - INFO -   ndcg@5: 0.013357
2026-01-22 19:53:42 - GraphTrainer - INFO -   map@5: 0.010929
2026-01-22 19:53:42 - GraphTrainer - INFO -   mrr@5: 0.011041
2026-01-22 19:53:42 - GraphTrainer - INFO -   precision@10: 0.003334
2026-01-22 19:53:42 - GraphTrainer - INFO -   recall@10: 0.032773
2026-01-22 19:53:42 - GraphTrainer - INFO -   hit_rate@10: 0.033285
2026-01-22 19:53:42 - GraphTrainer - INFO -   ndcg@10: 0.017269
2026-01-22 19:53:42 - GraphTrainer - INFO -   map@10: 0.012525
2026-01-22 19:53:42 - GraphTrainer - INFO -   mrr@10: 0.012668
2026-01-22 19:53:42 - GraphTrainer - INFO -   precision@20: 0.002660
2026-01-22 19:53:42 - GraphTrainer - INFO -   recall@20: 0.052296
2026-01-22 19:53:42 - GraphTrainer - INFO -   hit_rate@20: 0.053089
2026-01-22 19:53:42 - GraphTrainer - INFO -   ndcg@20: 0.022173
2026-01-22 19:53:42 - GraphTrainer - INFO -   map@20: 0.013842
2026-01-22 19:53:42 - GraphTrainer - INFO -   mrr@20: 0.014001
2026-01-22 19:53:42 - GraphTrainer - INFO - 第 1 轮训练完成
2026-01-22 19:53:42 - GraphTrainer - INFO - train_loss: 2.235430
2026-01-22 19:53:42 - GraphTrainer - INFO - precision@5: 0.004184
2026-01-22 19:53:42 - GraphTrainer - INFO - recall@5: 0.020677
2026-01-22 19:53:42 - GraphTrainer - INFO - hit_rate@5: 0.020921
2026-01-22 19:53:42 - GraphTrainer - INFO - ndcg@5: 0.013357
2026-01-22 19:53:42 - GraphTrainer - INFO - map@5: 0.010929
2026-01-22 19:53:42 - GraphTrainer - INFO - mrr@5: 0.011041
2026-01-22 19:53:42 - GraphTrainer - INFO - precision@10: 0.003334
2026-01-22 19:53:42 - GraphTrainer - INFO - recall@10: 0.032773
2026-01-22 19:53:42 - GraphTrainer - INFO - hit_rate@10: 0.033285
2026-01-22 19:53:42 - GraphTrainer - INFO - ndcg@10: 0.017269
2026-01-22 19:53:42 - GraphTrainer - INFO - map@10: 0.012525
2026-01-22 19:53:42 - GraphTrainer - INFO - mrr@10: 0.012668
2026-01-22 19:53:42 - GraphTrainer - INFO - precision@20: 0.002660
2026-01-22 19:53:42 - GraphTrainer - INFO - recall@20: 0.052296
2026-01-22 19:53:42 - GraphTrainer - INFO - hit_rate@20: 0.053089
2026-01-22 19:53:42 - GraphTrainer - INFO - ndcg@20: 0.022173
2026-01-22 19:53:42 - GraphTrainer - INFO - map@20: 0.013842
2026-01-22 19:53:42 - GraphTrainer - INFO - mrr@20: 0.014001
2026-01-22 19:53:42 - GraphTrainer - INFO - ------------------------------------------------------------
2026-01-22 19:53:42 - GraphTrainer - INFO - ============================================================
2026-01-22 19:53:42 - GraphTrainer - INFO - 开始第 2/1000 轮训练
2026-01-22 19:53:42 - GraphTrainer - INFO - ============================================================
tensor(1.9994, device='cuda:0', grad_fn=<AddBackward0>)
692 train_loss tensor(2.1067, device='cuda:0', grad_fn=<AddBackward0>)
693 train_loss tensor(2.1173, device='cuda:0', grad_fn=<AddBackward0>)
694 train_loss tensor(2.0909, device='cuda:0', grad_fn=<AddBackward0>)
695 train_loss tensor(1.9304, device='cuda:0', grad_fn=<AddBackward0>)
696 train_loss tensor(2.1381, device='cuda:0', grad_fn=<AddBackward0>)
697 train_loss tensor(1.9396, device='cuda:0', grad_fn=<AddBackward0>)
698 train_loss tensor(1.9377, device='cuda:0', grad_fn=<AddBackward0>)
699 train_loss tensor(2.0935, device='cuda:0', grad_fn=<AddBackward0>)
700 train_loss tensor(1.9700, device='cuda:0', grad_fn=<AddBackward0>)
701 train_loss tensor(1.9153, device='cuda:0', grad_fn=<AddBackward0>)
702 train_loss tensor(1.9691, device='cuda:0', grad_fn=<AddBackward0>)
703 train_loss tensor(1.8773, device='cuda:0', grad_fn=<AddBackward0>)
704 train_loss tensor(1.8679, device='cuda:0', grad_fn=<AddBackward0>)
705 train_loss tensor(2.0005, device='cuda:0', grad_fn=<AddBackward0>)
706 train_loss tensor(1.9553, device='cuda:0', grad_fn=<AddBackward0>)
707 train_loss tensor(2.0201, device='cuda:0', grad_fn=<AddBackward0>)
708 train_loss tensor(1.9945, device='cuda:0', grad_fn=<AddBackward0>)
709 train_loss tensor(2.1302, device='cuda:0', grad_fn=<AddBackward0>)
710 train_loss tensor(1.9938, device='cuda:0', grad_fn=<AddBackward0>)
711 train_loss tensor(1.8442, device='cuda:0', grad_fn=<AddBackward0>)
712 train_loss tensor(1.9971, device='cuda:0', grad_fn=<AddBackward0>)
713 train_loss tensor(1.8479, device='cuda:0', grad_fn=<AddBackward0>)
714 train_loss tensor(1.9925, device='cuda:0', grad_fn=<AddBackward0>)
715 train_loss tensor(1.9497, device='cuda:0', grad_fn=<AddBackward0>)
716 train_loss tensor(2.0199, device='cuda:0', grad_fn=<AddBackward0>)
717 train_loss tensor(2.0876, device='cuda:0', grad_fn=<AddBackward0>)
718 train_loss tensor(1.9779, device='cuda:0', grad_fn=<AddBackward0>)
719 train_loss tensor(1.9367, device='cuda:0', grad_fn=<AddBackward0>)
720 train_loss tensor(1.9425, device='cuda:0', grad_fn=<AddBackward0>)
721 train_loss tensor(2.0589, device='cuda:0', grad_fn=<AddBackward0>)
722 train_loss tensor(1.9512, device='cuda:0', grad_fn=<AddBackward0>)
723 train_loss tensor(2.0138, device='cuda:0', grad_fn=<AddBackward0>)
724 train_loss tensor(1.9327, device='cuda:0', grad_fn=<AddBackward0>)
725 train_loss tensor(1.9365, device='cuda:0', grad_fn=<AddBackward0>)
726 train_loss tensor(2.0630, device='cuda:0', grad_fn=<AddBackward0>)
727 train_loss tensor(1.9334, device='cuda:0', grad_fn=<AddBackward0>)
728 train_loss tensor(1.9388, device='cuda:0', grad_fn=<AddBackward0>)
729 train_loss tensor(1.8497, device='cuda:0', grad_fn=<AddBackward0>)
730 train_loss tensor(1.9916, device='cuda:0', grad_fn=<AddBackward0>)
731 train_loss tensor(1.8620, device='cuda:0', grad_fn=<AddBackward0>)
732 train_loss tensor(1.8858, device='cuda:0', grad_fn=<AddBackward0>)
733 train_loss tensor(1.9358, device='cuda:0', grad_fn=<AddBackward0>)
734 train_loss tensor(2.0034, device='cuda:0', grad_fn=<AddBackward0>)
735 train_loss tensor(2.1300, device='cuda:0', grad_fn=<AddBackward0>)
736 train_loss tensor(1.8772, device='cuda:0', grad_fn=<AddBackward0>)
737 train_loss tensor(2.0838, device='cuda:0', grad_fn=<AddBackward0>)
738 train_loss tensor(1.9592, device='cuda:0', grad_fn=<AddBackward0>)
739 train_loss tensor(2.0490, device='cuda:0', grad_fn=<AddBackward0>)
740 train_loss tensor(1.9283, device='cuda:0', grad_fn=<AddBackward0>)
741 train_loss tensor(1.8557, device='cuda:0', grad_fn=<AddBackward0>)
742 train_loss tensor(2.0281, device='cuda:0', grad_fn=<AddBackward0>)
743 train_loss tensor(2.0788, device='cuda:0', grad_fn=<AddBackward0>)
744 train_loss tensor(1.9643, device='cuda:0', grad_fn=<AddBackward0>)
745 train_loss tensor(1.7093, device='cuda:0', grad_fn=<AddBackward0>)
746 train_loss tensor(1.7996, device='cuda:0', grad_fn=<AddBackward0>)
747 train_loss tensor(1.8397, device='cuda:0', grad_fn=<AddBackward0>)
748 train_loss tensor(1.8790, device='cuda:0', grad_fn=<AddBackward0>)
749 train_loss tensor(2.0371, device='cuda:0', grad_fn=<AddBackward0>)
750 train_loss tensor(2.0611, device='cuda:0', grad_fn=<AddBackward0>)
751 train_loss tensor(1.9623, device='cuda:0', grad_fn=<AddBackward0>)
752 train_loss tensor(1.9286, device='cuda:0', grad_fn=<AddBackward0>)
753 train_loss tensor(1.9786, device='cuda:0', grad_fn=<AddBackward0>)
754 train_loss tensor(1.8900, device='cuda:0', grad_fn=<AddBackward0>)
755 train_loss tensor(2.0606, device='cuda:0', grad_fn=<AddBackward0>)
756 train_loss tensor(1.9247, device='cuda:0', grad_fn=<AddBackward0>)
757 train_loss tensor(1.8908, device='cuda:0', grad_fn=<AddBackward0>)
758 train_loss tensor(1.8951, device='cuda:0', grad_fn=<AddBackward0>)
759 train_loss tensor(1.9029, device='cuda:0', grad_fn=<AddBackward0>)
760 train_loss tensor(1.8346, device='cuda:0', grad_fn=<AddBackward0>)
761 train_loss tensor(1.9434, device='cuda:0', grad_fn=<AddBackward0>)
762 train_loss tensor(1.9716, device='cuda:0', grad_fn=<AddBackward0>)
763 train_loss tensor(2.2166, device='cuda:0', grad_fn=<AddBackward0>)
764 train_loss tensor(1.8485, device='cuda:0', grad_fn=<AddBackward0>)
765 train_loss tensor(1.9671, device='cuda:0', grad_fn=<AddBackward0>)
766 train_loss tensor(1.8963, device='cuda:0', grad_fn=<AddBackward0>)
767 train_loss tensor(1.7215, device='cuda:0', grad_fn=<AddBackward0>)
768 train_loss tensor(2.0406, device='cuda:0', grad_fn=<AddBackward0>)
769 train_loss tensor(1.9026, device='cuda:0', grad_fn=<AddBackward0>)
770 train_loss tensor(1.9803, device='cuda:0', grad_fn=<AddBackward0>)
The 1 training average loss: 2.23543017136293
0 train_loss tensor(1.8396, device='cuda:0', grad_fn=<AddBackward0>)
1 train_loss tensor(1.8102, device='cuda:0', grad_fn=<AddBackward0>)
2 train_loss tensor(2.1060, device='cuda:0', grad_fn=<AddBackward0>)
3 train_loss tensor(1.9602, device='cuda:0', grad_fn=<AddBackward0>)
4 train_loss tensor(1.9884, device='cuda:0', grad_fn=<AddBackward0>)
5 train_loss tensor(1.9125, device='cuda:0', grad_fn=<AddBackward0>)
6 train_loss tensor(1.8358, device='cuda:0', grad_fn=<AddBackward0>)
7 train_loss tensor(1.8710, device='cuda:0', grad_fn=<AddBackward0>)
8 train_loss tensor(1.9803, device='cuda:0', grad_fn=<AddBackward0>)
9 train_loss tensor(1.8523, device='cuda:0', grad_fn=<AddBackward0>)
10 train_loss tensor(1.9445, device='cuda:0', grad_fn=<AddBackward0>)
11 train_loss tensor(1.9507, device='cuda:0', grad_fn=<AddBackward0>)
12 train_loss tensor(1.9684, device='cuda:0', grad_fn=<AddBackward0>)
13 train_loss tensor(1.9073, device='cuda:0', grad_fn=<AddBackward0>)
14 train_loss tensor(1.7839, device='cuda:0', grad_fn=<AddBackward0>)
15 train_loss tensor(2.0502, device='cuda:0', grad_fn=<AddBackward0>)
16 train_loss tensor(1.8999, device='cuda:0', grad_fn=<AddBackward0>)
17 train_loss tensor(1.8383, device='cuda:0', grad_fn=<AddBackward0>)
18 train_loss tensor(2.0823, device='cuda:0', grad_fn=<AddBackward0>)
19 train_loss tensor(1.9588, device='cuda:0', grad_fn=<AddBackward0>)
20 train_loss tensor(1.9128, device='cuda:0', grad_fn=<AddBackward0>)
21 train_loss tensor(2.1161, device='cuda:0', grad_fn=<AddBackward0>)
22 train_loss tensor(1.8650, device='cuda:0', grad_fn=<AddBackward0>)
23 train_loss tensor(1.9008, device='cuda:0', grad_fn=<AddBackward0>)
24 train_loss tensor(2.0669, device='cuda:0', grad_fn=<AddBackward0>)
25 train_loss tensor(1.8257, device='cuda:0', grad_fn=<AddBackward0>)
26 train_loss tensor(1.7707, device='cuda:0', grad_fn=<AddBackward0>)
27 train_loss tensor(1.9131, device='cuda:0', grad_fn=<AddBackward0>)
28 train_loss tensor(1.8879, device='cuda:0', grad_fn=<AddBackward0>)
29 train_loss tensor(2.0370, device='cuda:0', grad_fn=<AddBackward0>)
30 train_loss tensor(1.8085, device='cuda:0', grad_fn=<AddBackward0>)
31 train_loss tensor(2.1468, device='cuda:0', grad_fn=<AddBackward0>)
32 train_loss tensor(2.0146, device='cuda:0', grad_fn=<AddBackward0>)
33 train_loss tensor(1.8903, device='cuda:0', grad_fn=<AddBackward0>)
34 train_loss tensor(1.8780, device='cuda:0', grad_fn=<AddBackward0>)
35 train_loss tensor(1.8742, device='cuda:0', grad_fn=<AddBackward0>)
36 train_loss tensor(1.8493, device='cuda:0', grad_fn=<AddBackward0>)
37 train_loss tensor(1.9702, device='cuda:0', grad_fn=<AddBackward0>)
38 train_loss tensor(1.8821, device='cuda:0', grad_fn=<AddBackward0>)
39 train_loss tensor(2.0576, device='cuda:0', grad_fn=<AddBackward0>)
40 train_loss tensor(1.8770, device='cuda:0', grad_fn=<AddBackward0>)
41 train_loss tensor(1.6663, device='cuda:0', grad_fn=<AddBackward0>)
42 train_loss tensor(1.8802, device='cuda:0', grad_fn=<AddBackward0>)
43 train_loss tensor(1.8370, device='cuda:0', grad_fn=<AddBackward0>)
44 train_loss tensor(1.8469, device='cuda:0', grad_fn=<AddBackward0>)
45 train_loss tensor(1.7617, device='cuda:0', grad_fn=<AddBackward0>)
46 train_loss tensor(1.9438, device='cuda:0', grad_fn=<AddBackward0>)
47 train_loss tensor(1.8429, device='cuda:0', grad_fn=<AddBackward0>)
48 train_loss tensor(1.8902, device='cuda:0', grad_fn=<AddBackward0>)
49 train_loss tensor(1.9148, device='cuda:0', grad_fn=<AddBackward0>)
50 train_loss tensor(1.9475, device='cuda:0', grad_fn=<AddBackward0>)
51 train_loss tensor(1.8956, device='cuda:0', grad_fn=<AddBackward0>)
52 train_loss tensor(1.6408, device='cuda:0', grad_fn=<AddBackward0>)
53 train_loss tensor(1.5931, device='cuda:0', grad_fn=<AddBackward0>)
54 train_loss tensor(1.9846, device='cuda:0', grad_fn=<AddBackward0>)
55 train_loss tensor(1.9821, device='cuda:0', grad_fn=<AddBackward0>)
56 train_loss tensor(1.9238, device='cuda:0', grad_fn=<AddBackward0>)
57 train_loss tensor(1.7618, device='cuda:0', grad_fn=<AddBackward0>)
58 train_loss tensor(1.9074, device='cuda:0', grad_fn=<AddBackward0>)
59 train_loss tensor(1.7637, device='cuda:0', grad_fn=<AddBackward0>)
60 train_loss tensor(1.8790, device='cuda:0', grad_fn=<AddBackward0>)
61 train_loss tensor(1.8684, device='cuda:0', grad_fn=<AddBackward0>)
62 train_loss tensor(2.0684, device='cuda:0', grad_fn=<AddBackward0>)
63 train_loss tensor(1.7315, device='cuda:0', grad_fn=<AddBackward0>)
64 train_loss tensor(1.7725, device='cuda:0', grad_fn=<AddBackward0>)
65 train_loss tensor(1.9142, device='cuda:0', grad_fn=<AddBackward0>)
66 train_loss tensor(1.7768, device='cuda:0', grad_fn=<AddBackward0>)
67 train_loss tensor(1.9173, device='cuda:0', grad_fn=<AddBackward0>)
68 train_loss tensor(2.0141, device='cuda:0', grad_fn=<AddBackward0>)
69 train_loss tensor(1.9294, device='cuda:0', grad_fn=<AddBackward0>)
70 train_loss tensor(1.8925, device='cuda:0', grad_fn=<AddBackward0>)
71 train_loss tensor(1.8261, device='cuda:0', grad_fn=<AddBackward0>)
72 train_loss tensor(1.7883, device='cuda:0', grad_fn=<AddBackward0>)
73 train_loss tensor(1.9339, device='cuda:0', grad_fn=<AddBackward0>)
74 train_loss tensor(2.0713, device='cuda:0', grad_fn=<AddBackward0>)
75 train_loss tensor(2.0230, device='cuda:0', grad_fn=<AddBackward0>)
76 train_loss tensor(2.0284, device='cuda:0', grad_fn=<AddBackward0>)
77 train_loss tensor(1.9427, device='cuda:0', grad_fn=<AddBackward0>)
78 train_loss tensor(1.8590, device='cuda:0', grad_fn=<AddBackward0>)
79 train_loss tensor(1.7403, device='cuda:0', grad_fn=<AddBackward0>)
80 train_loss tensor(2.0732, device='cuda:0', grad_fn=<AddBackward0>)
81 train_loss tensor(1.8684, device='cuda:0', grad_fn=<AddBackward0>)
82 train_loss tensor(1.6785, device='cuda:0', grad_fn=<AddBackward0>)
83 train_loss tensor(1.9016, device='cuda:0', grad_fn=<AddBackward0>)
84 train_loss tensor(2.0296, device='cuda:0', grad_fn=<AddBackward0>)
85 train_loss tensor(1.9798, device='cuda:0', grad_fn=<AddBackward0>)
86 train_loss tensor(1.8878, device='cuda:0', grad_fn=<AddBackward0>)
87 train_loss tensor(1.7458, device='cuda:0', grad_fn=<AddBackward0>)
88 train_loss tensor(1.9579, device='cuda:0', grad_fn=<AddBackward0>)
89 train_loss tensor(1.7288, device='cuda:0', grad_fn=<AddBackward0>)
90 train_loss tensor(1.9388, device='cuda:0', grad_fn=<AddBackward0>)
91 train_loss tensor(1.9086, device='cuda:0', grad_fn=<AddBackward0>)
92 train_loss tensor(1.9129, device='cuda:0', grad_fn=<AddBackward0>)
93 train_loss tensor(1.9110, device='cuda:0', grad_fn=<AddBackward0>)
94 train_loss tensor(1.9340, device='cuda:0', grad_fn=<AddBackward0>)
95 train_loss tensor(1.8678, device='cuda:0', grad_fn=<AddBackward0>)
96 train_loss tensor(1.9430, device='cuda:0', grad_fn=<AddBackward0>)
97 train_loss tensor(2.0234, device='cuda:0', grad_fn=<AddBackward0>)
98 train_loss tensor(1.8241, device='cuda:0', grad_fn=<AddBackward0>)
99 train_loss tensor(1.7690, device='cuda:0', grad_fn=<AddBackward0>)
100 train_loss tensor(2.0466, device='cuda:0', grad_fn=<AddBackward0>)
101 train_loss tensor(1.8957, device='cuda:0', grad_fn=<AddBackward0>)
102 train_loss tensor(1.9014, device='cuda:0', grad_fn=<AddBackward0>)
103 train_loss tensor(1.8114, device='cuda:0', grad_fn=<AddBackward0>)
104 train_loss tensor(1.9423, device='cuda:0', grad_fn=<AddBackward0>)
105 train_loss tensor(1.6996, device='cuda:0', grad_fn=<AddBackward0>)
106 train_loss tensor(1.9271, device='cuda:0', grad_fn=<AddBackward0>)
107 train_loss tensor(1.9225, device='cuda:0', grad_fn=<AddBackward0>)
108 train_loss tensor(1.8399, device='cuda:0', grad_fn=<AddBackward0>)
109 train_loss tensor(1.7579, device='cuda:0', grad_fn=<AddBackward0>)
110 train_loss tensor(1.9034, device='cuda:0', grad_fn=<AddBackward0>)
111 train_loss tensor(2.0864, device='cuda:0', grad_fn=<AddBackward0>)
112 train_loss tensor(1.8772, device='cuda:0', grad_fn=<AddBackward0>)
113 train_loss tensor(1.8943, device='cuda:0', grad_fn=<AddBackward0>)
114 train_loss tensor(1.6942, device='cuda:0', grad_fn=<AddBackward0>)
115 train_loss tensor(1.7983, device='cuda:0', grad_fn=<AddBackward0>)
116 train_loss tensor(1.8532, device='cuda:0', grad_fn=<AddBackward0>)
117 train_loss tensor(1.8855, device='cuda:0', grad_fn=<AddBackward0>)
118 train_loss tensor(1.8935, device='cuda:0', grad_fn=<AddBackward0>)
119 train_loss tensor(1.8523, device='cuda:0', grad_fn=<AddBackward0>)
120 train_loss tensor(1.8696, device='cuda:0', grad_fn=<AddBackward0>)
121 train_loss tensor(1.9990, device='cuda:0', grad_fn=<AddBackward0>)
122 train_loss tensor(1.9164, device='cuda:0', grad_fn=<AddBackward0>)
123 train_loss tensor(1.7410, device='cuda:0', grad_fn=<AddBackward0>)
124 train_loss tensor(2.0422, device='cuda:0', grad_fn=<AddBackward0>)
125 train_loss tensor(1.9644, device='cuda:0', grad_fn=<AddBackward0>)
126 train_loss tensor(1.8288, device='cuda:0', grad_fn=<AddBackward0>)
127 train_loss tensor(1.8737, device='cuda:0', grad_fn=<AddBackward0>)
128 train_loss tensor(1.8673, device='cuda:0', grad_fn=<AddBackward0>)
129 train_loss tensor(1.7854, device='cuda:0', grad_fn=<AddBackward0>)
130 train_loss tensor(1.7181, device='cuda:0', grad_fn=<AddBackward0>)
131 train_loss tensor(1.8840, device='cuda:0', grad_fn=<AddBackward0>)
132 train_loss tensor(1.9114, device='cuda:0', grad_fn=<AddBackward0>)
133 train_loss tensor(2.0262, device='cuda:0', grad_fn=<AddBackward0>)
134 train_loss tensor(1.9048, device='cuda:0', grad_fn=<AddBackward0>)
135 train_loss tensor(1.9009, device='cuda:0', grad_fn=<AddBackward0>)
136 train_loss tensor(1.8563, device='cuda:0', grad_fn=<AddBackward0>)
137 train_loss tensor(1.8146, device='cuda:0', grad_fn=<AddBackward0>)
138 train_loss tensor(1.9430, device='cuda:0', grad_fn=<AddBackward0>)
139 train_loss tensor(1.8856, device='cuda:0', grad_fn=<AddBackward0>)
140 train_loss tensor(1.8784, device='cuda:0', grad_fn=<AddBackward0>)
141 train_loss tensor(1.8307, device='cuda:0', grad_fn=<AddBackward0>)
142 train_loss tensor(1.8690, device='cuda:0', grad_fn=<AddBackward0>)
143 train_loss tensor(1.9336, device='cuda:0', grad_fn=<AddBackward0>)
144 train_loss tensor(2.0345, device='cuda:0', grad_fn=<AddBackward0>)
145 train_loss tensor(1.9408, device='cuda:0', grad_fn=<AddBackward0>)
146 train_loss tensor(1.8813, device='cuda:0', grad_fn=<AddBackward0>)
147 train_loss tensor(1.8222, device='cuda:0', grad_fn=<AddBackward0>)
148 train_loss tensor(1.9411, device='cuda:0', grad_fn=<AddBackward0>)
149 train_loss tensor(2.0280, device='cuda:0', grad_fn=<AddBackward0>)
150 train_loss tensor(1.7455, device='cuda:0', grad_fn=<AddBackward0>)
151 train_loss tensor(1.9232, device='cuda:0', grad_fn=<AddBackward0>)
152 train_loss tensor(1.9345, device='cuda:0', grad_fn=<AddBackward0>)
153 train_loss tensor(2.0381, device='cuda:0', grad_fn=<AddBackward0>)
154 train_loss tensor(1.9348, device='cuda:0', grad_fn=<AddBackward0>)
155 train_loss tensor(1.9525, device='cuda:0', grad_fn=<AddBackward0>)
156 train_loss tensor(2.0258, device='cuda:0', grad_fn=<AddBackward0>)
157 train_loss tensor(1.9900, device='cuda:0', grad_fn=<AddBackward0>)
158 train_loss tensor(1.8572, device='cuda:0', grad_fn=<AddBackward0>)
159 train_loss tensor(2.0439, device='cuda:0', grad_fn=<AddBackward0>)
160 train_loss tensor(1.9147, device='cuda:0', grad_fn=<AddBackward0>)
161 train_loss tensor(1.9560, device='cuda:0', grad_fn=<AddBackward0>)
162 train_loss tensor(1.8768, device='cuda:0', grad_fn=<AddBackward0>)
163 train_loss tensor(1.8947, device='cuda:0', grad_fn=<AddBackward0>)
164 train_loss tensor(1.9864, device='cuda:0', grad_fn=<AddBackward0>)
165 train_loss tensor(1.8130, device='cuda:0', grad_fn=<AddBackward0>)
166 train_loss tensor(1.9059, device='cuda:0', grad_fn=<AddBackward0>)
167 train_loss tensor(1.9550, device='cuda:0', grad_fn=<AddBackward0>)
168 train_loss tensor(1.7027, device='cuda:0', grad_fn=<AddBackward0>)
169 train_loss tensor(2.0168, device='cuda:0', grad_fn=<AddBackward0>)
170 train_loss tensor(1.7399, device='cuda:0', grad_fn=<AddBackward0>)
171 train_loss tensor(1.7885, device='cuda:0', grad_fn=<AddBackward0>)
172 train_loss tensor(2.0676, device='cuda:0', grad_fn=<AddBackward0>)
173 train_loss tensor(1.9078, device='cuda:0', grad_fn=<AddBackward0>)
174 train_loss tensor(1.9857, device='cuda:0', grad_fn=<AddBackward0>)
175 train_loss tensor(1.7883, device='cuda:0', grad_fn=<AddBackward0>)
176 train_loss tensor(2.0467, device='cuda:0', grad_fn=<AddBackward0>)
177 train_loss tensor(1.8748, device='cuda:0', grad_fn=<AddBackward0>)
178 train_loss tensor(1.7525, device='cuda:0', grad_fn=<AddBackward0>)
179 train_loss tensor(1.9383, device='cuda:0', grad_fn=<AddBackward0>)
180 train_loss tensor(1.7941, device='cuda:0', grad_fn=<AddBackward0>)
181 train_loss tensor(1.8165, device='cuda:0', grad_fn=<AddBackward0>)
182 train_loss tensor(1.9187, device='cuda:0', grad_fn=<AddBackward0>)
183 train_loss tensor(2.0657, device='cuda:0', grad_fn=<AddBackward0>)
184 train_loss tensor(1.8058, device='cuda:0', grad_fn=<AddBackward0>)
185 train_loss tensor(1.7572, device='cuda:0', grad_fn=<AddBackward0>)
186 train_loss tensor(1.8811, device='cuda:0', grad_fn=<AddBackward0>)
187 train_loss tensor(1.8986, device='cuda:0', grad_fn=<AddBackward0>)
188 train_loss tensor(1.9261, device='cuda:0', grad_fn=<AddBackward0>)
189 train_loss tensor(1.8924, device='cuda:0', grad_fn=<AddBackward0>)
190 train_loss tensor(1.8136, device='cuda:0', grad_fn=<AddBackward0>)
191 train_loss tensor(1.8578, device='cuda:0', grad_fn=<AddBackward0>)
192 train_loss tensor(1.9184, device='cuda:0', grad_fn=<AddBackward0>)
193 train_loss tensor(1.8114, device='cuda:0', grad_fn=<AddBackward0>)
194 train_loss tensor(1.7074, device='cuda:0', grad_fn=<AddBackward0>)
195 train_loss tensor(1.7713, device='cuda:0', grad_fn=<AddBackward0>)
196 train_loss tensor(1.9441, device='cuda:0', grad_fn=<AddBackward0>)
197 train_loss tensor(1.6858, device='cuda:0', grad_fn=<AddBackward0>)
198 train_loss tensor(2.0526, device='cuda:0', grad_fn=<AddBackward0>)
199 train_loss tensor(1.8181, device='cuda:0', grad_fn=<AddBackward0>)
200 train_loss tensor(1.8822, device='cuda:0', grad_fn=<AddBackward0>)
201 train_loss tensor(1.8371, device='cuda:0', grad_fn=<AddBackward0>)
202 train_loss tensor(1.9538, device='cuda:0', grad_fn=<AddBackward0>)
203 train_loss tensor(1.8178, device='cuda:0', grad_fn=<AddBackward0>)
204 train_loss tensor(1.8894, device='cuda:0', grad_fn=<AddBackward0>)
205 train_loss tensor(1.8192, device='cuda:0', grad_fn=<AddBackward0>)
206 train_loss tensor(1.9155, device='cuda:0', grad_fn=<AddBackward0>)
207 train_loss tensor(1.8635, device='cuda:0', grad_fn=<AddBackward0>)
208 train_loss tensor(1.9035, device='cuda:0', grad_fn=<AddBackward0>)
209 train_loss tensor(2.0082, device='cuda:0', grad_fn=<AddBackward0>)
210 train_loss tensor(1.8550, device='cuda:0', grad_fn=<AddBackward0>)
211 train_loss tensor(1.7592, device='cuda:0', grad_fn=<AddBackward0>)
212 train_loss tensor(2.0065, device='cuda:0', grad_fn=<AddBackward0>)
213 train_loss tensor(1.8093, device='cuda:0', grad_fn=<AddBackward0>)
214 train_loss tensor(1.6768, device='cuda:0', grad_fn=<AddBackward0>)
215 train_loss tensor(1.9353, device='cuda:0', grad_fn=<AddBackward0>)
216 train_loss tensor(1.8492, device='cuda:0', grad_fn=<AddBackward0>)
217 train_loss tensor(1.6907, device='cuda:0', grad_fn=<AddBackward0>)
218 train_loss tensor(1.7937, device='cuda:0', grad_fn=<AddBackward0>)
219 train_loss tensor(1.8371, device='cuda:0', grad_fn=<AddBackward0>)
220 train_loss tensor(1.9912, device='cuda:0', grad_fn=<AddBackward0>)
221 train_loss tensor(1.8123, device='cuda:0', grad_fn=<AddBackward0>)
222 train_loss tensor(2.0074, device='cuda:0', grad_fn=<AddBackward0>)
223 train_loss tensor(1.9495, device='cuda:0', grad_fn=<AddBackward0>)
224 train_loss tensor(1.9301, device='cuda:0', grad_fn=<AddBackward0>)
225 train_loss tensor(1.8634, device='cuda:0', grad_fn=<AddBackward0>)
226 train_loss tensor(1.8620, device='cuda:0', grad_fn=<AddBackward0>)
227 train_loss tensor(1.9898, device='cuda:0', grad_fn=<AddBackward0>)
228 train_loss tensor(1.8032, device='cuda:0', grad_fn=<AddBackward0>)
229 train_loss tensor(1.7191, device='cuda:0', grad_fn=<AddBackward0>)
230 train_loss tensor(1.8097, device='cuda:0', grad_fn=<AddBackward0>)
231 train_loss tensor(1.9107, device='cuda:0', grad_fn=<AddBackward0>)
232 train_loss tensor(1.8185, device='cuda:0', grad_fn=<AddBackward0>)
233 train_loss tensor(1.7817, device='cuda:0', grad_fn=<AddBackward0>)
234 train_loss tensor(1.8308, device='cuda:0', grad_fn=<AddBackward0>)
235 train_loss tensor(1.6248, device='cuda:0', grad_fn=<AddBackward0>)
236 train_loss tensor(1.6892, device='cuda:0', grad_fn=<AddBackward0>)
237 train_loss tensor(1.6956, device='cuda:0', grad_fn=<AddBackward0>)
238 train_loss tensor(1.7954, device='cuda:0', grad_fn=<AddBackward0>)
239 train_loss tensor(1.8997, device='cuda:0', grad_fn=<AddBackward0>)
240 train_loss tensor(1.9918, device='cuda:0', grad_fn=<AddBackward0>)
241 train_loss tensor(1.7666, device='cuda:0', grad_fn=<AddBackward0>)
242 train_loss tensor(1.7799, device='cuda:0', grad_fn=<AddBackward0>)
243 train_loss tensor(2.0077, device='cuda:0', grad_fn=<AddBackward0>)
244 train_loss tensor(1.7973, device='cuda:0', grad_fn=<AddBackward0>)
245 train_loss tensor(1.7141, device='cuda:0', grad_fn=<AddBackward0>)
246 train_loss tensor(2.0030, device='cuda:0', grad_fn=<AddBackward0>)
247 train_loss tensor(1.8310, device='cuda:0', grad_fn=<AddBackward0>)
248 train_loss tensor(1.7210, device='cuda:0', grad_fn=<AddBackward0>)
249 train_loss tensor(1.8250, device='cuda:0', grad_fn=<AddBackward0>)
250 train_loss tensor(1.8536, device='cuda:0', grad_fn=<AddBackward0>)
251 train_loss tensor(1.8096, device='cuda:0', grad_fn=<AddBackward0>)
252 train_loss tensor(1.6751, device='cuda:0', grad_fn=<AddBackward0>)
253 train_loss tensor(1.8096, device='cuda:0', grad_fn=<AddBackward0>)
254 train_loss tensor(1.6656, device='cuda:0', grad_fn=<AddBackward0>)
255 train_loss tensor(1.8497, device='cuda:0', grad_fn=<AddBackward0>)
256 train_loss tensor(1.7301, device='cuda:0', grad_fn=<AddBackward0>)
257 train_loss tensor(1.8686, device='cuda:0', grad_fn=<AddBackward0>)
258 train_loss tensor(1.7685, device='cuda:0', grad_fn=<AddBackward0>)
259 train_loss tensor(1.8967, device='cuda:0', grad_fn=<AddBackward0>)
260 train_loss tensor(2.0680, device='cuda:0', grad_fn=<AddBackward0>)
261 train_loss tensor(1.7073, device='cuda:0', grad_fn=<AddBackward0>)
262 train_loss tensor(1.6077, device='cuda:0', grad_fn=<AddBackward0>)
263 train_loss tensor(1.8798, device='cuda:0', grad_fn=<AddBackward0>)
264 train_loss tensor(1.9075, device='cuda:0', grad_fn=<AddBackward0>)
265 train_loss tensor(1.8786, device='cuda:0', grad_fn=<AddBackward0>)
266 train_loss tensor(1.7842, device='cuda:0', grad_fn=<AddBackward0>)
267 train_loss tensor(1.8600, device='cuda:0', grad_fn=<AddBackward0>)
268 train_loss tensor(1.9778, device='cuda:0', grad_fn=<AddBackward0>)
269 train_loss tensor(1.7711, device='cuda:0', grad_fn=<AddBackward0>)
270 train_loss tensor(1.7960, device='cuda:0', grad_fn=<AddBackward0>)
271 train_loss tensor(1.8134, device='cuda:0', grad_fn=<AddBackward0>)
272 train_loss tensor(1.7836, device='cuda:0', grad_fn=<AddBackward0>)
273 train_loss tensor(1.8183, device='cuda:0', grad_fn=<AddBackward0>)
274 train_loss tensor(1.8113, device='cuda:0', grad_fn=<AddBackward0>)
275 train_loss tensor(1.9974, device='cuda:0', grad_fn=<AddBackward0>)
276 train_loss tensor(1.8387, device='cuda:0', grad_fn=<AddBackward0>)
277 train_loss tensor(1.8450, device='cuda:0', grad_fn=<AddBackward0>)
278 train_loss tensor(1.9509, device='cuda:0', grad_fn=<AddBackward0>)
279 train_loss tensor(1.8333, device='cuda:0', grad_fn=<AddBackward0>)
280 train_loss tensor(1.9415, device='cuda:0', grad_fn=<AddBackward0>)
281 train_loss tensor(1.7872, device='cuda:0', grad_fn=<AddBackward0>)
282 train_loss tensor(1.9216, device='cuda:0', grad_fn=<AddBackward0>)
283 train_loss tensor(1.7938, device='cuda:0', grad_fn=<AddBackward0>)
284 train_loss tensor(1.7169, device='cuda:0', grad_fn=<AddBackward0>)
285 train_loss tensor(1.9690, device='cuda:0', grad_fn=<AddBackward0>)
286 train_loss tensor(1.8413, device='cuda:0', grad_fn=<AddBackward0>)
287 train_loss tensor(1.8297, device='cuda:0', grad_fn=<AddBackward0>)
288 train_loss tensor(1.7222, device='cuda:0', grad_fn=<AddBackward0>)
289 train_loss tensor(1.9788, device='cuda:0', grad_fn=<AddBackward0>)
290 train_loss tensor(1.9310, device='cuda:0', grad_fn=<AddBackward0>)
291 train_loss tensor(1.8296, device='cuda:0', grad_fn=<AddBackward0>)
292 train_loss tensor(1.9040, device='cuda:0', grad_fn=<AddBackward0>)
293 train_loss tensor(1.8480, device='cuda:0', grad_fn=<AddBackward0>)
294 train_loss tensor(1.7910, device='cuda:0', grad_fn=<AddBackward0>)
295 train_loss tensor(1.7659, device='cuda:0', grad_fn=<AddBackward0>)
296 train_loss tensor(1.8311, device='cuda:0', grad_fn=<AddBackward0>)
297 train_loss tensor(1.9404, device='cuda:0', grad_fn=<AddBackward0>)
298 train_loss tensor(1.8018, device='cuda:0', grad_fn=<AddBackward0>)
299 train_loss tensor(1.7643, device='cuda:0', grad_fn=<AddBackward0>)
300 train_loss tensor(1.7550, device='cuda:0', grad_fn=<AddBackward0>)
301 train_loss tensor(1.9033, device='cuda:0', grad_fn=<AddBackward0>)
302 train_loss tensor(1.8409, device='cuda:0', grad_fn=<AddBackward0>)
303 train_loss tensor(2.0205, device='cuda:0', grad_fn=<AddBackward0>)
304 train_loss tensor(1.8432, device='cuda:0', grad_fn=<AddBackward0>)
305 train_loss tensor(1.9215, device='cuda:0', grad_fn=<AddBackward0>)
306 train_loss tensor(1.9077, device='cuda:0', grad_fn=<AddBackward0>)
307 train_loss tensor(1.7961, device='cuda:0', grad_fn=<AddBackward0>)
308 train_loss tensor(1.7202, device='cuda:0', grad_fn=<AddBackward0>)
309 train_loss tensor(1.7935, device='cuda:0', grad_fn=<AddBackward0>)
310 train_loss tensor(1.7625, device='cuda:0', grad_fn=<AddBackward0>)
311 train_loss tensor(1.8400, device='cuda:0', grad_fn=<AddBackward0>)
312 train_loss tensor(1.7327, device='cuda:0', grad_fn=<AddBackward0>)
313 train_loss tensor(1.7197, device='cuda:0', grad_fn=<AddBackward0>)
314 train_loss tensor(1.9422, device='cuda:0', grad_fn=<AddBackward0>)
315 train_loss tensor(1.6184, device='cuda:0', grad_fn=<AddBackward0>)
316 train_loss tensor(1.8574, device='cuda:0', grad_fn=<AddBackward0>)
317 train_loss tensor(2.0294, device='cuda:0', grad_fn=<AddBackward0>)
318 train_loss tensor(1.8848, device='cuda:0', grad_fn=<AddBackward0>)
319 train_loss tensor(1.9180, device='cuda:0', grad_fn=<AddBackward0>)
320 train_loss tensor(1.7083, device='cuda:0', grad_fn=<AddBackward0>)
321 train_loss tensor(1.9946, device='cuda:0', grad_fn=<AddBackward0>)
322 train_loss tensor(1.7537, device='cuda:0', grad_fn=<AddBackward0>)
323 train_loss tensor(2.0612, device='cuda:0', grad_fn=<AddBackward0>)
324 train_loss tensor(1.8643, device='cuda:0', grad_fn=<AddBackward0>)
325 train_loss tensor(2.0244, device='cuda:0', grad_fn=<AddBackward0>)
326 train_loss tensor(1.8790, device='cuda:0', grad_fn=<AddBackward0>)
327 train_loss tensor(1.6995, device='cuda:0', grad_fn=<AddBackward0>)
328 train_loss tensor(1.6528, device='cuda:0', grad_fn=<AddBackward0>)
329 train_loss tensor(1.9139, device='cuda:0', grad_fn=<AddBackward0>)
330 train_loss tensor(2.1484, device='cuda:0', grad_fn=<AddBackward0>)
331 train_loss tensor(1.8784, device='cuda:0', grad_fn=<AddBackward0>)
332 train_loss tensor(1.8077, device='cuda:0', grad_fn=<AddBackward0>)
333 train_loss tensor(1.9108, device='cuda:0', grad_fn=<AddBackward0>)
334 train_loss tensor(1.7689, device='cuda:0', grad_fn=<AddBackward0>)
335 train_loss tensor(1.7293, device='cuda:0', grad_fn=<AddBackward0>)
336 train_loss tensor(1.7681, device='cuda:0', grad_fn=<AddBackward0>)
337 train_loss tensor(1.9691, device='cuda:0', grad_fn=<AddBackward0>)
338 train_loss tensor(1.8706, device='cuda:0', grad_fn=<AddBackward0>)
339 train_loss tensor(1.7644, device='cuda:0', grad_fn=<AddBackward0>)
340 train_loss tensor(1.6950, device='cuda:0', grad_fn=<AddBackward0>)
341 train_loss tensor(1.6164, device='cuda:0', grad_fn=<AddBackward0>)
342 train_loss tensor(1.5442, device='cuda:0', grad_fn=<AddBackward0>)
343 train_loss tensor(1.9570, device='cuda:0', grad_fn=<AddBackward0>)
344 train_loss tensor(1.7424, device='cuda:0', grad_fn=<AddBackward0>)
345 train_loss tensor(1.7929, device='cuda:0', grad_fn=<AddBackward0>)
346 train_loss tensor(1.8311, device='cuda:0', grad_fn=<AddBackward0>)
347 train_loss tensor(1.9200, device='cuda:0', grad_fn=<AddBackward0>)
348 train_loss tensor(1.8048, device='cuda:0', grad_fn=<AddBackward0>)
349 train_loss tensor(1.8076, device='cuda:0', grad_fn=<AddBackward0>)
350 train_loss tensor(1.7841, device='cuda:0', grad_fn=<AddBackward0>)
351 train_loss tensor(1.8344, device='cuda:0', grad_fn=<AddBackward0>)
352 train_loss tensor(1.9167, device='cuda:0', grad_fn=<AddBackward0>)
353 train_loss tensor(1.7736, device='cuda:0', grad_fn=<AddBackward0>)
354 train_loss tensor(1.9602, device='cuda:0', grad_fn=<AddBackward0>)
355 train_loss tensor(1.7538, device='cuda:0', grad_fn=<AddBackward0>)
356 train_loss tensor(1.8113, device='cuda:0', grad_fn=<AddBackward0>)
357 train_loss tensor(1.7306, device='cuda:0', grad_fn=<AddBackward0>)
358 train_loss tensor(2.0516, device='cuda:0', grad_fn=<AddBackward0>)
359 train_loss tensor(1.8475, device='cuda:0', grad_fn=<AddBackward0>)
360 train_loss tensor(1.9475, device='cuda:0', grad_fn=<AddBackward0>)
361 train_loss tensor(1.9205, device='cuda:0', grad_fn=<AddBackward0>)
362 train_loss tensor(1.9704, device='cuda:0', grad_fn=<AddBackward0>)
363 train_loss tensor(2.0236, device='cuda:0', grad_fn=<AddBackward0>)
364 train_loss tensor(1.9614, device='cuda:0', grad_fn=<AddBackward0>)
365 train_loss tensor(1.7159, device='cuda:0', grad_fn=<AddBackward0>)
366 train_loss tensor(1.9416, device='cuda:0', grad_fn=<AddBackward0>)
367 train_loss tensor(1.8152, device='cuda:0', grad_fn=<AddBackward0>)
368 train_loss tensor(1.5852, device='cuda:0', grad_fn=<AddBackward0>)
369 train_loss tensor(1.9183, device='cuda:0', grad_fn=<AddBackward0>)
370 train_loss tensor(1.7883, device='cuda:0', grad_fn=<AddBackward0>)
371 train_loss tensor(1.8583, device='cuda:0', grad_fn=<AddBackward0>)
372 train_loss tensor(1.8746, device='cuda:0', grad_fn=<AddBackward0>)
373 train_loss tensor(1.9547, device='cuda:0', grad_fn=<AddBackward0>)
374 train_loss tensor(1.8207, device='cuda:0', grad_fn=<AddBackward0>)
375 train_loss tensor(1.8774, device='cuda:0', grad_fn=<AddBackward0>)
376 train_loss tensor(1.8381, device='cuda:0', grad_fn=<AddBackward0>)
377 train_loss tensor(1.8271, device='cuda:0', grad_fn=<AddBackward0>)
378 train_loss tensor(1.5842, device='cuda:0', grad_fn=<AddBackward0>)
379 train_loss tensor(1.9195, device='cuda:0', grad_fn=<AddBackward0>)
380 train_loss tensor(1.8063, device='cuda:0', grad_fn=<AddBackward0>)
381 train_loss tensor(1.8214, device='cuda:0', grad_fn=<AddBackward0>)
382 train_loss tensor(1.8584, device='cuda:0', grad_fn=<AddBackward0>)
383 train_loss tensor(1.8060, device='cuda:0', grad_fn=<AddBackward0>)
384 train_loss tensor(1.8055, device='cuda:0', grad_fn=<AddBackward0>)
385 train_loss tensor(1.6524, device='cuda:0', grad_fn=<AddBackward0>)
386 train_loss tensor(1.7274, device='cuda:0', grad_fn=<AddBackward0>)
387 train_loss tensor(1.9033, device='cuda:0', grad_fn=<AddBackward0>)
388 train_loss tensor(1.7407, device='cuda:0', grad_fn=<AddBackward0>)
389 train_loss tensor(1.8855, device='cuda:0', grad_fn=<AddBackward0>)
390 train_loss tensor(1.7322, device='cuda:0', grad_fn=<AddBackward0>)
391 train_loss tensor(1.8467, device='cuda:0', grad_fn=<AddBackward0>)
392 train_loss tensor(1.7808, device='cuda:0', grad_fn=<AddBackward0>)
393 train_loss tensor(1.8128, device='cuda:0', grad_fn=<AddBackward0>)
394 train_loss tensor(1.7448, device='cuda:0', grad_fn=<AddBackward0>)
395 train_loss tensor(1.8127, device='cuda:0', grad_fn=<AddBackward0>)
396 train_loss tensor(1.7685, device='cuda:0', grad_fn=<AddBackward0>)
397 train_loss tensor(1.8037, device='cuda:0', grad_fn=<AddBackward0>)
398 train_loss tensor(1.7443, device='cuda:0', grad_fn=<AddBackward0>)
399 train_loss tensor(1.7343, device='cuda:0', grad_fn=<AddBackward0>)
400 train_loss tensor(1.8439, device='cuda:0', grad_fn=<AddBackward0>)
401 train_loss tensor(1.7811, device='cuda:0', grad_fn=<AddBackward0>)
402 train_loss tensor(1.6879, device='cuda:0', grad_fn=<AddBackward0>)
403 train_loss tensor(1.6616, device='cuda:0', grad_fn=<AddBackward0>)
404 train_loss tensor(2.1250, device='cuda:0', grad_fn=<AddBackward0>)
405 train_loss tensor(1.9491, device='cuda:0', grad_fn=<AddBackward0>)
406 train_loss tensor(1.8617, device='cuda:0', grad_fn=<AddBackward0>)
407 train_loss tensor(1.9748, device='cuda:0', grad_fn=<AddBackward0>)
408 train_loss tensor(1.6041, device='cuda:0', grad_fn=<AddBackward0>)
409 train_loss tensor(1.8558, device='cuda:0', grad_fn=<AddBackward0>)
410 train_loss tensor(1.9868, device='cuda:0', grad_fn=<AddBackward0>)
411 train_loss tensor(1.9275, device='cuda:0', grad_fn=<AddBackward0>)
412 train_loss tensor(1.7141, device='cuda:0', grad_fn=<AddBackward0>)
413 train_loss tensor(1.9104, device='cuda:0', grad_fn=<AddBackward0>)
414 train_loss tensor(1.9191, device='cuda:0', grad_fn=<AddBackward0>)
415 train_loss tensor(1.8227, device='cuda:0', grad_fn=<AddBackward0>)
416 train_loss tensor(1.6479, device='cuda:0', grad_fn=<AddBackward0>)
417 train_loss tensor(1.6644, device='cuda:0', grad_fn=<AddBackward0>)
418 train_loss tensor(1.6102, device='cuda:0', grad_fn=<AddBackward0>)
419 train_loss tensor(1.9793, device='cuda:0', grad_fn=<AddBackward0>)
420 train_loss tensor(1.7947, device='cuda:0', grad_fn=<AddBackward0>)
421 train_loss tensor(1.8828, device='cuda:0', grad_fn=<AddBackward0>)
422 train_loss tensor(1.7090, device='cuda:0', grad_fn=<AddBackward0>)
423 train_loss tensor(1.9363, device='cuda:0', grad_fn=<AddBackward0>)
424 train_loss tensor(1.8597, device='cuda:0', grad_fn=<AddBackward0>)
425 train_loss tensor(1.8470, device='cuda:0', grad_fn=<AddBackward0>)
426 train_loss tensor(1.7278, device='cuda:0', grad_fn=<AddBackward0>)
427 train_loss tensor(1.6831, device='cuda:0', grad_fn=<AddBackward0>)
428 train_loss tensor(1.9297, device='cuda:0', grad_fn=<AddBackward0>)
429 train_loss tensor(1.9623, device='cuda:0', grad_fn=<AddBackward0>)
430 train_loss tensor(1.9724, device='cuda:0', grad_fn=<AddBackward0>)
431 train_loss tensor(1.8674, device='cuda:0', grad_fn=<AddBackward0>)
432 train_loss tensor(1.8438, device='cuda:0', grad_fn=<AddBackward0>)
433 train_loss tensor(1.7167, device='cuda:0', grad_fn=<AddBackward0>)
434 train_loss tensor(1.8541, device='cuda:0', grad_fn=<AddBackward0>)
435 train_loss tensor(1.9810, device='cuda:0', grad_fn=<AddBackward0>)
436 train_loss tensor(1.9223, device='cuda:0', grad_fn=<AddBackward0>)
437 train_loss tensor(1.6982, device='cuda:0', grad_fn=<AddBackward0>)
438 train_loss tensor(1.8505, device='cuda:0', grad_fn=<AddBackward0>)
439 train_loss tensor(1.8254, device='cuda:0', grad_fn=<AddBackward0>)
440 train_loss tensor(1.6002, device='cuda:0', grad_fn=<AddBackward0>)
441 train_loss tensor(1.9172, device='cuda:0', grad_fn=<AddBackward0>)
442 train_loss tensor(1.7533, device='cuda:0', grad_fn=<AddBackward0>)
443 train_loss tensor(1.7543, device='cuda:0', grad_fn=<AddBackward0>)
444 train_loss tensor(1.8304, device='cuda:0', grad_fn=<AddBackward0>)
445 train_loss tensor(1.9417, device='cuda:0', grad_fn=<AddBackward0>)
446 train_loss tensor(1.6917, device='cuda:0', grad_fn=<AddBackward0>)
447 train_loss tensor(1.7423, device='cuda:0', grad_fn=<AddBackward0>)
448 train_loss tensor(1.7432, device='cuda:0', grad_fn=<AddBackward0>)
449 train_loss tensor(1.7298, device='cuda:0', grad_fn=<AddBackward0>)
450 train_loss tensor(1.9381, device='cuda:0', grad_fn=<AddBackward0>)
451 train_loss tensor(1.9034, device='cuda:0', grad_fn=<AddBackward0>)
452 train_loss tensor(1.7077, device='cuda:0', grad_fn=<AddBackward0>)
453 train_loss tensor(1.8230, device='cuda:0', grad_fn=<AddBackward0>)
454 train_loss tensor(1.9352, device='cuda:0', grad_fn=<AddBackward0>)
455 train_loss tensor(1.8666, device='cuda:0', grad_fn=<AddBackward0>)
456 train_loss tensor(1.8005, device='cuda:0', grad_fn=<AddBackward0>)
457 train_loss tensor(1.7367, device='cuda:0', grad_fn=<AddBackward0>)
458 train_loss tensor(1.6442, device='cuda:0', grad_fn=<AddBackward0>)
459 train_loss tensor(1.9034, device='cuda:0', grad_fn=<AddBackward0>)
460 train_loss tensor(1.7441, device='cuda:0', grad_fn=<AddBackward0>)
461 train_loss tensor(1.7797, device='cuda:0', grad_fn=<AddBackward0>)
462 train_loss tensor(1.8819, device='cuda:0', grad_fn=<AddBackward0>)
463 train_loss tensor(1.7693, device='cuda:0', grad_fn=<AddBackward0>)
464 train_loss tensor(1.8428, device='cuda:0', grad_fn=<AddBackward0>)
465 train_loss tensor(1.6927, device='cuda:0', grad_fn=<AddBackward0>)
466 train_loss tensor(1.6576, device='cuda:0', grad_fn=<AddBackward0>)
467 train_loss tensor(1.8356, device='cuda:0', grad_fn=<AddBackward0>)
468 train_loss tensor(2.0118, device='cuda:0', grad_fn=<AddBackward0>)
469 train_loss tensor(1.7627, device='cuda:0', grad_fn=<AddBackward0>)
470 train_loss tensor(1.8027, device='cuda:0', grad_fn=<AddBackward0>)
471 train_loss tensor(1.5694, device='cuda:0', grad_fn=<AddBackward0>)
472 train_loss tensor(1.7815, device='cuda:0', grad_fn=<AddBackward0>)
473 train_loss tensor(1.9846, device='cuda:0', grad_fn=<AddBackward0>)
474 train_loss tensor(1.7755, device='cuda:0', grad_fn=<AddBackward0>)
475 train_loss tensor(1.7744, device='cuda:0', grad_fn=<AddBackward0>)
476 train_loss tensor(1.7770, device='cuda:0', grad_fn=<AddBackward0>)
477 train_loss tensor(1.7637, device='cuda:0', grad_fn=<AddBackward0>)
478 train_loss tensor(1.9879, device='cuda:0', grad_fn=<AddBackward0>)
479 train_loss tensor(1.7161, device='cuda:0', grad_fn=<AddBackward0>)
480 train_loss tensor(1.5918, device='cuda:0', grad_fn=<AddBackward0>)
481 train_loss tensor(1.8247, device='cuda:0', grad_fn=<AddBackward0>)
482 train_loss tensor(1.6870, device='cuda:0', grad_fn=<AddBackward0>)
483 train_loss tensor(1.7715, device='cuda:0', grad_fn=<AddBackward0>)
484 train_loss tensor(2.0133, device='cuda:0', grad_fn=<AddBackward0>)
485 train_loss tensor(1.8944, device='cuda:0', grad_fn=<AddBackward0>)
486 train_loss tensor(1.8216, device='cuda:0', grad_fn=<AddBackward0>)
487 train_loss tensor(1.6164, device='cuda:0', grad_fn=<AddBackward0>)
488 train_loss tensor(1.8918, device='cuda:0', grad_fn=<AddBackward0>)
489 train_loss tensor(1.6533, device='cuda:0', grad_fn=<AddBackward0>)
490 train_loss tensor(1.7643, device='cuda:0', grad_fn=<AddBackward0>)
491 train_loss tensor(1.7689, device='cuda:0', grad_fn=<AddBackward0>)
492 train_loss tensor(1.7814, device='cuda:0', grad_fn=<AddBackward0>)
493 train_loss tensor(1.6625, device='cuda:0', grad_fn=<AddBackward0>)
494 train_loss tensor(1.8493, device='cuda:0', grad_fn=<AddBackward0>)
495 train_loss tensor(1.9529, device='cuda:0', grad_fn=<AddBackward0>)
496 train_loss tensor(1.6050, device='cuda:0', grad_fn=<AddBackward0>)
497 train_loss tensor(1.7405, device='cuda:0', grad_fn=<AddBackward0>)
498 train_loss tensor(1.6921, device='cuda:0', grad_fn=<AddBackward0>)
499 train_loss tensor(1.7283, device='cuda:0', grad_fn=<AddBackward0>)
500 train_loss tensor(1.7874, device='cuda:0', grad_fn=<AddBackward0>)
501 train_loss tensor(1.8328, device='cuda:0', grad_fn=<AddBackward0>)
502 train_loss tensor(1.8764, device='cuda:0', grad_fn=<AddBackward0>)
503 train_loss tensor(1.7842, device='cuda:0', grad_fn=<AddBackward0>)
504 train_loss tensor(1.7371, device='cuda:0', grad_fn=<AddBackward0>)
505 train_loss tensor(1.6017, device='cuda:0', grad_fn=<AddBackward0>)
506 train_loss tensor(1.5337, device='cuda:0', grad_fn=<AddBackward0>)
507 train_loss tensor(1.7758, device='cuda:0', grad_fn=<AddBackward0>)
508 train_loss tensor(1.6726, device='cuda:0', grad_fn=<AddBackward0>)
509 train_loss tensor(1.9892, device='cuda:0', grad_fn=<AddBackward0>)
510 train_loss tensor(1.7048, device='cuda:0', grad_fn=<AddBackward0>)
511 train_loss tensor(1.7383, device='cuda:0', grad_fn=<AddBackward0>)
512 train_loss tensor(1.8457, device='cuda:0', grad_fn=<AddBackward0>)
513 train_loss tensor(1.6257, device='cuda:0', grad_fn=<AddBackward0>)
514 train_loss tensor(1.8079, device='cuda:0', grad_fn=<AddBackward0>)
515 train_loss tensor(2.0499, device='cuda:0', grad_fn=<AddBackward0>)
516 train_loss tensor(1.7546, device='cuda:0', grad_fn=<AddBackward0>)
517 train_loss tensor(2.0007, device='cuda:0', grad_fn=<AddBackward0>)
518 train_loss tensor(1.7572, device='cuda:0', grad_fn=<AddBackward0>)
519 train_loss tensor(1.8409, device='cuda:0', grad_fn=<AddBackward0>)
520 train_loss tensor(1.7211, device='cuda:0', grad_fn=<AddBackward0>)
521 train_loss tensor(1.8860, device='cuda:0', grad_fn=<AddBackward0>)
522 train_loss tensor(1.7957, device='cuda:0', grad_fn=<AddBackward0>)
523 train_loss tensor(1.9537, device='cuda:0', grad_fn=<AddBackward0>)
524 train_loss tensor(1.9011, device='cuda:0', grad_fn=<AddBackward0>)
525 train_loss tensor(1.8417, device='cuda:0', grad_fn=<AddBackward0>)
526 train_loss tensor(1.8353, device='cuda:0', grad_fn=<AddBackward0>)
527 train_loss tensor(1.7306, device='cuda:0', grad_fn=<AddBackward0>)
528 train_loss tensor(1.8209, device='cuda:0', grad_fn=<AddBackward0>)
529 train_loss tensor(1.9114, device='cuda:0', grad_fn=<AddBackward0>)
530 train_loss tensor(1.6917, device='cuda:0', grad_fn=<AddBackward0>)
531 train_loss tensor(1.7148, device='cuda:0', grad_fn=<AddBackward0>)
532 train_loss tensor(1.7490, device='cuda:0', grad_fn=<AddBackward0>)
533 train_loss tensor(1.7545, device='cuda:0', grad_fn=<AddBackward0>)
534 train_loss tensor(1.6755, device='cuda:0', grad_fn=<AddBackward0>)
535 train_loss tensor(1.8235, device='cuda:0', grad_fn=<AddBackward0>)
536 train_loss tensor(1.9094, device='cuda:0', grad_fn=<AddBackward0>)
537 train_loss tensor(1.9307, device='cuda:0', grad_fn=<AddBackward0>)
538 train_loss tensor(1.8487, device='cuda:0', grad_fn=<AddBackward0>)
539 train_loss tensor(1.7725, device='cuda:0', grad_fn=<AddBackward0>)
540 train_loss tensor(1.8260, device='cuda:0', grad_fn=<AddBackward0>)
541 train_loss tensor(1.7995, device='cuda:0', grad_fn=<AddBackward0>)
542 train_loss tensor(2.0042, device='cuda:0', grad_fn=<AddBackward0>)
543 train_loss tensor(1.9761, device='cuda:0', grad_fn=<AddBackward0>)
544 train_loss tensor(1.8247, device='cuda:0', grad_fn=<AddBackward0>)
545 train_loss tensor(1.7004, device='cuda:0', grad_fn=<AddBackward0>)
546 train_loss tensor(1.8078, device='cuda:0', grad_fn=<AddBackward0>)
547 train_loss tensor(1.8137, device='cuda:0', grad_fn=<AddBackward0>)
548 train_loss tensor(1.6555, device='cuda:0', grad_fn=<AddBackward0>)
549 train_loss tensor(1.7579, device='cuda:0', grad_fn=<AddBackward0>)
550 train_loss tensor(1.8656, device='cuda:0', grad_fn=<AddBackward0>)
551 train_loss tensor(1.9466, device='cuda:0', grad_fn=<AddBackward0>)
552 train_loss tensor(1.5514, device='cuda:0', grad_fn=<AddBackward0>)
553 train_loss tensor(1.8484, device='cuda:0', grad_fn=<AddBackward0>)
554 train_loss tensor(1.6413, device='cuda:0', grad_fn=<AddBackward0>)
555 train_loss tensor(1.8550, device='cuda:0', grad_fn=<AddBackward0>)
556 train_loss tensor(1.7235, device='cuda:0', grad_fn=<AddBackward0>)
557 train_loss tensor(1.7545, device='cuda:0', grad_fn=<AddBackward0>)
558 train_loss tensor(1.7566, device='cuda:0', grad_fn=<AddBackward0>)
559 train_loss tensor(1.7667, device='cuda:0', grad_fn=<AddBackward0>)
560 train_loss tensor(1.8668, device='cuda:0', grad_fn=<AddBackward0>)
561 train_loss tensor(1.8581, device='cuda:0', grad_fn=<AddBackward0>)
562 train_loss tensor(1.8272, device='cuda:0', grad_fn=<AddBackward0>)
563 train_loss tensor(1.8408, device='cuda:0', grad_fn=<AddBackward0>)
564 train_loss tensor(1.8311, device='cuda:0', grad_fn=<AddBackward0>)
565 train_loss tensor(1.9458, device='cuda:0', grad_fn=<AddBackward0>)
566 train_loss tensor(2.0722, device='cuda:0', grad_fn=<AddBackward0>)
567 train_loss tensor(1.7672, device='cuda:0', grad_fn=<AddBackward0>)
568 train_loss tensor(1.8610, device='cuda:0', grad_fn=<AddBackward0>)
569 train_loss tensor(1.7563, device='cuda:0', grad_fn=<AddBackward0>)
570 train_loss tensor(1.6977, device='cuda:0', grad_fn=<AddBackward0>)
571 train_loss tensor(1.8519, device='cuda:0', grad_fn=<AddBackward0>)
572 train_loss tensor(1.9545, device='cuda:0', grad_fn=<AddBackward0>)
573 train_loss tensor(1.7287, device='cuda:0', grad_fn=<AddBackward0>)
574 train_loss tensor(1.7724, device='cuda:0', grad_fn=<AddBackward0>)
575 train_loss tensor(1.8749, device='cuda:0', grad_fn=<AddBackward0>)
576 train_loss tensor(1.6242, device='cuda:0', grad_fn=<AddBackward0>)
577 train_loss tensor(1.8496, device='cuda:0', grad_fn=<AddBackward0>)
578 train_loss tensor(1.7796, device='cuda:0', grad_fn=<AddBackward0>)
579 train_loss tensor(2.0467, device='cuda:0', grad_fn=<AddBackward0>)
580 train_loss tensor(1.6388, device='cuda:0', grad_fn=<AddBackward0>)
581 train_loss tensor(1.6706, device='cuda:0', grad_fn=<AddBackward0>)
582 train_loss tensor(1.7862, device='cuda:0', grad_fn=<AddBackward0>)
583 train_loss tensor(1.6690, device='cuda:0', grad_fn=<AddBackward0>)
584 train_loss tensor(1.5580, device='cuda:0', grad_fn=<AddBackward0>)
585 train_loss tensor(1.6705, device='cuda:0', grad_fn=<AddBackward0>)
586 train_loss tensor(1.7599, device='cuda:0', grad_fn=<AddBackward0>)
587 train_loss tensor(1.7205, device='cuda:0', grad_fn=<AddBackward0>)
588 train_loss tensor(1.8274, device='cuda:0', grad_fn=<AddBackward0>)
589 train_loss tensor(1.5945, device='cuda:0', grad_fn=<AddBackward0>)
590 train_loss tensor(1.8762, device='cuda:0', grad_fn=<AddBackward0>)
591 train_loss tensor(1.9030, device='cuda:0', grad_fn=<AddBackward0>)
592 train_loss tensor(1.6275, device='cuda:0', grad_fn=<AddBackward0>)
593 train_loss tensor(1.6960, device='cuda:0', grad_fn=<AddBackward0>)
594 train_loss tensor(1.7810, device='cuda:0', grad_fn=<AddBackward0>)
595 train_loss tensor(1.6218, device='cuda:0', grad_fn=<AddBackward0>)
596 train_loss tensor(1.8962, device='cuda:0', grad_fn=<AddBackward0>)
597 train_loss tensor(1.7829, device='cuda:0', grad_fn=<AddBackward0>)
598 train_loss tensor(1.8299, device='cuda:0', grad_fn=<AddBackward0>)
599 train_loss tensor(1.9261, device='cuda:0', grad_fn=<AddBackward0>)
600 train_loss tensor(1.6602, device='cuda:0', grad_fn=<AddBackward0>)
601 train_loss tensor(1.8157, device='cuda:0', grad_fn=<AddBackward0>)
602 train_loss tensor(1.9565, device='cuda:0', grad_fn=<AddBackward0>)
603 train_loss tensor(1.8869, device='cuda:0', grad_fn=<AddBackward0>)
604 train_loss tensor(1.8293, device='cuda:0', grad_fn=<AddBackward0>)
605 train_loss tensor(2.0115, device='cuda:0', grad_fn=<AddBackward0>)
606 train_loss tensor(1.7496, device='cuda:0', grad_fn=<AddBackward0>)
607 train_loss tensor(1.7094, device='cuda:0', grad_fn=<AddBackward0>)
608 train_loss tensor(1.7852, device='cuda:0', grad_fn=<AddBackward0>)
609 train_loss tensor(1.8391, device='cuda:0', grad_fn=<AddBackward0>)
610 train_loss tensor(1.7661, device='cuda:0', grad_fn=<AddBackward0>)
611 train_loss tensor(1.6356, device='cuda:0', grad_fn=<AddBackward0>)
612 train_loss tensor(1.7478, device='cuda:0', grad_fn=<AddBackward0>)
613 train_loss tensor(1.8183, device='cuda:0', grad_fn=<AddBackward0>)
614 train_loss tensor(1.8757, device='cuda:0', grad_fn=<AddBackward0>)
615 train_loss tensor(1.8271, device='cuda:0', grad_fn=<AddBackward0>)
616 train_loss tensor(1.8694, device='cuda:0', grad_fn=<AddBackward0>)
617 train_loss tensor(1.8209, device='cuda:0', grad_fn=<AddBackward0>)
618 train_loss tensor(1.8701, device='cuda:0', grad_fn=<AddBackward0>)
619 train_loss tensor(1.7199, device='cuda:0', grad_fn=<AddBackward0>)
620 train_loss tensor(1.8209, device='cuda:0', grad_fn=<AddBackward0>)
621 train_loss tensor(1.8747, device='cuda:0', grad_fn=<AddBackward0>)
622 train_loss tensor(1.8003, device='cuda:0', grad_fn=<AddBackward0>)
623 train_loss tensor(1.7196, device='cuda:0', grad_fn=<AddBackward0>)
624 train_loss tensor(1.7638, device='cuda:0', grad_fn=<AddBackward0>)
625 train_loss tensor(1.7959, device='cuda:0', grad_fn=<AddBackward0>)
626 train_loss tensor(1.6748, device='cuda:0', grad_fn=<AddBackward0>)
627 train_loss tensor(1.7985, device='cuda:0', grad_fn=<AddBackward0>)
628 train_loss tensor(1.6555, device='cuda:0', grad_fn=<AddBackward0>)
629 train_loss tensor(1.7690, device='cuda:0', grad_fn=<AddBackward0>)
630 train_loss tensor(1.9665, device='cuda:0', grad_fn=<AddBackward0>)
631 train_loss tensor(1.9262, device='cuda:0', grad_fn=<AddBackward0>)
632 train_loss tensor(1.8610, device='cuda:0', grad_fn=<AddBackward0>)
633 train_loss tensor(1.8552, device='cuda:0', grad_fn=<AddBackward0>)
634 train_loss tensor(1.9793, device='cuda:0', grad_fn=<AddBackward0>)
635 train_loss tensor(1.6982, device='cuda:0', grad_fn=<AddBackward0>)
636 train_loss tensor(1.7666, device='cuda:0', grad_fn=<AddBackward0>)
637 train_loss tensor(1.7576, device='cuda:0', grad_fn=<AddBackward0>)
638 train_loss tensor(1.9191, device='cuda:0', grad_fn=<AddBackward0>)
639 train_loss tensor(1.6811, device='cuda:0', grad_fn=<AddBackward0>)
640 train_loss tensor(1.8240, device='cuda:0', grad_fn=<AddBackward0>)
641 train_loss tensor(1.7802, device='cuda:0', grad_fn=<AddBackward0>)
642 train_loss tensor(2.0204, device='cuda:0', grad_fn=<AddBackward0>)
643 train_loss tensor(1.6869, device='cuda:0', grad_fn=<AddBackward0>)
644 train_loss tensor(1.8225, device='cuda:0', grad_fn=<AddBackward0>)
645 train_loss tensor(1.7989, device='cuda:0', grad_fn=<AddBackward0>)
646 train_loss tensor(1.6375, device='cuda:0', grad_fn=<AddBackward0>)
647 train_loss tensor(1.7395, device='cuda:0', grad_fn=<AddBackward0>)
648 train_loss tensor(2.0849, device='cuda:0', grad_fn=<AddBackward0>)
649 train_loss tensor(1.8950, device='cuda:0', grad_fn=<AddBackward0>)
650 train_loss tensor(1.6687, device='cuda:0', grad_fn=<AddBackward0>)
651 train_loss tensor(1.7081, device='cuda:0', grad_fn=<AddBackward0>)
652 train_loss tensor(1.9253, device='cuda:0', grad_fn=<AddBackward0>)
653 train_loss tensor(1.8640, device='cuda:0', grad_fn=<AddBackward0>)
654 train_loss tensor(1.5960, device='cuda:0', grad_fn=<AddBackward0>)
655 train_loss tensor(1.4903, device='cuda:0', grad_fn=<AddBackward0>)
656 train_loss tensor(1.8374, device='cuda:0', grad_fn=<AddBackward0>)
657 train_loss tensor(1.9198, device='cuda:0', grad_fn=<AddBackward0>)
658 train_loss tensor(1.7814, device='cuda:0', grad_fn=<AddBackward0>)
659 train_loss tensor(2.0995, device='cuda:0', grad_fn=<AddBackward0>)
660 train_loss tensor(1.9237, device='cuda:0', grad_fn=<AddBackward0>)
661 train_loss tensor(1.6938, device='cuda:0', grad_fn=<AddBackward0>)
662 train_loss tensor(1.6841, device='cuda:0', grad_fn=<AddBackward0>)
663 train_loss tensor(1.7377, device='cuda:0', grad_fn=<AddBackward0>)
664 train_loss tensor(1.7318, device='cuda:0', grad_fn=<AddBackward0>)
665 train_loss tensor(1.5976, device='cuda:0', grad_fn=<AddBackward0>)
666 train_loss tensor(1.7377, device='cuda:0', grad_fn=<AddBackward0>)
667 train_loss tensor(1.5912, device='cuda:0', grad_fn=<AddBackward0>)
668 train_loss tensor(1.7022, device='cuda:0', grad_fn=<AddBackward0>)
669 train_loss tensor(1.8445, device='cuda:0', grad_fn=<AddBackward0>)
670 train_loss tensor(1.7766, device='cuda:0', grad_fn=<AddBackward0>)
671 train_loss tensor(1.7547, device='cuda:0', grad_fn=<AddBackward0>)
672 train_loss tensor(1.8165, device='cuda:0', grad_fn=<AddBackward0>)
673 train_loss tensor(1.7711, device='cuda:0', grad_fn=<AddBackward0>)
674 train_loss tensor(1.7962, device='cuda:0', grad_fn=<AddBackward0>)
675 train_loss tensor(1.9190, device='cuda:0', grad_fn=<AddBackward0>)
676 train_loss tensor(1.5130, device='cuda:0', grad_fn=<AddBackward0>)
677 train_loss tensor(1.7635, device='cuda:0', grad_fn=<AddBackward0>)
678 train_loss tensor(1.7325, device='cuda:0', grad_fn=<AddBackward0>)
679 train_loss tensor(1.9207, device='cuda:0', grad_fn=<AddBackward0>)
680 train_loss tensor(1.7151, device='cuda:0', grad_fn=<AddBackward0>)
681 train_loss tensor(1.8013, device='cuda:0', grad_fn=<AddBackward0>)
682 train_loss tensor(1.7213, device='cuda:0', grad_fn=<AddBackward0>)
683 train_loss tensor(1.8432, device='cuda:0', grad_fn=<AddBackward0>)
684 train_loss tensor(1.6133, device='cuda:0', grad_fn=<AddBackward0>)
685 train_loss tensor(1.8734, device='cuda:0', grad_fn=<AddBackward0>)
686 train_loss tensor(1.9305, device='cuda:0', grad_fn=<AddBackward0>)
687 train_loss tensor(1.8322, device='cuda:0', grad_fn=<AddBackward0>)
688 train_loss tensor(1.7461, device='cuda:0', grad_fn=<AddBackward0>)
689 train_loss tensor(1.8416, device='cuda:0', grad_fn=<AddBackward0>)
690 train_loss tensor(1.8604, device='cuda:0', grad_fn=<AddBackward0>)
691 train_loss 2026-01-22 19:59:48 - GraphTrainer - INFO - 验证结果:
2026-01-22 19:59:48 - GraphTrainer - INFO -   precision@5: 0.004601
2026-01-22 19:59:48 - GraphTrainer - INFO -   recall@5: 0.022706
2026-01-22 19:59:48 - GraphTrainer - INFO -   hit_rate@5: 0.022977
2026-01-22 19:59:48 - GraphTrainer - INFO -   ndcg@5: 0.014614
2026-01-22 19:59:48 - GraphTrainer - INFO -   map@5: 0.011918
2026-01-22 19:59:48 - GraphTrainer - INFO -   mrr@5: 0.012073
2026-01-22 19:59:48 - GraphTrainer - INFO -   precision@10: 0.003775
2026-01-22 19:59:48 - GraphTrainer - INFO -   recall@10: 0.037301
2026-01-22 19:59:48 - GraphTrainer - INFO -   hit_rate@10: 0.037677
2026-01-22 19:59:48 - GraphTrainer - INFO -   ndcg@10: 0.019283
2026-01-22 19:59:48 - GraphTrainer - INFO -   map@10: 0.013809
2026-01-22 19:59:48 - GraphTrainer - INFO -   mrr@10: 0.013974
2026-01-22 19:59:48 - GraphTrainer - INFO -   precision@20: 0.002887
2026-01-22 19:59:48 - GraphTrainer - INFO -   recall@20: 0.056946
2026-01-22 19:59:48 - GraphTrainer - INFO -   hit_rate@20: 0.057608
2026-01-22 19:59:48 - GraphTrainer - INFO -   ndcg@20: 0.024231
2026-01-22 19:59:48 - GraphTrainer - INFO -   map@20: 0.015144
2026-01-22 19:59:48 - GraphTrainer - INFO -   mrr@20: 0.015330
2026-01-22 19:59:48 - GraphTrainer - INFO - 第 2 轮训练完成
2026-01-22 19:59:48 - GraphTrainer - INFO - train_loss: 1.829416
2026-01-22 19:59:48 - GraphTrainer - INFO - precision@5: 0.004601
2026-01-22 19:59:48 - GraphTrainer - INFO - recall@5: 0.022706
2026-01-22 19:59:48 - GraphTrainer - INFO - hit_rate@5: 0.022977
2026-01-22 19:59:48 - GraphTrainer - INFO - ndcg@5: 0.014614
2026-01-22 19:59:48 - GraphTrainer - INFO - map@5: 0.011918
2026-01-22 19:59:48 - GraphTrainer - INFO - mrr@5: 0.012073
2026-01-22 19:59:48 - GraphTrainer - INFO - precision@10: 0.003775
2026-01-22 19:59:48 - GraphTrainer - INFO - recall@10: 0.037301
2026-01-22 19:59:48 - GraphTrainer - INFO - hit_rate@10: 0.037677
2026-01-22 19:59:48 - GraphTrainer - INFO - ndcg@10: 0.019283
2026-01-22 19:59:48 - GraphTrainer - INFO - map@10: 0.013809
2026-01-22 19:59:48 - GraphTrainer - INFO - mrr@10: 0.013974
2026-01-22 19:59:48 - GraphTrainer - INFO - precision@20: 0.002887
2026-01-22 19:59:48 - GraphTrainer - INFO - recall@20: 0.056946
2026-01-22 19:59:48 - GraphTrainer - INFO - hit_rate@20: 0.057608
2026-01-22 19:59:48 - GraphTrainer - INFO - ndcg@20: 0.024231
2026-01-22 19:59:48 - GraphTrainer - INFO - map@20: 0.015144
2026-01-22 19:59:48 - GraphTrainer - INFO - mrr@20: 0.015330
2026-01-22 19:59:48 - GraphTrainer - INFO - ------------------------------------------------------------
2026-01-22 19:59:48 - GraphTrainer - INFO - ============================================================
2026-01-22 19:59:48 - GraphTrainer - INFO - 开始第 3/1000 轮训练
2026-01-22 19:59:48 - GraphTrainer - INFO - ============================================================
tensor(1.6758, device='cuda:0', grad_fn=<AddBackward0>)
692 train_loss tensor(1.8488, device='cuda:0', grad_fn=<AddBackward0>)
693 train_loss tensor(1.8024, device='cuda:0', grad_fn=<AddBackward0>)
694 train_loss tensor(1.7169, device='cuda:0', grad_fn=<AddBackward0>)
695 train_loss tensor(1.7786, device='cuda:0', grad_fn=<AddBackward0>)
696 train_loss tensor(1.7920, device='cuda:0', grad_fn=<AddBackward0>)
697 train_loss tensor(1.7099, device='cuda:0', grad_fn=<AddBackward0>)
698 train_loss tensor(1.7661, device='cuda:0', grad_fn=<AddBackward0>)
699 train_loss tensor(1.7078, device='cuda:0', grad_fn=<AddBackward0>)
700 train_loss tensor(1.7696, device='cuda:0', grad_fn=<AddBackward0>)
701 train_loss tensor(1.6905, device='cuda:0', grad_fn=<AddBackward0>)
702 train_loss tensor(1.7335, device='cuda:0', grad_fn=<AddBackward0>)
703 train_loss tensor(1.8076, device='cuda:0', grad_fn=<AddBackward0>)
704 train_loss tensor(1.8343, device='cuda:0', grad_fn=<AddBackward0>)
705 train_loss tensor(1.8369, device='cuda:0', grad_fn=<AddBackward0>)
706 train_loss tensor(1.7790, device='cuda:0', grad_fn=<AddBackward0>)
707 train_loss tensor(1.6982, device='cuda:0', grad_fn=<AddBackward0>)
708 train_loss tensor(1.6279, device='cuda:0', grad_fn=<AddBackward0>)
709 train_loss tensor(1.8999, device='cuda:0', grad_fn=<AddBackward0>)
710 train_loss tensor(1.7023, device='cuda:0', grad_fn=<AddBackward0>)
711 train_loss tensor(1.5858, device='cuda:0', grad_fn=<AddBackward0>)
712 train_loss tensor(1.7259, device='cuda:0', grad_fn=<AddBackward0>)
713 train_loss tensor(1.8980, device='cuda:0', grad_fn=<AddBackward0>)
714 train_loss tensor(1.6738, device='cuda:0', grad_fn=<AddBackward0>)
715 train_loss tensor(1.9185, device='cuda:0', grad_fn=<AddBackward0>)
716 train_loss tensor(1.7511, device='cuda:0', grad_fn=<AddBackward0>)
717 train_loss tensor(1.6745, device='cuda:0', grad_fn=<AddBackward0>)
718 train_loss tensor(1.7254, device='cuda:0', grad_fn=<AddBackward0>)
719 train_loss tensor(1.6327, device='cuda:0', grad_fn=<AddBackward0>)
720 train_loss tensor(1.9273, device='cuda:0', grad_fn=<AddBackward0>)
721 train_loss tensor(1.7470, device='cuda:0', grad_fn=<AddBackward0>)
722 train_loss tensor(1.8348, device='cuda:0', grad_fn=<AddBackward0>)
723 train_loss tensor(1.8389, device='cuda:0', grad_fn=<AddBackward0>)
724 train_loss tensor(1.7142, device='cuda:0', grad_fn=<AddBackward0>)
725 train_loss tensor(1.7548, device='cuda:0', grad_fn=<AddBackward0>)
726 train_loss tensor(1.9174, device='cuda:0', grad_fn=<AddBackward0>)
727 train_loss tensor(1.7707, device='cuda:0', grad_fn=<AddBackward0>)
728 train_loss tensor(1.9065, device='cuda:0', grad_fn=<AddBackward0>)
729 train_loss tensor(1.7668, device='cuda:0', grad_fn=<AddBackward0>)
730 train_loss tensor(1.8807, device='cuda:0', grad_fn=<AddBackward0>)
731 train_loss tensor(1.7225, device='cuda:0', grad_fn=<AddBackward0>)
732 train_loss tensor(1.6863, device='cuda:0', grad_fn=<AddBackward0>)
733 train_loss tensor(1.5533, device='cuda:0', grad_fn=<AddBackward0>)
734 train_loss tensor(1.7650, device='cuda:0', grad_fn=<AddBackward0>)
735 train_loss tensor(1.7715, device='cuda:0', grad_fn=<AddBackward0>)
736 train_loss tensor(1.6982, device='cuda:0', grad_fn=<AddBackward0>)
737 train_loss tensor(1.9620, device='cuda:0', grad_fn=<AddBackward0>)
738 train_loss tensor(1.7637, device='cuda:0', grad_fn=<AddBackward0>)
739 train_loss tensor(1.7517, device='cuda:0', grad_fn=<AddBackward0>)
740 train_loss tensor(1.8141, device='cuda:0', grad_fn=<AddBackward0>)
741 train_loss tensor(1.6210, device='cuda:0', grad_fn=<AddBackward0>)
742 train_loss tensor(1.6708, device='cuda:0', grad_fn=<AddBackward0>)
743 train_loss tensor(1.7852, device='cuda:0', grad_fn=<AddBackward0>)
744 train_loss tensor(1.6421, device='cuda:0', grad_fn=<AddBackward0>)
745 train_loss tensor(1.8330, device='cuda:0', grad_fn=<AddBackward0>)
746 train_loss tensor(1.8363, device='cuda:0', grad_fn=<AddBackward0>)
747 train_loss tensor(1.8217, device='cuda:0', grad_fn=<AddBackward0>)
748 train_loss tensor(1.7677, device='cuda:0', grad_fn=<AddBackward0>)
749 train_loss tensor(1.8565, device='cuda:0', grad_fn=<AddBackward0>)
750 train_loss tensor(1.7220, device='cuda:0', grad_fn=<AddBackward0>)
751 train_loss tensor(1.8270, device='cuda:0', grad_fn=<AddBackward0>)
752 train_loss tensor(1.5625, device='cuda:0', grad_fn=<AddBackward0>)
753 train_loss tensor(1.6970, device='cuda:0', grad_fn=<AddBackward0>)
754 train_loss tensor(1.7242, device='cuda:0', grad_fn=<AddBackward0>)
755 train_loss tensor(1.8163, device='cuda:0', grad_fn=<AddBackward0>)
756 train_loss tensor(1.7689, device='cuda:0', grad_fn=<AddBackward0>)
757 train_loss tensor(1.7357, device='cuda:0', grad_fn=<AddBackward0>)
758 train_loss tensor(1.7473, device='cuda:0', grad_fn=<AddBackward0>)
759 train_loss tensor(1.7595, device='cuda:0', grad_fn=<AddBackward0>)
760 train_loss tensor(1.8749, device='cuda:0', grad_fn=<AddBackward0>)
761 train_loss tensor(1.6573, device='cuda:0', grad_fn=<AddBackward0>)
762 train_loss tensor(1.7060, device='cuda:0', grad_fn=<AddBackward0>)
763 train_loss tensor(1.8775, device='cuda:0', grad_fn=<AddBackward0>)
764 train_loss tensor(1.9315, device='cuda:0', grad_fn=<AddBackward0>)
765 train_loss tensor(1.6927, device='cuda:0', grad_fn=<AddBackward0>)
766 train_loss tensor(1.8160, device='cuda:0', grad_fn=<AddBackward0>)
767 train_loss tensor(1.6658, device='cuda:0', grad_fn=<AddBackward0>)
768 train_loss tensor(1.9546, device='cuda:0', grad_fn=<AddBackward0>)
769 train_loss tensor(1.7259, device='cuda:0', grad_fn=<AddBackward0>)
770 train_loss tensor(1.7781, device='cuda:0', grad_fn=<AddBackward0>)
The 2 training average loss: 1.829415571674144
0 train_loss tensor(1.7818, device='cuda:0', grad_fn=<AddBackward0>)
1 train_loss tensor(1.8217, device='cuda:0', grad_fn=<AddBackward0>)
2 train_loss tensor(1.7966, device='cuda:0', grad_fn=<AddBackward0>)
3 train_loss tensor(1.5906, device='cuda:0', grad_fn=<AddBackward0>)
4 train_loss tensor(1.5373, device='cuda:0', grad_fn=<AddBackward0>)
5 train_loss tensor(1.6209, device='cuda:0', grad_fn=<AddBackward0>)
6 train_loss tensor(1.7443, device='cuda:0', grad_fn=<AddBackward0>)
7 train_loss tensor(1.8888, device='cuda:0', grad_fn=<AddBackward0>)
8 train_loss tensor(1.8672, device='cuda:0', grad_fn=<AddBackward0>)
9 train_loss tensor(1.7283, device='cuda:0', grad_fn=<AddBackward0>)
10 train_loss tensor(1.8153, device='cuda:0', grad_fn=<AddBackward0>)
11 train_loss tensor(1.6582, device='cuda:0', grad_fn=<AddBackward0>)
12 train_loss tensor(1.6611, device='cuda:0', grad_fn=<AddBackward0>)
13 train_loss tensor(1.8109, device='cuda:0', grad_fn=<AddBackward0>)
14 train_loss tensor(1.7383, device='cuda:0', grad_fn=<AddBackward0>)
15 train_loss tensor(1.6053, device='cuda:0', grad_fn=<AddBackward0>)
16 train_loss tensor(1.8192, device='cuda:0', grad_fn=<AddBackward0>)
17 train_loss tensor(1.7767, device='cuda:0', grad_fn=<AddBackward0>)
18 train_loss tensor(1.6592, device='cuda:0', grad_fn=<AddBackward0>)
19 train_loss tensor(1.5977, device='cuda:0', grad_fn=<AddBackward0>)
20 train_loss tensor(1.7928, device='cuda:0', grad_fn=<AddBackward0>)
21 train_loss tensor(1.6368, device='cuda:0', grad_fn=<AddBackward0>)
22 train_loss tensor(1.7113, device='cuda:0', grad_fn=<AddBackward0>)
23 train_loss tensor(1.6193, device='cuda:0', grad_fn=<AddBackward0>)
24 train_loss tensor(1.9082, device='cuda:0', grad_fn=<AddBackward0>)
25 train_loss tensor(1.8167, device='cuda:0', grad_fn=<AddBackward0>)
26 train_loss tensor(1.6562, device='cuda:0', grad_fn=<AddBackward0>)
27 train_loss tensor(1.6006, device='cuda:0', grad_fn=<AddBackward0>)
28 train_loss tensor(1.6008, device='cuda:0', grad_fn=<AddBackward0>)
29 train_loss tensor(1.6018, device='cuda:0', grad_fn=<AddBackward0>)
30 train_loss tensor(1.9800, device='cuda:0', grad_fn=<AddBackward0>)
31 train_loss tensor(1.6100, device='cuda:0', grad_fn=<AddBackward0>)
32 train_loss tensor(1.7326, device='cuda:0', grad_fn=<AddBackward0>)
33 train_loss tensor(1.5785, device='cuda:0', grad_fn=<AddBackward0>)
34 train_loss tensor(1.6286, device='cuda:0', grad_fn=<AddBackward0>)
35 train_loss tensor(1.5609, device='cuda:0', grad_fn=<AddBackward0>)
36 train_loss tensor(1.8331, device='cuda:0', grad_fn=<AddBackward0>)
37 train_loss tensor(1.6179, device='cuda:0', grad_fn=<AddBackward0>)
38 train_loss tensor(1.7844, device='cuda:0', grad_fn=<AddBackward0>)
39 train_loss tensor(1.9013, device='cuda:0', grad_fn=<AddBackward0>)
40 train_loss tensor(1.6589, device='cuda:0', grad_fn=<AddBackward0>)
41 train_loss tensor(1.5513, device='cuda:0', grad_fn=<AddBackward0>)
42 train_loss tensor(1.8371, device='cuda:0', grad_fn=<AddBackward0>)
43 train_loss tensor(1.7315, device='cuda:0', grad_fn=<AddBackward0>)
44 train_loss tensor(1.7007, device='cuda:0', grad_fn=<AddBackward0>)
45 train_loss tensor(1.6842, device='cuda:0', grad_fn=<AddBackward0>)
46 train_loss tensor(1.7781, device='cuda:0', grad_fn=<AddBackward0>)
47 train_loss tensor(1.7912, device='cuda:0', grad_fn=<AddBackward0>)
48 train_loss tensor(1.8180, device='cuda:0', grad_fn=<AddBackward0>)
49 train_loss tensor(1.6901, device='cuda:0', grad_fn=<AddBackward0>)
50 train_loss tensor(1.7210, device='cuda:0', grad_fn=<AddBackward0>)
51 train_loss tensor(1.7764, device='cuda:0', grad_fn=<AddBackward0>)
52 train_loss tensor(1.7437, device='cuda:0', grad_fn=<AddBackward0>)
53 train_loss tensor(1.8573, device='cuda:0', grad_fn=<AddBackward0>)
54 train_loss tensor(1.7250, device='cuda:0', grad_fn=<AddBackward0>)
55 train_loss tensor(1.5698, device='cuda:0', grad_fn=<AddBackward0>)
56 train_loss tensor(1.5909, device='cuda:0', grad_fn=<AddBackward0>)
57 train_loss tensor(1.8992, device='cuda:0', grad_fn=<AddBackward0>)
58 train_loss tensor(1.5825, device='cuda:0', grad_fn=<AddBackward0>)
59 train_loss tensor(1.7025, device='cuda:0', grad_fn=<AddBackward0>)
60 train_loss tensor(1.6275, device='cuda:0', grad_fn=<AddBackward0>)
61 train_loss tensor(1.6721, device='cuda:0', grad_fn=<AddBackward0>)
62 train_loss tensor(1.5574, device='cuda:0', grad_fn=<AddBackward0>)
63 train_loss tensor(1.7416, device='cuda:0', grad_fn=<AddBackward0>)
64 train_loss tensor(1.6467, device='cuda:0', grad_fn=<AddBackward0>)
65 train_loss tensor(1.6803, device='cuda:0', grad_fn=<AddBackward0>)
66 train_loss tensor(1.5141, device='cuda:0', grad_fn=<AddBackward0>)
67 train_loss tensor(1.5871, device='cuda:0', grad_fn=<AddBackward0>)
68 train_loss tensor(1.5649, device='cuda:0', grad_fn=<AddBackward0>)
69 train_loss tensor(1.6270, device='cuda:0', grad_fn=<AddBackward0>)
70 train_loss tensor(1.7399, device='cuda:0', grad_fn=<AddBackward0>)
71 train_loss tensor(2.0343, device='cuda:0', grad_fn=<AddBackward0>)
72 train_loss tensor(1.8934, device='cuda:0', grad_fn=<AddBackward0>)
73 train_loss tensor(1.7872, device='cuda:0', grad_fn=<AddBackward0>)
74 train_loss tensor(1.9387, device='cuda:0', grad_fn=<AddBackward0>)
75 train_loss tensor(1.6792, device='cuda:0', grad_fn=<AddBackward0>)
76 train_loss tensor(1.6245, device='cuda:0', grad_fn=<AddBackward0>)
77 train_loss tensor(1.7833, device='cuda:0', grad_fn=<AddBackward0>)
78 train_loss tensor(1.4696, device='cuda:0', grad_fn=<AddBackward0>)
79 train_loss tensor(1.8247, device='cuda:0', grad_fn=<AddBackward0>)
80 train_loss tensor(1.8242, device='cuda:0', grad_fn=<AddBackward0>)
81 train_loss tensor(1.7147, device='cuda:0', grad_fn=<AddBackward0>)
82 train_loss tensor(1.6442, device='cuda:0', grad_fn=<AddBackward0>)
83 train_loss tensor(1.8158, device='cuda:0', grad_fn=<AddBackward0>)
84 train_loss tensor(1.9348, device='cuda:0', grad_fn=<AddBackward0>)
85 train_loss tensor(1.5731, device='cuda:0', grad_fn=<AddBackward0>)
86 train_loss tensor(1.6142, device='cuda:0', grad_fn=<AddBackward0>)
87 train_loss tensor(1.8202, device='cuda:0', grad_fn=<AddBackward0>)
88 train_loss tensor(1.6639, device='cuda:0', grad_fn=<AddBackward0>)
89 train_loss tensor(1.7956, device='cuda:0', grad_fn=<AddBackward0>)
90 train_loss tensor(1.6146, device='cuda:0', grad_fn=<AddBackward0>)
91 train_loss tensor(1.7221, device='cuda:0', grad_fn=<AddBackward0>)
92 train_loss tensor(1.7391, device='cuda:0', grad_fn=<AddBackward0>)
93 train_loss tensor(1.8895, device='cuda:0', grad_fn=<AddBackward0>)
94 train_loss tensor(1.8335, device='cuda:0', grad_fn=<AddBackward0>)
95 train_loss tensor(1.6532, device='cuda:0', grad_fn=<AddBackward0>)
96 train_loss tensor(1.7494, device='cuda:0', grad_fn=<AddBackward0>)
97 train_loss tensor(1.7697, device='cuda:0', grad_fn=<AddBackward0>)
98 train_loss tensor(1.8530, device='cuda:0', grad_fn=<AddBackward0>)
99 train_loss tensor(1.8345, device='cuda:0', grad_fn=<AddBackward0>)
100 train_loss tensor(1.6512, device='cuda:0', grad_fn=<AddBackward0>)
101 train_loss tensor(1.7903, device='cuda:0', grad_fn=<AddBackward0>)
102 train_loss tensor(1.4542, device='cuda:0', grad_fn=<AddBackward0>)
103 train_loss tensor(1.7385, device='cuda:0', grad_fn=<AddBackward0>)
104 train_loss tensor(1.7617, device='cuda:0', grad_fn=<AddBackward0>)
105 train_loss tensor(1.7423, device='cuda:0', grad_fn=<AddBackward0>)
106 train_loss tensor(1.6655, device='cuda:0', grad_fn=<AddBackward0>)
107 train_loss tensor(1.7575, device='cuda:0', grad_fn=<AddBackward0>)
108 train_loss tensor(1.7149, device='cuda:0', grad_fn=<AddBackward0>)
109 train_loss tensor(1.8491, device='cuda:0', grad_fn=<AddBackward0>)
110 train_loss tensor(1.8209, device='cuda:0', grad_fn=<AddBackward0>)
111 train_loss tensor(1.6219, device='cuda:0', grad_fn=<AddBackward0>)
112 train_loss tensor(1.8790, device='cuda:0', grad_fn=<AddBackward0>)
113 train_loss tensor(1.7881, device='cuda:0', grad_fn=<AddBackward0>)
114 train_loss tensor(1.7856, device='cuda:0', grad_fn=<AddBackward0>)
115 train_loss tensor(1.7427, device='cuda:0', grad_fn=<AddBackward0>)
116 train_loss tensor(1.8284, device='cuda:0', grad_fn=<AddBackward0>)
117 train_loss tensor(1.7895, device='cuda:0', grad_fn=<AddBackward0>)
118 train_loss tensor(1.7003, device='cuda:0', grad_fn=<AddBackward0>)
119 train_loss tensor(1.7842, device='cuda:0', grad_fn=<AddBackward0>)
120 train_loss tensor(1.7981, device='cuda:0', grad_fn=<AddBackward0>)
121 train_loss tensor(1.8198, device='cuda:0', grad_fn=<AddBackward0>)
122 train_loss tensor(1.4879, device='cuda:0', grad_fn=<AddBackward0>)
123 train_loss tensor(1.7781, device='cuda:0', grad_fn=<AddBackward0>)
124 train_loss tensor(1.8657, device='cuda:0', grad_fn=<AddBackward0>)
125 train_loss tensor(1.6193, device='cuda:0', grad_fn=<AddBackward0>)
126 train_loss tensor(1.9827, device='cuda:0', grad_fn=<AddBackward0>)
127 train_loss tensor(1.8343, device='cuda:0', grad_fn=<AddBackward0>)
128 train_loss tensor(1.6621, device='cuda:0', grad_fn=<AddBackward0>)
129 train_loss tensor(1.7040, device='cuda:0', grad_fn=<AddBackward0>)
130 train_loss tensor(1.8660, device='cuda:0', grad_fn=<AddBackward0>)
131 train_loss tensor(1.6244, device='cuda:0', grad_fn=<AddBackward0>)
132 train_loss tensor(1.7124, device='cuda:0', grad_fn=<AddBackward0>)
133 train_loss tensor(1.6773, device='cuda:0', grad_fn=<AddBackward0>)
134 train_loss tensor(1.7164, device='cuda:0', grad_fn=<AddBackward0>)
135 train_loss tensor(1.7687, device='cuda:0', grad_fn=<AddBackward0>)
136 train_loss tensor(1.6652, device='cuda:0', grad_fn=<AddBackward0>)
137 train_loss tensor(1.6638, device='cuda:0', grad_fn=<AddBackward0>)
138 train_loss tensor(1.8001, device='cuda:0', grad_fn=<AddBackward0>)
139 train_loss tensor(1.6928, device='cuda:0', grad_fn=<AddBackward0>)
140 train_loss tensor(1.7308, device='cuda:0', grad_fn=<AddBackward0>)
141 train_loss tensor(1.6965, device='cuda:0', grad_fn=<AddBackward0>)
142 train_loss tensor(1.7182, device='cuda:0', grad_fn=<AddBackward0>)
143 train_loss tensor(1.7702, device='cuda:0', grad_fn=<AddBackward0>)
144 train_loss tensor(1.5785, device='cuda:0', grad_fn=<AddBackward0>)
145 train_loss tensor(1.7356, device='cuda:0', grad_fn=<AddBackward0>)
146 train_loss tensor(1.6731, device='cuda:0', grad_fn=<AddBackward0>)
147 train_loss tensor(1.6561, device='cuda:0', grad_fn=<AddBackward0>)
148 train_loss tensor(1.8720, device='cuda:0', grad_fn=<AddBackward0>)
149 train_loss tensor(1.7423, device='cuda:0', grad_fn=<AddBackward0>)
150 train_loss tensor(1.8789, device='cuda:0', grad_fn=<AddBackward0>)
151 train_loss tensor(1.6680, device='cuda:0', grad_fn=<AddBackward0>)
152 train_loss tensor(1.7978, device='cuda:0', grad_fn=<AddBackward0>)
153 train_loss tensor(1.7460, device='cuda:0', grad_fn=<AddBackward0>)
154 train_loss tensor(1.7991, device='cuda:0', grad_fn=<AddBackward0>)
155 train_loss tensor(1.6128, device='cuda:0', grad_fn=<AddBackward0>)
156 train_loss tensor(2.0066, device='cuda:0', grad_fn=<AddBackward0>)
157 train_loss tensor(1.8332, device='cuda:0', grad_fn=<AddBackward0>)
158 train_loss tensor(1.8704, device='cuda:0', grad_fn=<AddBackward0>)
159 train_loss tensor(1.6022, device='cuda:0', grad_fn=<AddBackward0>)
160 train_loss tensor(1.6613, device='cuda:0', grad_fn=<AddBackward0>)
161 train_loss tensor(1.7800, device='cuda:0', grad_fn=<AddBackward0>)
162 train_loss tensor(1.6509, device='cuda:0', grad_fn=<AddBackward0>)
163 train_loss tensor(1.6366, device='cuda:0', grad_fn=<AddBackward0>)
164 train_loss tensor(1.5897, device='cuda:0', grad_fn=<AddBackward0>)
165 train_loss tensor(1.6439, device='cuda:0', grad_fn=<AddBackward0>)
166 train_loss tensor(1.5859, device='cuda:0', grad_fn=<AddBackward0>)
167 train_loss tensor(1.7296, device='cuda:0', grad_fn=<AddBackward0>)
168 train_loss tensor(1.7359, device='cuda:0', grad_fn=<AddBackward0>)
169 train_loss tensor(1.6802, device='cuda:0', grad_fn=<AddBackward0>)
170 train_loss tensor(1.6769, device='cuda:0', grad_fn=<AddBackward0>)
171 train_loss tensor(1.7041, device='cuda:0', grad_fn=<AddBackward0>)
172 train_loss tensor(1.5408, device='cuda:0', grad_fn=<AddBackward0>)
173 train_loss tensor(1.6425, device='cuda:0', grad_fn=<AddBackward0>)
174 train_loss tensor(1.6320, device='cuda:0', grad_fn=<AddBackward0>)
175 train_loss tensor(1.5133, device='cuda:0', grad_fn=<AddBackward0>)
176 train_loss tensor(1.4848, device='cuda:0', grad_fn=<AddBackward0>)
177 train_loss tensor(1.6357, device='cuda:0', grad_fn=<AddBackward0>)
178 train_loss tensor(1.8454, device='cuda:0', grad_fn=<AddBackward0>)
179 train_loss tensor(1.7560, device='cuda:0', grad_fn=<AddBackward0>)
180 train_loss tensor(1.7589, device='cuda:0', grad_fn=<AddBackward0>)
181 train_loss tensor(1.6646, device='cuda:0', grad_fn=<AddBackward0>)
182 train_loss tensor(1.6818, device='cuda:0', grad_fn=<AddBackward0>)
183 train_loss tensor(1.9039, device='cuda:0', grad_fn=<AddBackward0>)
184 train_loss tensor(1.8886, device='cuda:0', grad_fn=<AddBackward0>)
185 train_loss tensor(2.0115, device='cuda:0', grad_fn=<AddBackward0>)
186 train_loss tensor(1.6898, device='cuda:0', grad_fn=<AddBackward0>)
187 train_loss tensor(1.5886, device='cuda:0', grad_fn=<AddBackward0>)
188 train_loss tensor(1.7352, device='cuda:0', grad_fn=<AddBackward0>)
189 train_loss tensor(1.6270, device='cuda:0', grad_fn=<AddBackward0>)
190 train_loss tensor(1.7487, device='cuda:0', grad_fn=<AddBackward0>)
191 train_loss tensor(1.6556, device='cuda:0', grad_fn=<AddBackward0>)
192 train_loss tensor(1.7121, device='cuda:0', grad_fn=<AddBackward0>)
193 train_loss tensor(1.7546, device='cuda:0', grad_fn=<AddBackward0>)
194 train_loss tensor(1.7585, device='cuda:0', grad_fn=<AddBackward0>)
195 train_loss tensor(1.7480, device='cuda:0', grad_fn=<AddBackward0>)
196 train_loss tensor(1.8276, device='cuda:0', grad_fn=<AddBackward0>)
197 train_loss tensor(1.9491, device='cuda:0', grad_fn=<AddBackward0>)
198 train_loss tensor(1.7579, device='cuda:0', grad_fn=<AddBackward0>)
199 train_loss tensor(1.7261, device='cuda:0', grad_fn=<AddBackward0>)
200 train_loss tensor(1.5696, device='cuda:0', grad_fn=<AddBackward0>)
201 train_loss tensor(1.5493, device='cuda:0', grad_fn=<AddBackward0>)
202 train_loss tensor(1.7835, device='cuda:0', grad_fn=<AddBackward0>)
203 train_loss tensor(1.6787, device='cuda:0', grad_fn=<AddBackward0>)
204 train_loss tensor(1.7815, device='cuda:0', grad_fn=<AddBackward0>)
205 train_loss tensor(1.8618, device='cuda:0', grad_fn=<AddBackward0>)
206 train_loss tensor(1.6090, device='cuda:0', grad_fn=<AddBackward0>)
207 train_loss tensor(1.7017, device='cuda:0', grad_fn=<AddBackward0>)
208 train_loss tensor(1.7379, device='cuda:0', grad_fn=<AddBackward0>)
209 train_loss tensor(1.8480, device='cuda:0', grad_fn=<AddBackward0>)
210 train_loss tensor(1.7740, device='cuda:0', grad_fn=<AddBackward0>)
211 train_loss tensor(1.7524, device='cuda:0', grad_fn=<AddBackward0>)
212 train_loss tensor(1.7889, device='cuda:0', grad_fn=<AddBackward0>)
213 train_loss tensor(1.7426, device='cuda:0', grad_fn=<AddBackward0>)
214 train_loss tensor(1.7382, device='cuda:0', grad_fn=<AddBackward0>)
215 train_loss tensor(1.7045, device='cuda:0', grad_fn=<AddBackward0>)
216 train_loss tensor(1.8492, device='cuda:0', grad_fn=<AddBackward0>)
217 train_loss tensor(1.6173, device='cuda:0', grad_fn=<AddBackward0>)
218 train_loss tensor(1.4861, device='cuda:0', grad_fn=<AddBackward0>)
219 train_loss tensor(1.6262, device='cuda:0', grad_fn=<AddBackward0>)
220 train_loss tensor(1.9003, device='cuda:0', grad_fn=<AddBackward0>)
221 train_loss tensor(1.5592, device='cuda:0', grad_fn=<AddBackward0>)
222 train_loss tensor(1.8172, device='cuda:0', grad_fn=<AddBackward0>)
223 train_loss tensor(1.6974, device='cuda:0', grad_fn=<AddBackward0>)
224 train_loss tensor(1.6240, device='cuda:0', grad_fn=<AddBackward0>)
225 train_loss tensor(1.6252, device='cuda:0', grad_fn=<AddBackward0>)
226 train_loss tensor(1.7383, device='cuda:0', grad_fn=<AddBackward0>)
227 train_loss tensor(1.5143, device='cuda:0', grad_fn=<AddBackward0>)
228 train_loss tensor(1.8307, device='cuda:0', grad_fn=<AddBackward0>)
229 train_loss tensor(1.7841, device='cuda:0', grad_fn=<AddBackward0>)
230 train_loss tensor(1.8766, device='cuda:0', grad_fn=<AddBackward0>)
231 train_loss tensor(1.6708, device='cuda:0', grad_fn=<AddBackward0>)
232 train_loss tensor(1.7029, device='cuda:0', grad_fn=<AddBackward0>)
233 train_loss tensor(1.6874, device='cuda:0', grad_fn=<AddBackward0>)
234 train_loss tensor(1.8440, device='cuda:0', grad_fn=<AddBackward0>)
235 train_loss tensor(1.7518, device='cuda:0', grad_fn=<AddBackward0>)
236 train_loss tensor(1.6488, device='cuda:0', grad_fn=<AddBackward0>)
237 train_loss tensor(1.6133, device='cuda:0', grad_fn=<AddBackward0>)
238 train_loss tensor(1.9331, device='cuda:0', grad_fn=<AddBackward0>)
239 train_loss tensor(1.8701, device='cuda:0', grad_fn=<AddBackward0>)
240 train_loss tensor(1.6029, device='cuda:0', grad_fn=<AddBackward0>)
241 train_loss tensor(1.9633, device='cuda:0', grad_fn=<AddBackward0>)
242 train_loss tensor(1.7725, device='cuda:0', grad_fn=<AddBackward0>)
243 train_loss tensor(1.6245, device='cuda:0', grad_fn=<AddBackward0>)
244 train_loss tensor(1.7371, device='cuda:0', grad_fn=<AddBackward0>)
245 train_loss tensor(1.5783, device='cuda:0', grad_fn=<AddBackward0>)
246 train_loss tensor(1.6312, device='cuda:0', grad_fn=<AddBackward0>)
247 train_loss tensor(1.6712, device='cuda:0', grad_fn=<AddBackward0>)
248 train_loss tensor(1.5779, device='cuda:0', grad_fn=<AddBackward0>)
249 train_loss tensor(1.7444, device='cuda:0', grad_fn=<AddBackward0>)
250 train_loss tensor(1.6141, device='cuda:0', grad_fn=<AddBackward0>)
251 train_loss tensor(1.6750, device='cuda:0', grad_fn=<AddBackward0>)
252 train_loss tensor(1.6294, device='cuda:0', grad_fn=<AddBackward0>)
253 train_loss tensor(1.7780, device='cuda:0', grad_fn=<AddBackward0>)
254 train_loss tensor(1.7145, device='cuda:0', grad_fn=<AddBackward0>)
255 train_loss tensor(1.5960, device='cuda:0', grad_fn=<AddBackward0>)
256 train_loss tensor(1.8843, device='cuda:0', grad_fn=<AddBackward0>)
257 train_loss tensor(1.7075, device='cuda:0', grad_fn=<AddBackward0>)
258 train_loss tensor(1.5382, device='cuda:0', grad_fn=<AddBackward0>)
259 train_loss tensor(1.8711, device='cuda:0', grad_fn=<AddBackward0>)
260 train_loss tensor(1.7495, device='cuda:0', grad_fn=<AddBackward0>)
261 train_loss tensor(1.7555, device='cuda:0', grad_fn=<AddBackward0>)
262 train_loss tensor(1.7484, device='cuda:0', grad_fn=<AddBackward0>)
263 train_loss tensor(1.7064, device='cuda:0', grad_fn=<AddBackward0>)
264 train_loss tensor(1.7305, device='cuda:0', grad_fn=<AddBackward0>)
265 train_loss tensor(1.5659, device='cuda:0', grad_fn=<AddBackward0>)
266 train_loss tensor(1.8647, device='cuda:0', grad_fn=<AddBackward0>)
267 train_loss tensor(1.7057, device='cuda:0', grad_fn=<AddBackward0>)
268 train_loss tensor(1.7228, device='cuda:0', grad_fn=<AddBackward0>)
269 train_loss tensor(1.7823, device='cuda:0', grad_fn=<AddBackward0>)
270 train_loss tensor(1.8079, device='cuda:0', grad_fn=<AddBackward0>)
271 train_loss tensor(1.7503, device='cuda:0', grad_fn=<AddBackward0>)
272 train_loss tensor(1.5202, device='cuda:0', grad_fn=<AddBackward0>)
273 train_loss tensor(1.7179, device='cuda:0', grad_fn=<AddBackward0>)
274 train_loss tensor(1.9256, device='cuda:0', grad_fn=<AddBackward0>)
275 train_loss tensor(1.8113, device='cuda:0', grad_fn=<AddBackward0>)
276 train_loss tensor(1.4902, device='cuda:0', grad_fn=<AddBackward0>)
277 train_loss tensor(1.5964, device='cuda:0', grad_fn=<AddBackward0>)
278 train_loss tensor(1.6919, device='cuda:0', grad_fn=<AddBackward0>)
279 train_loss tensor(1.7235, device='cuda:0', grad_fn=<AddBackward0>)
280 train_loss tensor(1.9967, device='cuda:0', grad_fn=<AddBackward0>)
281 train_loss tensor(1.6922, device='cuda:0', grad_fn=<AddBackward0>)
282 train_loss tensor(1.6943, device='cuda:0', grad_fn=<AddBackward0>)
283 train_loss tensor(1.7213, device='cuda:0', grad_fn=<AddBackward0>)
284 train_loss tensor(1.7536, device='cuda:0', grad_fn=<AddBackward0>)
285 train_loss tensor(1.7249, device='cuda:0', grad_fn=<AddBackward0>)
286 train_loss tensor(1.6505, device='cuda:0', grad_fn=<AddBackward0>)
287 train_loss tensor(1.5579, device='cuda:0', grad_fn=<AddBackward0>)
288 train_loss tensor(1.7527, device='cuda:0', grad_fn=<AddBackward0>)
289 train_loss tensor(1.7859, device='cuda:0', grad_fn=<AddBackward0>)
290 train_loss tensor(1.5483, device='cuda:0', grad_fn=<AddBackward0>)
291 train_loss tensor(1.5956, device='cuda:0', grad_fn=<AddBackward0>)
292 train_loss tensor(1.7252, device='cuda:0', grad_fn=<AddBackward0>)
293 train_loss tensor(1.7650, device='cuda:0', grad_fn=<AddBackward0>)
294 train_loss tensor(1.6275, device='cuda:0', grad_fn=<AddBackward0>)
295 train_loss tensor(1.8239, device='cuda:0', grad_fn=<AddBackward0>)
296 train_loss tensor(1.9100, device='cuda:0', grad_fn=<AddBackward0>)
297 train_loss tensor(1.7312, device='cuda:0', grad_fn=<AddBackward0>)
298 train_loss tensor(1.6562, device='cuda:0', grad_fn=<AddBackward0>)
299 train_loss tensor(1.6514, device='cuda:0', grad_fn=<AddBackward0>)
300 train_loss tensor(1.9459, device='cuda:0', grad_fn=<AddBackward0>)
301 train_loss tensor(1.5700, device='cuda:0', grad_fn=<AddBackward0>)
302 train_loss tensor(1.7073, device='cuda:0', grad_fn=<AddBackward0>)
303 train_loss tensor(1.7198, device='cuda:0', grad_fn=<AddBackward0>)
304 train_loss tensor(1.4652, device='cuda:0', grad_fn=<AddBackward0>)
305 train_loss tensor(1.8182, device='cuda:0', grad_fn=<AddBackward0>)
306 train_loss tensor(1.6161, device='cuda:0', grad_fn=<AddBackward0>)
307 train_loss tensor(1.7141, device='cuda:0', grad_fn=<AddBackward0>)
308 train_loss tensor(1.8007, device='cuda:0', grad_fn=<AddBackward0>)
309 train_loss tensor(1.7768, device='cuda:0', grad_fn=<AddBackward0>)
310 train_loss tensor(1.5525, device='cuda:0', grad_fn=<AddBackward0>)
311 train_loss tensor(1.7340, device='cuda:0', grad_fn=<AddBackward0>)
312 train_loss tensor(1.9249, device='cuda:0', grad_fn=<AddBackward0>)
313 train_loss tensor(1.5992, device='cuda:0', grad_fn=<AddBackward0>)
314 train_loss tensor(1.8895, device='cuda:0', grad_fn=<AddBackward0>)
315 train_loss tensor(1.6997, device='cuda:0', grad_fn=<AddBackward0>)
316 train_loss tensor(1.5982, device='cuda:0', grad_fn=<AddBackward0>)
317 train_loss tensor(1.6344, device='cuda:0', grad_fn=<AddBackward0>)
318 train_loss tensor(1.4513, device='cuda:0', grad_fn=<AddBackward0>)
319 train_loss tensor(1.5539, device='cuda:0', grad_fn=<AddBackward0>)
320 train_loss tensor(1.8771, device='cuda:0', grad_fn=<AddBackward0>)
321 train_loss tensor(1.6148, device='cuda:0', grad_fn=<AddBackward0>)
322 train_loss tensor(1.5388, device='cuda:0', grad_fn=<AddBackward0>)
323 train_loss tensor(1.8054, device='cuda:0', grad_fn=<AddBackward0>)
324 train_loss tensor(1.6728, device='cuda:0', grad_fn=<AddBackward0>)
325 train_loss tensor(1.5615, device='cuda:0', grad_fn=<AddBackward0>)
326 train_loss tensor(1.6376, device='cuda:0', grad_fn=<AddBackward0>)
327 train_loss tensor(1.6003, device='cuda:0', grad_fn=<AddBackward0>)
328 train_loss tensor(1.7439, device='cuda:0', grad_fn=<AddBackward0>)
329 train_loss tensor(1.5690, device='cuda:0', grad_fn=<AddBackward0>)
330 train_loss tensor(1.7389, device='cuda:0', grad_fn=<AddBackward0>)
331 train_loss tensor(1.5659, device='cuda:0', grad_fn=<AddBackward0>)
332 train_loss tensor(1.5050, device='cuda:0', grad_fn=<AddBackward0>)
333 train_loss tensor(1.7543, device='cuda:0', grad_fn=<AddBackward0>)
334 train_loss tensor(1.5572, device='cuda:0', grad_fn=<AddBackward0>)
335 train_loss tensor(1.9334, device='cuda:0', grad_fn=<AddBackward0>)
336 train_loss tensor(1.8206, device='cuda:0', grad_fn=<AddBackward0>)
337 train_loss tensor(1.7011, device='cuda:0', grad_fn=<AddBackward0>)
338 train_loss tensor(1.5998, device='cuda:0', grad_fn=<AddBackward0>)
339 train_loss tensor(1.6855, device='cuda:0', grad_fn=<AddBackward0>)
340 train_loss tensor(1.6078, device='cuda:0', grad_fn=<AddBackward0>)
341 train_loss tensor(1.6063, device='cuda:0', grad_fn=<AddBackward0>)
342 train_loss tensor(1.4815, device='cuda:0', grad_fn=<AddBackward0>)
343 train_loss tensor(1.7032, device='cuda:0', grad_fn=<AddBackward0>)
344 train_loss tensor(1.6880, device='cuda:0', grad_fn=<AddBackward0>)
345 train_loss tensor(1.5578, device='cuda:0', grad_fn=<AddBackward0>)
346 train_loss tensor(1.6718, device='cuda:0', grad_fn=<AddBackward0>)
347 train_loss tensor(1.8000, device='cuda:0', grad_fn=<AddBackward0>)
348 train_loss tensor(1.7933, device='cuda:0', grad_fn=<AddBackward0>)
349 train_loss tensor(1.3767, device='cuda:0', grad_fn=<AddBackward0>)
350 train_loss tensor(1.6994, device='cuda:0', grad_fn=<AddBackward0>)
351 train_loss tensor(1.4738, device='cuda:0', grad_fn=<AddBackward0>)
352 train_loss tensor(1.5385, device='cuda:0', grad_fn=<AddBackward0>)
353 train_loss tensor(1.5198, device='cuda:0', grad_fn=<AddBackward0>)
354 train_loss tensor(1.6509, device='cuda:0', grad_fn=<AddBackward0>)
355 train_loss tensor(1.7351, device='cuda:0', grad_fn=<AddBackward0>)
356 train_loss tensor(1.6752, device='cuda:0', grad_fn=<AddBackward0>)
357 train_loss tensor(1.7635, device='cuda:0', grad_fn=<AddBackward0>)
358 train_loss tensor(1.7078, device='cuda:0', grad_fn=<AddBackward0>)
359 train_loss tensor(1.5323, device='cuda:0', grad_fn=<AddBackward0>)
360 train_loss tensor(1.7123, device='cuda:0', grad_fn=<AddBackward0>)
361 train_loss tensor(1.6834, device='cuda:0', grad_fn=<AddBackward0>)
362 train_loss tensor(1.6271, device='cuda:0', grad_fn=<AddBackward0>)
363 train_loss tensor(1.7205, device='cuda:0', grad_fn=<AddBackward0>)
364 train_loss tensor(1.6903, device='cuda:0', grad_fn=<AddBackward0>)
365 train_loss tensor(1.7376, device='cuda:0', grad_fn=<AddBackward0>)
366 train_loss tensor(1.7770, device='cuda:0', grad_fn=<AddBackward0>)
367 train_loss tensor(1.5397, device='cuda:0', grad_fn=<AddBackward0>)
368 train_loss tensor(1.8345, device='cuda:0', grad_fn=<AddBackward0>)
369 train_loss tensor(1.6744, device='cuda:0', grad_fn=<AddBackward0>)
370 train_loss tensor(1.7038, device='cuda:0', grad_fn=<AddBackward0>)
371 train_loss tensor(1.7614, device='cuda:0', grad_fn=<AddBackward0>)
372 train_loss tensor(1.7173, device='cuda:0', grad_fn=<AddBackward0>)
373 train_loss tensor(1.8033, device='cuda:0', grad_fn=<AddBackward0>)
374 train_loss tensor(1.6284, device='cuda:0', grad_fn=<AddBackward0>)
375 train_loss tensor(1.6957, device='cuda:0', grad_fn=<AddBackward0>)
376 train_loss tensor(1.6518, device='cuda:0', grad_fn=<AddBackward0>)
377 train_loss tensor(1.6734, device='cuda:0', grad_fn=<AddBackward0>)
378 train_loss tensor(1.7039, device='cuda:0', grad_fn=<AddBackward0>)
379 train_loss tensor(1.6719, device='cuda:0', grad_fn=<AddBackward0>)
380 train_loss tensor(1.6509, device='cuda:0', grad_fn=<AddBackward0>)
381 train_loss tensor(1.7647, device='cuda:0', grad_fn=<AddBackward0>)
382 train_loss tensor(1.7740, device='cuda:0', grad_fn=<AddBackward0>)
383 train_loss tensor(1.7544, device='cuda:0', grad_fn=<AddBackward0>)
384 train_loss tensor(1.7558, device='cuda:0', grad_fn=<AddBackward0>)
385 train_loss tensor(1.7546, device='cuda:0', grad_fn=<AddBackward0>)
386 train_loss tensor(1.7652, device='cuda:0', grad_fn=<AddBackward0>)
387 train_loss tensor(1.9206, device='cuda:0', grad_fn=<AddBackward0>)
388 train_loss tensor(1.9637, device='cuda:0', grad_fn=<AddBackward0>)
389 train_loss tensor(1.7950, device='cuda:0', grad_fn=<AddBackward0>)
390 train_loss tensor(1.5814, device='cuda:0', grad_fn=<AddBackward0>)
391 train_loss tensor(1.6114, device='cuda:0', grad_fn=<AddBackward0>)
392 train_loss tensor(1.6792, device='cuda:0', grad_fn=<AddBackward0>)
393 train_loss tensor(1.8239, device='cuda:0', grad_fn=<AddBackward0>)
394 train_loss tensor(1.6964, device='cuda:0', grad_fn=<AddBackward0>)
395 train_loss tensor(1.7235, device='cuda:0', grad_fn=<AddBackward0>)
396 train_loss tensor(1.5820, device='cuda:0', grad_fn=<AddBackward0>)
397 train_loss tensor(1.7832, device='cuda:0', grad_fn=<AddBackward0>)
398 train_loss tensor(2.0240, device='cuda:0', grad_fn=<AddBackward0>)
399 train_loss tensor(1.8948, device='cuda:0', grad_fn=<AddBackward0>)
400 train_loss tensor(1.7679, device='cuda:0', grad_fn=<AddBackward0>)
401 train_loss tensor(1.9168, device='cuda:0', grad_fn=<AddBackward0>)
402 train_loss tensor(1.6950, device='cuda:0', grad_fn=<AddBackward0>)
403 train_loss tensor(1.6111, device='cuda:0', grad_fn=<AddBackward0>)
404 train_loss tensor(1.7783, device='cuda:0', grad_fn=<AddBackward0>)
405 train_loss tensor(1.9114, device='cuda:0', grad_fn=<AddBackward0>)
406 train_loss tensor(1.6224, device='cuda:0', grad_fn=<AddBackward0>)
407 train_loss tensor(1.7186, device='cuda:0', grad_fn=<AddBackward0>)
408 train_loss tensor(1.7239, device='cuda:0', grad_fn=<AddBackward0>)
409 train_loss tensor(1.6339, device='cuda:0', grad_fn=<AddBackward0>)
410 train_loss tensor(1.6448, device='cuda:0', grad_fn=<AddBackward0>)
411 train_loss tensor(1.8362, device='cuda:0', grad_fn=<AddBackward0>)
412 train_loss tensor(1.6699, device='cuda:0', grad_fn=<AddBackward0>)
413 train_loss tensor(1.7006, device='cuda:0', grad_fn=<AddBackward0>)
414 train_loss tensor(1.7958, device='cuda:0', grad_fn=<AddBackward0>)
415 train_loss tensor(1.4934, device='cuda:0', grad_fn=<AddBackward0>)
416 train_loss tensor(1.6437, device='cuda:0', grad_fn=<AddBackward0>)
417 train_loss tensor(1.7170, device='cuda:0', grad_fn=<AddBackward0>)
418 train_loss tensor(1.7166, device='cuda:0', grad_fn=<AddBackward0>)
419 train_loss tensor(1.5170, device='cuda:0', grad_fn=<AddBackward0>)
420 train_loss tensor(1.7259, device='cuda:0', grad_fn=<AddBackward0>)
421 train_loss tensor(1.7769, device='cuda:0', grad_fn=<AddBackward0>)
422 train_loss tensor(1.7176, device='cuda:0', grad_fn=<AddBackward0>)
423 train_loss tensor(1.6581, device='cuda:0', grad_fn=<AddBackward0>)
424 train_loss tensor(1.5220, device='cuda:0', grad_fn=<AddBackward0>)
425 train_loss tensor(1.6695, device='cuda:0', grad_fn=<AddBackward0>)
426 train_loss tensor(1.6743, device='cuda:0', grad_fn=<AddBackward0>)
427 train_loss tensor(1.9154, device='cuda:0', grad_fn=<AddBackward0>)
428 train_loss tensor(1.6144, device='cuda:0', grad_fn=<AddBackward0>)
429 train_loss tensor(1.6668, device='cuda:0', grad_fn=<AddBackward0>)
430 train_loss tensor(1.5006, device='cuda:0', grad_fn=<AddBackward0>)
431 train_loss tensor(1.8005, device='cuda:0', grad_fn=<AddBackward0>)
432 train_loss tensor(1.7399, device='cuda:0', grad_fn=<AddBackward0>)
433 train_loss tensor(1.7076, device='cuda:0', grad_fn=<AddBackward0>)
434 train_loss tensor(1.7934, device='cuda:0', grad_fn=<AddBackward0>)
435 train_loss tensor(1.9115, device='cuda:0', grad_fn=<AddBackward0>)
436 train_loss tensor(1.6039, device='cuda:0', grad_fn=<AddBackward0>)
437 train_loss tensor(1.8791, device='cuda:0', grad_fn=<AddBackward0>)
438 train_loss tensor(2.0170, device='cuda:0', grad_fn=<AddBackward0>)
439 train_loss tensor(1.9407, device='cuda:0', grad_fn=<AddBackward0>)
440 train_loss tensor(1.7143, device='cuda:0', grad_fn=<AddBackward0>)
441 train_loss tensor(1.7369, device='cuda:0', grad_fn=<AddBackward0>)
442 train_loss tensor(1.7390, device='cuda:0', grad_fn=<AddBackward0>)
443 train_loss tensor(1.8220, device='cuda:0', grad_fn=<AddBackward0>)
444 train_loss tensor(1.6540, device='cuda:0', grad_fn=<AddBackward0>)
445 train_loss tensor(1.7618, device='cuda:0', grad_fn=<AddBackward0>)
446 train_loss tensor(1.7053, device='cuda:0', grad_fn=<AddBackward0>)
447 train_loss tensor(1.6978, device='cuda:0', grad_fn=<AddBackward0>)
448 train_loss tensor(1.6978, device='cuda:0', grad_fn=<AddBackward0>)
449 train_loss tensor(1.6483, device='cuda:0', grad_fn=<AddBackward0>)
450 train_loss tensor(1.5569, device='cuda:0', grad_fn=<AddBackward0>)
451 train_loss tensor(1.7315, device='cuda:0', grad_fn=<AddBackward0>)
452 train_loss tensor(1.8663, device='cuda:0', grad_fn=<AddBackward0>)
453 train_loss tensor(1.6017, device='cuda:0', grad_fn=<AddBackward0>)
454 train_loss tensor(1.7039, device='cuda:0', grad_fn=<AddBackward0>)
455 train_loss tensor(1.7630, device='cuda:0', grad_fn=<AddBackward0>)
456 train_loss tensor(1.5472, device='cuda:0', grad_fn=<AddBackward0>)
457 train_loss tensor(1.7238, device='cuda:0', grad_fn=<AddBackward0>)
458 train_loss tensor(1.6531, device='cuda:0', grad_fn=<AddBackward0>)
459 train_loss tensor(1.6899, device='cuda:0', grad_fn=<AddBackward0>)
460 train_loss tensor(1.9383, device='cuda:0', grad_fn=<AddBackward0>)
461 train_loss tensor(1.5410, device='cuda:0', grad_fn=<AddBackward0>)
462 train_loss tensor(1.8103, device='cuda:0', grad_fn=<AddBackward0>)
463 train_loss tensor(1.8598, device='cuda:0', grad_fn=<AddBackward0>)
464 train_loss tensor(1.7819, device='cuda:0', grad_fn=<AddBackward0>)
465 train_loss tensor(1.6510, device='cuda:0', grad_fn=<AddBackward0>)
466 train_loss tensor(1.6541, device='cuda:0', grad_fn=<AddBackward0>)
467 train_loss tensor(1.6362, device='cuda:0', grad_fn=<AddBackward0>)
468 train_loss tensor(1.5195, device='cuda:0', grad_fn=<AddBackward0>)
469 train_loss tensor(1.6457, device='cuda:0', grad_fn=<AddBackward0>)
470 train_loss tensor(1.8109, device='cuda:0', grad_fn=<AddBackward0>)
471 train_loss tensor(1.6075, device='cuda:0', grad_fn=<AddBackward0>)
472 train_loss tensor(1.5981, device='cuda:0', grad_fn=<AddBackward0>)
473 train_loss tensor(1.6000, device='cuda:0', grad_fn=<AddBackward0>)
474 train_loss tensor(1.5891, device='cuda:0', grad_fn=<AddBackward0>)
475 train_loss tensor(1.6547, device='cuda:0', grad_fn=<AddBackward0>)
476 train_loss tensor(1.6692, device='cuda:0', grad_fn=<AddBackward0>)
477 train_loss tensor(1.6184, device='cuda:0', grad_fn=<AddBackward0>)
478 train_loss tensor(1.6989, device='cuda:0', grad_fn=<AddBackward0>)
479 train_loss tensor(1.8412, device='cuda:0', grad_fn=<AddBackward0>)
480 train_loss tensor(1.7476, device='cuda:0', grad_fn=<AddBackward0>)
481 train_loss tensor(1.6801, device='cuda:0', grad_fn=<AddBackward0>)
482 train_loss tensor(1.8827, device='cuda:0', grad_fn=<AddBackward0>)
483 train_loss tensor(1.7956, device='cuda:0', grad_fn=<AddBackward0>)
484 train_loss tensor(1.5784, device='cuda:0', grad_fn=<AddBackward0>)
485 train_loss tensor(1.6393, device='cuda:0', grad_fn=<AddBackward0>)
486 train_loss tensor(1.6996, device='cuda:0', grad_fn=<AddBackward0>)
487 train_loss tensor(1.7028, device='cuda:0', grad_fn=<AddBackward0>)
488 train_loss tensor(1.6316, device='cuda:0', grad_fn=<AddBackward0>)
489 train_loss tensor(1.4503, device='cuda:0', grad_fn=<AddBackward0>)
490 train_loss tensor(1.7721, device='cuda:0', grad_fn=<AddBackward0>)
491 train_loss tensor(1.6560, device='cuda:0', grad_fn=<AddBackward0>)
492 train_loss tensor(1.5716, device='cuda:0', grad_fn=<AddBackward0>)
493 train_loss tensor(1.8685, device='cuda:0', grad_fn=<AddBackward0>)
494 train_loss tensor(1.6605, device='cuda:0', grad_fn=<AddBackward0>)
495 train_loss tensor(1.5432, device='cuda:0', grad_fn=<AddBackward0>)
496 train_loss tensor(1.6372, device='cuda:0', grad_fn=<AddBackward0>)
497 train_loss tensor(1.7238, device='cuda:0', grad_fn=<AddBackward0>)
498 train_loss tensor(1.7429, device='cuda:0', grad_fn=<AddBackward0>)
499 train_loss tensor(1.8396, device='cuda:0', grad_fn=<AddBackward0>)
500 train_loss tensor(1.7129, device='cuda:0', grad_fn=<AddBackward0>)
501 train_loss tensor(1.5880, device='cuda:0', grad_fn=<AddBackward0>)
502 train_loss tensor(1.8474, device='cuda:0', grad_fn=<AddBackward0>)
503 train_loss tensor(1.5594, device='cuda:0', grad_fn=<AddBackward0>)
504 train_loss tensor(1.5498, device='cuda:0', grad_fn=<AddBackward0>)
505 train_loss tensor(1.5652, device='cuda:0', grad_fn=<AddBackward0>)
506 train_loss tensor(1.6279, device='cuda:0', grad_fn=<AddBackward0>)
507 train_loss tensor(1.4585, device='cuda:0', grad_fn=<AddBackward0>)
508 train_loss tensor(1.4888, device='cuda:0', grad_fn=<AddBackward0>)
509 train_loss tensor(1.6540, device='cuda:0', grad_fn=<AddBackward0>)
510 train_loss tensor(1.6832, device='cuda:0', grad_fn=<AddBackward0>)
511 train_loss tensor(1.7926, device='cuda:0', grad_fn=<AddBackward0>)
512 train_loss tensor(1.7325, device='cuda:0', grad_fn=<AddBackward0>)
513 train_loss tensor(1.6359, device='cuda:0', grad_fn=<AddBackward0>)
514 train_loss tensor(1.6234, device='cuda:0', grad_fn=<AddBackward0>)
515 train_loss tensor(1.7923, device='cuda:0', grad_fn=<AddBackward0>)
516 train_loss tensor(1.6356, device='cuda:0', grad_fn=<AddBackward0>)
517 train_loss tensor(1.9124, device='cuda:0', grad_fn=<AddBackward0>)
518 train_loss tensor(1.5263, device='cuda:0', grad_fn=<AddBackward0>)
519 train_loss tensor(1.4650, device='cuda:0', grad_fn=<AddBackward0>)
520 train_loss tensor(1.4787, device='cuda:0', grad_fn=<AddBackward0>)
521 train_loss tensor(1.7630, device='cuda:0', grad_fn=<AddBackward0>)
522 train_loss tensor(1.7234, device='cuda:0', grad_fn=<AddBackward0>)
523 train_loss tensor(1.7505, device='cuda:0', grad_fn=<AddBackward0>)
524 train_loss tensor(1.6505, device='cuda:0', grad_fn=<AddBackward0>)
525 train_loss tensor(1.7696, device='cuda:0', grad_fn=<AddBackward0>)
526 train_loss tensor(1.6837, device='cuda:0', grad_fn=<AddBackward0>)
527 train_loss tensor(1.7689, device='cuda:0', grad_fn=<AddBackward0>)
528 train_loss tensor(1.5190, device='cuda:0', grad_fn=<AddBackward0>)
529 train_loss tensor(1.7131, device='cuda:0', grad_fn=<AddBackward0>)
530 train_loss tensor(1.6257, device='cuda:0', grad_fn=<AddBackward0>)
531 train_loss tensor(1.7799, device='cuda:0', grad_fn=<AddBackward0>)
532 train_loss tensor(1.6609, device='cuda:0', grad_fn=<AddBackward0>)
533 train_loss tensor(1.7563, device='cuda:0', grad_fn=<AddBackward0>)
534 train_loss tensor(1.6567, device='cuda:0', grad_fn=<AddBackward0>)
535 train_loss tensor(1.6927, device='cuda:0', grad_fn=<AddBackward0>)
536 train_loss tensor(1.4659, device='cuda:0', grad_fn=<AddBackward0>)
537 train_loss tensor(1.9075, device='cuda:0', grad_fn=<AddBackward0>)
538 train_loss tensor(1.7017, device='cuda:0', grad_fn=<AddBackward0>)
539 train_loss tensor(1.5144, device='cuda:0', grad_fn=<AddBackward0>)
540 train_loss tensor(1.7926, device='cuda:0', grad_fn=<AddBackward0>)
541 train_loss tensor(1.6697, device='cuda:0', grad_fn=<AddBackward0>)
542 train_loss tensor(1.6500, device='cuda:0', grad_fn=<AddBackward0>)
543 train_loss tensor(1.7838, device='cuda:0', grad_fn=<AddBackward0>)
544 train_loss tensor(1.7027, device='cuda:0', grad_fn=<AddBackward0>)
545 train_loss tensor(1.6380, device='cuda:0', grad_fn=<AddBackward0>)
546 train_loss tensor(1.8858, device='cuda:0', grad_fn=<AddBackward0>)
547 train_loss tensor(1.6014, device='cuda:0', grad_fn=<AddBackward0>)
548 train_loss tensor(1.8039, device='cuda:0', grad_fn=<AddBackward0>)
549 train_loss tensor(1.6068, device='cuda:0', grad_fn=<AddBackward0>)
550 train_loss tensor(1.6049, device='cuda:0', grad_fn=<AddBackward0>)
551 train_loss tensor(1.9020, device='cuda:0', grad_fn=<AddBackward0>)
552 train_loss tensor(1.7661, device='cuda:0', grad_fn=<AddBackward0>)
553 train_loss tensor(1.6615, device='cuda:0', grad_fn=<AddBackward0>)
554 train_loss tensor(1.6909, device='cuda:0', grad_fn=<AddBackward0>)
555 train_loss tensor(1.6398, device='cuda:0', grad_fn=<AddBackward0>)
556 train_loss tensor(1.6717, device='cuda:0', grad_fn=<AddBackward0>)
557 train_loss tensor(1.6133, device='cuda:0', grad_fn=<AddBackward0>)
558 train_loss tensor(1.8962, device='cuda:0', grad_fn=<AddBackward0>)
559 train_loss tensor(1.5138, device='cuda:0', grad_fn=<AddBackward0>)
560 train_loss tensor(1.6518, device='cuda:0', grad_fn=<AddBackward0>)
561 train_loss tensor(1.7216, device='cuda:0', grad_fn=<AddBackward0>)
562 train_loss tensor(1.7077, device='cuda:0', grad_fn=<AddBackward0>)
563 train_loss tensor(1.5545, device='cuda:0', grad_fn=<AddBackward0>)
564 train_loss tensor(1.6566, device='cuda:0', grad_fn=<AddBackward0>)
565 train_loss tensor(1.6324, device='cuda:0', grad_fn=<AddBackward0>)
566 train_loss tensor(1.6786, device='cuda:0', grad_fn=<AddBackward0>)
567 train_loss tensor(1.5764, device='cuda:0', grad_fn=<AddBackward0>)
568 train_loss tensor(1.7396, device='cuda:0', grad_fn=<AddBackward0>)
569 train_loss tensor(1.9132, device='cuda:0', grad_fn=<AddBackward0>)
570 train_loss tensor(1.8229, device='cuda:0', grad_fn=<AddBackward0>)
571 train_loss tensor(1.7377, device='cuda:0', grad_fn=<AddBackward0>)
572 train_loss tensor(1.6605, device='cuda:0', grad_fn=<AddBackward0>)
573 train_loss tensor(1.7387, device='cuda:0', grad_fn=<AddBackward0>)
574 train_loss tensor(1.7485, device='cuda:0', grad_fn=<AddBackward0>)
575 train_loss tensor(1.6914, device='cuda:0', grad_fn=<AddBackward0>)
576 train_loss tensor(1.7581, device='cuda:0', grad_fn=<AddBackward0>)
577 train_loss tensor(1.6431, device='cuda:0', grad_fn=<AddBackward0>)
578 train_loss tensor(1.8471, device='cuda:0', grad_fn=<AddBackward0>)
579 train_loss tensor(1.6709, device='cuda:0', grad_fn=<AddBackward0>)
580 train_loss tensor(1.7726, device='cuda:0', grad_fn=<AddBackward0>)
581 train_loss tensor(1.6736, device='cuda:0', grad_fn=<AddBackward0>)
582 train_loss tensor(1.5881, device='cuda:0', grad_fn=<AddBackward0>)
583 train_loss tensor(1.6617, device='cuda:0', grad_fn=<AddBackward0>)
584 train_loss tensor(1.6254, device='cuda:0', grad_fn=<AddBackward0>)
585 train_loss tensor(1.6224, device='cuda:0', grad_fn=<AddBackward0>)
586 train_loss tensor(1.7281, device='cuda:0', grad_fn=<AddBackward0>)
587 train_loss tensor(1.7298, device='cuda:0', grad_fn=<AddBackward0>)
588 train_loss tensor(1.6726, device='cuda:0', grad_fn=<AddBackward0>)
589 train_loss tensor(1.5212, device='cuda:0', grad_fn=<AddBackward0>)
590 train_loss tensor(1.9345, device='cuda:0', grad_fn=<AddBackward0>)
591 train_loss tensor(1.8480, device='cuda:0', grad_fn=<AddBackward0>)
592 train_loss tensor(1.8645, device='cuda:0', grad_fn=<AddBackward0>)
593 train_loss tensor(1.6133, device='cuda:0', grad_fn=<AddBackward0>)
594 train_loss tensor(1.7102, device='cuda:0', grad_fn=<AddBackward0>)
595 train_loss tensor(1.7406, device='cuda:0', grad_fn=<AddBackward0>)
596 train_loss tensor(1.8166, device='cuda:0', grad_fn=<AddBackward0>)
597 train_loss tensor(1.8425, device='cuda:0', grad_fn=<AddBackward0>)
598 train_loss tensor(1.9455, device='cuda:0', grad_fn=<AddBackward0>)
599 train_loss tensor(1.7748, device='cuda:0', grad_fn=<AddBackward0>)
600 train_loss tensor(1.8187, device='cuda:0', grad_fn=<AddBackward0>)
601 train_loss tensor(1.7340, device='cuda:0', grad_fn=<AddBackward0>)
602 train_loss tensor(1.5669, device='cuda:0', grad_fn=<AddBackward0>)
603 train_loss tensor(1.7240, device='cuda:0', grad_fn=<AddBackward0>)
604 train_loss tensor(1.4985, device='cuda:0', grad_fn=<AddBackward0>)
605 train_loss tensor(1.6305, device='cuda:0', grad_fn=<AddBackward0>)
606 train_loss tensor(1.6686, device='cuda:0', grad_fn=<AddBackward0>)
607 train_loss tensor(1.9420, device='cuda:0', grad_fn=<AddBackward0>)
608 train_loss tensor(1.7018, device='cuda:0', grad_fn=<AddBackward0>)
609 train_loss tensor(1.8176, device='cuda:0', grad_fn=<AddBackward0>)
610 train_loss tensor(1.8080, device='cuda:0', grad_fn=<AddBackward0>)
611 train_loss tensor(1.7429, device='cuda:0', grad_fn=<AddBackward0>)
612 train_loss tensor(1.7718, device='cuda:0', grad_fn=<AddBackward0>)
613 train_loss tensor(1.6969, device='cuda:0', grad_fn=<AddBackward0>)
614 train_loss tensor(1.6756, device='cuda:0', grad_fn=<AddBackward0>)
615 train_loss tensor(1.5560, device='cuda:0', grad_fn=<AddBackward0>)
616 train_loss tensor(1.8850, device='cuda:0', grad_fn=<AddBackward0>)
617 train_loss tensor(1.7686, device='cuda:0', grad_fn=<AddBackward0>)
618 train_loss tensor(1.6551, device='cuda:0', grad_fn=<AddBackward0>)
619 train_loss tensor(1.8016, device='cuda:0', grad_fn=<AddBackward0>)
620 train_loss tensor(1.4944, device='cuda:0', grad_fn=<AddBackward0>)
621 train_loss tensor(1.5590, device='cuda:0', grad_fn=<AddBackward0>)
622 train_loss tensor(1.7356, device='cuda:0', grad_fn=<AddBackward0>)
623 train_loss tensor(1.7997, device='cuda:0', grad_fn=<AddBackward0>)
624 train_loss tensor(1.4607, device='cuda:0', grad_fn=<AddBackward0>)
625 train_loss tensor(1.7447, device='cuda:0', grad_fn=<AddBackward0>)
626 train_loss tensor(1.7879, device='cuda:0', grad_fn=<AddBackward0>)
627 train_loss tensor(1.7064, device='cuda:0', grad_fn=<AddBackward0>)
628 train_loss tensor(1.6762, device='cuda:0', grad_fn=<AddBackward0>)
629 train_loss tensor(1.7373, device='cuda:0', grad_fn=<AddBackward0>)
630 train_loss tensor(1.7052, device='cuda:0', grad_fn=<AddBackward0>)
631 train_loss tensor(1.5521, device='cuda:0', grad_fn=<AddBackward0>)
632 train_loss tensor(1.5745, device='cuda:0', grad_fn=<AddBackward0>)
633 train_loss tensor(1.8051, device='cuda:0', grad_fn=<AddBackward0>)
634 train_loss tensor(1.7832, device='cuda:0', grad_fn=<AddBackward0>)
635 train_loss tensor(1.7490, device='cuda:0', grad_fn=<AddBackward0>)
636 train_loss tensor(1.5393, device='cuda:0', grad_fn=<AddBackward0>)
637 train_loss tensor(1.8195, device='cuda:0', grad_fn=<AddBackward0>)
638 train_loss tensor(1.8162, device='cuda:0', grad_fn=<AddBackward0>)
639 train_loss tensor(2.0428, device='cuda:0', grad_fn=<AddBackward0>)
640 train_loss tensor(1.6169, device='cuda:0', grad_fn=<AddBackward0>)
641 train_loss tensor(1.5452, device='cuda:0', grad_fn=<AddBackward0>)
642 train_loss tensor(1.8131, device='cuda:0', grad_fn=<AddBackward0>)
643 train_loss tensor(1.8074, device='cuda:0', grad_fn=<AddBackward0>)
644 train_loss tensor(1.6784, device='cuda:0', grad_fn=<AddBackward0>)
645 train_loss tensor(1.5213, device='cuda:0', grad_fn=<AddBackward0>)
646 train_loss tensor(1.7616, device='cuda:0', grad_fn=<AddBackward0>)
647 train_loss tensor(1.9163, device='cuda:0', grad_fn=<AddBackward0>)
648 train_loss tensor(1.7643, device='cuda:0', grad_fn=<AddBackward0>)
649 train_loss tensor(1.7565, device='cuda:0', grad_fn=<AddBackward0>)
650 train_loss tensor(1.6201, device='cuda:0', grad_fn=<AddBackward0>)
651 train_loss tensor(1.6042, device='cuda:0', grad_fn=<AddBackward0>)
652 train_loss tensor(1.7438, device='cuda:0', grad_fn=<AddBackward0>)
653 train_loss tensor(1.6082, device='cuda:0', grad_fn=<AddBackward0>)
654 train_loss tensor(1.7336, device='cuda:0', grad_fn=<AddBackward0>)
655 train_loss tensor(1.6669, device='cuda:0', grad_fn=<AddBackward0>)
656 train_loss tensor(1.7943, device='cuda:0', grad_fn=<AddBackward0>)
657 train_loss tensor(1.5382, device='cuda:0', grad_fn=<AddBackward0>)
658 train_loss tensor(1.6182, device='cuda:0', grad_fn=<AddBackward0>)
659 train_loss tensor(1.8767, device='cuda:0', grad_fn=<AddBackward0>)
660 train_loss tensor(1.8811, device='cuda:0', grad_fn=<AddBackward0>)
661 train_loss tensor(1.6598, device='cuda:0', grad_fn=<AddBackward0>)
662 train_loss tensor(1.5513, device='cuda:0', grad_fn=<AddBackward0>)
663 train_loss tensor(1.7206, device='cuda:0', grad_fn=<AddBackward0>)
664 train_loss tensor(1.9165, device='cuda:0', grad_fn=<AddBackward0>)
665 train_loss tensor(1.7462, device='cuda:0', grad_fn=<AddBackward0>)
666 train_loss tensor(1.6050, device='cuda:0', grad_fn=<AddBackward0>)
667 train_loss tensor(1.6445, device='cuda:0', grad_fn=<AddBackward0>)
668 train_loss tensor(1.5979, device='cuda:0', grad_fn=<AddBackward0>)
669 train_loss tensor(1.7081, device='cuda:0', grad_fn=<AddBackward0>)
670 train_loss tensor(1.7763, device='cuda:0', grad_fn=<AddBackward0>)
671 train_loss tensor(1.8500, device='cuda:0', grad_fn=<AddBackward0>)
672 train_loss tensor(1.6796, device='cuda:0', grad_fn=<AddBackward0>)
673 train_loss tensor(1.7392, device='cuda:0', grad_fn=<AddBackward0>)
674 train_loss tensor(1.6279, device='cuda:0', grad_fn=<AddBackward0>)
675 train_loss tensor(1.7445, device='cuda:0', grad_fn=<AddBackward0>)
676 train_loss tensor(1.8449, device='cuda:0', grad_fn=<AddBackward0>)
677 train_loss tensor(1.7872, device='cuda:0', grad_fn=<AddBackward0>)
678 train_loss tensor(1.7309, device='cuda:0', grad_fn=<AddBackward0>)
679 train_loss tensor(1.4617, device='cuda:0', grad_fn=<AddBackward0>)
680 train_loss tensor(1.6653, device='cuda:0', grad_fn=<AddBackward0>)
681 train_loss tensor(1.6515, device='cuda:0', grad_fn=<AddBackward0>)
682 train_loss tensor(1.5557, device='cuda:0', grad_fn=<AddBackward0>)
683 train_loss tensor(1.4556, device='cuda:0', grad_fn=<AddBackward0>)
684 train_loss tensor(1.4685, device='cuda:0', grad_fn=<AddBackward0>)
685 train_loss tensor(1.6365, device='cuda:0', grad_fn=<AddBackward0>)
686 train_loss tensor(1.6864, device='cuda:0', grad_fn=<AddBackward0>)
687 train_loss tensor(1.6299, device='cuda:0', grad_fn=<AddBackward0>)
688 train_loss tensor(1.6282, device='cuda:0', grad_fn=<AddBackward0>)
689 train_loss tensor(1.6338, device='cuda:0', grad_fn=<AddBackward0>)
690 train_loss tensor(1.6804, device='cuda:0', grad_fn=<AddBackward0>)
691 train_loss 2026-01-22 20:05:53 - GraphTrainer - INFO - 验证结果:
2026-01-22 20:05:53 - GraphTrainer - INFO -   precision@5: 0.004829
2026-01-22 20:05:53 - GraphTrainer - INFO -   recall@5: 0.023851
2026-01-22 20:05:53 - GraphTrainer - INFO -   hit_rate@5: 0.024120
2026-01-22 20:05:53 - GraphTrainer - INFO -   ndcg@5: 0.015393
2026-01-22 20:05:53 - GraphTrainer - INFO -   map@5: 0.012579
2026-01-22 20:05:53 - GraphTrainer - INFO -   mrr@5: 0.012723
2026-01-22 20:05:53 - GraphTrainer - INFO -   precision@10: 0.003841
2026-01-22 20:05:53 - GraphTrainer - INFO -   recall@10: 0.037929
2026-01-22 20:05:53 - GraphTrainer - INFO -   hit_rate@10: 0.038363
2026-01-22 20:05:53 - GraphTrainer - INFO -   ndcg@10: 0.019934
2026-01-22 20:05:53 - GraphTrainer - INFO -   map@10: 0.014434
2026-01-22 20:05:53 - GraphTrainer - INFO -   mrr@10: 0.014599
2026-01-22 20:05:53 - GraphTrainer - INFO -   precision@20: 0.002930
2026-01-22 20:05:53 - GraphTrainer - INFO -   recall@20: 0.057761
2026-01-22 20:05:53 - GraphTrainer - INFO -   hit_rate@20: 0.058496
2026-01-22 20:05:53 - GraphTrainer - INFO -   ndcg@20: 0.024949
2026-01-22 20:05:53 - GraphTrainer - INFO -   map@20: 0.015797
2026-01-22 20:05:53 - GraphTrainer - INFO -   mrr@20: 0.015981
2026-01-22 20:05:53 - GraphTrainer - INFO - 第 3 轮训练完成
2026-01-22 20:05:53 - GraphTrainer - INFO - train_loss: 1.705489
2026-01-22 20:05:53 - GraphTrainer - INFO - precision@5: 0.004829
2026-01-22 20:05:53 - GraphTrainer - INFO - recall@5: 0.023851
2026-01-22 20:05:53 - GraphTrainer - INFO - hit_rate@5: 0.024120
2026-01-22 20:05:53 - GraphTrainer - INFO - ndcg@5: 0.015393
2026-01-22 20:05:53 - GraphTrainer - INFO - map@5: 0.012579
2026-01-22 20:05:53 - GraphTrainer - INFO - mrr@5: 0.012723
2026-01-22 20:05:53 - GraphTrainer - INFO - precision@10: 0.003841
2026-01-22 20:05:53 - GraphTrainer - INFO - recall@10: 0.037929
2026-01-22 20:05:53 - GraphTrainer - INFO - hit_rate@10: 0.038363
2026-01-22 20:05:53 - GraphTrainer - INFO - ndcg@10: 0.019934
2026-01-22 20:05:53 - GraphTrainer - INFO - map@10: 0.014434
2026-01-22 20:05:53 - GraphTrainer - INFO - mrr@10: 0.014599
2026-01-22 20:05:53 - GraphTrainer - INFO - precision@20: 0.002930
2026-01-22 20:05:53 - GraphTrainer - INFO - recall@20: 0.057761
2026-01-22 20:05:53 - GraphTrainer - INFO - hit_rate@20: 0.058496
2026-01-22 20:05:53 - GraphTrainer - INFO - ndcg@20: 0.024949
2026-01-22 20:05:53 - GraphTrainer - INFO - map@20: 0.015797
2026-01-22 20:05:53 - GraphTrainer - INFO - mrr@20: 0.015981
2026-01-22 20:05:53 - GraphTrainer - INFO - ------------------------------------------------------------
2026-01-22 20:05:53 - GraphTrainer - INFO - ============================================================
2026-01-22 20:05:53 - GraphTrainer - INFO - 开始第 4/1000 轮训练
2026-01-22 20:05:53 - GraphTrainer - INFO - ============================================================
tensor(1.7144, device='cuda:0', grad_fn=<AddBackward0>)
692 train_loss tensor(1.4029, device='cuda:0', grad_fn=<AddBackward0>)
693 train_loss tensor(1.7303, device='cuda:0', grad_fn=<AddBackward0>)
694 train_loss tensor(1.6920, device='cuda:0', grad_fn=<AddBackward0>)
695 train_loss tensor(1.6751, device='cuda:0', grad_fn=<AddBackward0>)
696 train_loss tensor(1.6247, device='cuda:0', grad_fn=<AddBackward0>)
697 train_loss tensor(1.7213, device='cuda:0', grad_fn=<AddBackward0>)
698 train_loss tensor(1.5978, device='cuda:0', grad_fn=<AddBackward0>)
699 train_loss tensor(1.8713, device='cuda:0', grad_fn=<AddBackward0>)
700 train_loss tensor(1.6851, device='cuda:0', grad_fn=<AddBackward0>)
701 train_loss tensor(1.7103, device='cuda:0', grad_fn=<AddBackward0>)
702 train_loss tensor(1.7504, device='cuda:0', grad_fn=<AddBackward0>)
703 train_loss tensor(1.8708, device='cuda:0', grad_fn=<AddBackward0>)
704 train_loss tensor(1.5225, device='cuda:0', grad_fn=<AddBackward0>)
705 train_loss tensor(1.6211, device='cuda:0', grad_fn=<AddBackward0>)
706 train_loss tensor(1.9150, device='cuda:0', grad_fn=<AddBackward0>)
707 train_loss tensor(1.7450, device='cuda:0', grad_fn=<AddBackward0>)
708 train_loss tensor(1.7755, device='cuda:0', grad_fn=<AddBackward0>)
709 train_loss tensor(1.7846, device='cuda:0', grad_fn=<AddBackward0>)
710 train_loss tensor(1.6238, device='cuda:0', grad_fn=<AddBackward0>)
711 train_loss tensor(1.6654, device='cuda:0', grad_fn=<AddBackward0>)
712 train_loss tensor(1.9600, device='cuda:0', grad_fn=<AddBackward0>)
713 train_loss tensor(1.7805, device='cuda:0', grad_fn=<AddBackward0>)
714 train_loss tensor(1.8066, device='cuda:0', grad_fn=<AddBackward0>)
715 train_loss tensor(1.6237, device='cuda:0', grad_fn=<AddBackward0>)
716 train_loss tensor(1.7499, device='cuda:0', grad_fn=<AddBackward0>)
717 train_loss tensor(1.6761, device='cuda:0', grad_fn=<AddBackward0>)
718 train_loss tensor(1.6682, device='cuda:0', grad_fn=<AddBackward0>)
719 train_loss tensor(1.6890, device='cuda:0', grad_fn=<AddBackward0>)
720 train_loss tensor(1.5784, device='cuda:0', grad_fn=<AddBackward0>)
721 train_loss tensor(1.5958, device='cuda:0', grad_fn=<AddBackward0>)
722 train_loss tensor(1.4955, device='cuda:0', grad_fn=<AddBackward0>)
723 train_loss tensor(1.6383, device='cuda:0', grad_fn=<AddBackward0>)
724 train_loss tensor(1.7082, device='cuda:0', grad_fn=<AddBackward0>)
725 train_loss tensor(1.7907, device='cuda:0', grad_fn=<AddBackward0>)
726 train_loss tensor(1.7387, device='cuda:0', grad_fn=<AddBackward0>)
727 train_loss tensor(1.7791, device='cuda:0', grad_fn=<AddBackward0>)
728 train_loss tensor(1.5617, device='cuda:0', grad_fn=<AddBackward0>)
729 train_loss tensor(1.8331, device='cuda:0', grad_fn=<AddBackward0>)
730 train_loss tensor(1.4431, device='cuda:0', grad_fn=<AddBackward0>)
731 train_loss tensor(1.6126, device='cuda:0', grad_fn=<AddBackward0>)
732 train_loss tensor(1.6898, device='cuda:0', grad_fn=<AddBackward0>)
733 train_loss tensor(1.7765, device='cuda:0', grad_fn=<AddBackward0>)
734 train_loss tensor(1.8008, device='cuda:0', grad_fn=<AddBackward0>)
735 train_loss tensor(1.8268, device='cuda:0', grad_fn=<AddBackward0>)
736 train_loss tensor(1.6891, device='cuda:0', grad_fn=<AddBackward0>)
737 train_loss tensor(1.7208, device='cuda:0', grad_fn=<AddBackward0>)
738 train_loss tensor(1.6438, device='cuda:0', grad_fn=<AddBackward0>)
739 train_loss tensor(1.6570, device='cuda:0', grad_fn=<AddBackward0>)
740 train_loss tensor(1.7570, device='cuda:0', grad_fn=<AddBackward0>)
741 train_loss tensor(1.6398, device='cuda:0', grad_fn=<AddBackward0>)
742 train_loss tensor(1.6895, device='cuda:0', grad_fn=<AddBackward0>)
743 train_loss tensor(1.7227, device='cuda:0', grad_fn=<AddBackward0>)
744 train_loss tensor(1.6639, device='cuda:0', grad_fn=<AddBackward0>)
745 train_loss tensor(1.6145, device='cuda:0', grad_fn=<AddBackward0>)
746 train_loss tensor(1.6676, device='cuda:0', grad_fn=<AddBackward0>)
747 train_loss tensor(1.8096, device='cuda:0', grad_fn=<AddBackward0>)
748 train_loss tensor(1.6134, device='cuda:0', grad_fn=<AddBackward0>)
749 train_loss tensor(1.5487, device='cuda:0', grad_fn=<AddBackward0>)
750 train_loss tensor(1.6670, device='cuda:0', grad_fn=<AddBackward0>)
751 train_loss tensor(1.5765, device='cuda:0', grad_fn=<AddBackward0>)
752 train_loss tensor(1.6330, device='cuda:0', grad_fn=<AddBackward0>)
753 train_loss tensor(1.6064, device='cuda:0', grad_fn=<AddBackward0>)
754 train_loss tensor(1.7665, device='cuda:0', grad_fn=<AddBackward0>)
755 train_loss tensor(1.7506, device='cuda:0', grad_fn=<AddBackward0>)
756 train_loss tensor(1.5633, device='cuda:0', grad_fn=<AddBackward0>)
757 train_loss tensor(1.4679, device='cuda:0', grad_fn=<AddBackward0>)
758 train_loss tensor(1.3859, device='cuda:0', grad_fn=<AddBackward0>)
759 train_loss tensor(1.7507, device='cuda:0', grad_fn=<AddBackward0>)
760 train_loss tensor(1.6652, device='cuda:0', grad_fn=<AddBackward0>)
761 train_loss tensor(1.6715, device='cuda:0', grad_fn=<AddBackward0>)
762 train_loss tensor(1.8975, device='cuda:0', grad_fn=<AddBackward0>)
763 train_loss tensor(1.7331, device='cuda:0', grad_fn=<AddBackward0>)
764 train_loss tensor(1.7006, device='cuda:0', grad_fn=<AddBackward0>)
765 train_loss tensor(1.5935, device='cuda:0', grad_fn=<AddBackward0>)
766 train_loss tensor(1.6257, device='cuda:0', grad_fn=<AddBackward0>)
767 train_loss tensor(1.6067, device='cuda:0', grad_fn=<AddBackward0>)
768 train_loss tensor(1.8294, device='cuda:0', grad_fn=<AddBackward0>)
769 train_loss tensor(1.7329, device='cuda:0', grad_fn=<AddBackward0>)
770 train_loss tensor(1.6292, device='cuda:0', grad_fn=<AddBackward0>)
The 3 training average loss: 1.7054889223764225
0 train_loss tensor(1.7430, device='cuda:0', grad_fn=<AddBackward0>)
1 train_loss tensor(1.6753, device='cuda:0', grad_fn=<AddBackward0>)
2 train_loss tensor(1.5725, device='cuda:0', grad_fn=<AddBackward0>)
3 train_loss tensor(1.5775, device='cuda:0', grad_fn=<AddBackward0>)
4 train_loss tensor(1.7123, device='cuda:0', grad_fn=<AddBackward0>)
5 train_loss tensor(1.5345, device='cuda:0', grad_fn=<AddBackward0>)
6 train_loss tensor(1.6852, device='cuda:0', grad_fn=<AddBackward0>)
7 train_loss tensor(1.7933, device='cuda:0', grad_fn=<AddBackward0>)
8 train_loss tensor(1.6467, device='cuda:0', grad_fn=<AddBackward0>)
9 train_loss tensor(1.7193, device='cuda:0', grad_fn=<AddBackward0>)
10 train_loss tensor(1.4835, device='cuda:0', grad_fn=<AddBackward0>)
11 train_loss tensor(1.7291, device='cuda:0', grad_fn=<AddBackward0>)
12 train_loss tensor(1.5783, device='cuda:0', grad_fn=<AddBackward0>)
13 train_loss tensor(1.8563, device='cuda:0', grad_fn=<AddBackward0>)
14 train_loss tensor(1.4580, device='cuda:0', grad_fn=<AddBackward0>)
15 train_loss tensor(1.6169, device='cuda:0', grad_fn=<AddBackward0>)
16 train_loss tensor(1.6266, device='cuda:0', grad_fn=<AddBackward0>)
17 train_loss tensor(1.5121, device='cuda:0', grad_fn=<AddBackward0>)
18 train_loss tensor(1.5953, device='cuda:0', grad_fn=<AddBackward0>)
19 train_loss tensor(1.7177, device='cuda:0', grad_fn=<AddBackward0>)
20 train_loss tensor(1.8452, device='cuda:0', grad_fn=<AddBackward0>)
21 train_loss tensor(1.7254, device='cuda:0', grad_fn=<AddBackward0>)
22 train_loss tensor(1.8034, device='cuda:0', grad_fn=<AddBackward0>)
23 train_loss tensor(1.5626, device='cuda:0', grad_fn=<AddBackward0>)
24 train_loss tensor(1.7647, device='cuda:0', grad_fn=<AddBackward0>)
25 train_loss tensor(1.7963, device='cuda:0', grad_fn=<AddBackward0>)
26 train_loss tensor(1.7402, device='cuda:0', grad_fn=<AddBackward0>)
27 train_loss tensor(1.3978, device='cuda:0', grad_fn=<AddBackward0>)
28 train_loss tensor(1.7383, device='cuda:0', grad_fn=<AddBackward0>)
29 train_loss tensor(1.6945, device='cuda:0', grad_fn=<AddBackward0>)
30 train_loss tensor(1.4754, device='cuda:0', grad_fn=<AddBackward0>)
31 train_loss tensor(1.6783, device='cuda:0', grad_fn=<AddBackward0>)
32 train_loss tensor(1.6040, device='cuda:0', grad_fn=<AddBackward0>)
33 train_loss tensor(1.6201, device='cuda:0', grad_fn=<AddBackward0>)
34 train_loss tensor(1.5183, device='cuda:0', grad_fn=<AddBackward0>)
35 train_loss tensor(1.4265, device='cuda:0', grad_fn=<AddBackward0>)
36 train_loss tensor(1.5039, device='cuda:0', grad_fn=<AddBackward0>)
37 train_loss tensor(1.8052, device='cuda:0', grad_fn=<AddBackward0>)
38 train_loss tensor(1.7574, device='cuda:0', grad_fn=<AddBackward0>)
39 train_loss tensor(1.8458, device='cuda:0', grad_fn=<AddBackward0>)
40 train_loss tensor(1.7509, device='cuda:0', grad_fn=<AddBackward0>)
41 train_loss tensor(1.7007, device='cuda:0', grad_fn=<AddBackward0>)
42 train_loss tensor(1.7083, device='cuda:0', grad_fn=<AddBackward0>)
43 train_loss tensor(1.8556, device='cuda:0', grad_fn=<AddBackward0>)
44 train_loss tensor(1.6064, device='cuda:0', grad_fn=<AddBackward0>)
45 train_loss tensor(1.6069, device='cuda:0', grad_fn=<AddBackward0>)
46 train_loss tensor(1.5345, device='cuda:0', grad_fn=<AddBackward0>)
47 train_loss tensor(1.8375, device='cuda:0', grad_fn=<AddBackward0>)
48 train_loss tensor(1.5402, device='cuda:0', grad_fn=<AddBackward0>)
49 train_loss tensor(1.6409, device='cuda:0', grad_fn=<AddBackward0>)
50 train_loss tensor(1.5786, device='cuda:0', grad_fn=<AddBackward0>)
51 train_loss tensor(1.5968, device='cuda:0', grad_fn=<AddBackward0>)
52 train_loss tensor(1.7045, device='cuda:0', grad_fn=<AddBackward0>)
53 train_loss tensor(1.6590, device='cuda:0', grad_fn=<AddBackward0>)
54 train_loss tensor(1.4782, device='cuda:0', grad_fn=<AddBackward0>)
55 train_loss tensor(1.8126, device='cuda:0', grad_fn=<AddBackward0>)
56 train_loss tensor(1.6709, device='cuda:0', grad_fn=<AddBackward0>)
57 train_loss tensor(1.5039, device='cuda:0', grad_fn=<AddBackward0>)
58 train_loss tensor(1.6390, device='cuda:0', grad_fn=<AddBackward0>)
59 train_loss tensor(1.7740, device='cuda:0', grad_fn=<AddBackward0>)
60 train_loss tensor(1.4611, device='cuda:0', grad_fn=<AddBackward0>)
61 train_loss tensor(1.6130, device='cuda:0', grad_fn=<AddBackward0>)
62 train_loss tensor(1.6201, device='cuda:0', grad_fn=<AddBackward0>)
63 train_loss tensor(1.6698, device='cuda:0', grad_fn=<AddBackward0>)
64 train_loss tensor(1.6402, device='cuda:0', grad_fn=<AddBackward0>)
65 train_loss tensor(1.6602, device='cuda:0', grad_fn=<AddBackward0>)
66 train_loss tensor(1.7345, device='cuda:0', grad_fn=<AddBackward0>)
67 train_loss tensor(1.6948, device='cuda:0', grad_fn=<AddBackward0>)
68 train_loss tensor(1.6328, device='cuda:0', grad_fn=<AddBackward0>)
69 train_loss tensor(1.5933, device='cuda:0', grad_fn=<AddBackward0>)
70 train_loss tensor(1.6454, device='cuda:0', grad_fn=<AddBackward0>)
71 train_loss tensor(1.7660, device='cuda:0', grad_fn=<AddBackward0>)
72 train_loss tensor(1.7617, device='cuda:0', grad_fn=<AddBackward0>)
73 train_loss tensor(1.6891, device='cuda:0', grad_fn=<AddBackward0>)
74 train_loss tensor(1.6659, device='cuda:0', grad_fn=<AddBackward0>)
75 train_loss tensor(1.4728, device='cuda:0', grad_fn=<AddBackward0>)
76 train_loss tensor(1.6552, device='cuda:0', grad_fn=<AddBackward0>)
77 train_loss tensor(1.6574, device='cuda:0', grad_fn=<AddBackward0>)
78 train_loss tensor(1.5070, device='cuda:0', grad_fn=<AddBackward0>)
79 train_loss tensor(1.6349, device='cuda:0', grad_fn=<AddBackward0>)
80 train_loss tensor(1.7173, device='cuda:0', grad_fn=<AddBackward0>)
81 train_loss tensor(1.6488, device='cuda:0', grad_fn=<AddBackward0>)
82 train_loss tensor(1.7532, device='cuda:0', grad_fn=<AddBackward0>)
83 train_loss tensor(1.5789, device='cuda:0', grad_fn=<AddBackward0>)
84 train_loss tensor(1.6262, device='cuda:0', grad_fn=<AddBackward0>)
85 train_loss tensor(1.8585, device='cuda:0', grad_fn=<AddBackward0>)
86 train_loss tensor(1.6725, device='cuda:0', grad_fn=<AddBackward0>)
87 train_loss tensor(1.7210, device='cuda:0', grad_fn=<AddBackward0>)
88 train_loss tensor(1.5114, device='cuda:0', grad_fn=<AddBackward0>)
89 train_loss tensor(1.5198, device='cuda:0', grad_fn=<AddBackward0>)
90 train_loss tensor(1.6167, device='cuda:0', grad_fn=<AddBackward0>)
91 train_loss tensor(1.5314, device='cuda:0', grad_fn=<AddBackward0>)
92 train_loss tensor(1.7474, device='cuda:0', grad_fn=<AddBackward0>)
93 train_loss tensor(1.6476, device='cuda:0', grad_fn=<AddBackward0>)
94 train_loss tensor(1.6671, device='cuda:0', grad_fn=<AddBackward0>)
95 train_loss tensor(1.7701, device='cuda:0', grad_fn=<AddBackward0>)
96 train_loss tensor(1.6609, device='cuda:0', grad_fn=<AddBackward0>)
97 train_loss tensor(1.5744, device='cuda:0', grad_fn=<AddBackward0>)
98 train_loss tensor(1.5859, device='cuda:0', grad_fn=<AddBackward0>)
99 train_loss tensor(1.7247, device='cuda:0', grad_fn=<AddBackward0>)
100 train_loss tensor(1.7538, device='cuda:0', grad_fn=<AddBackward0>)
101 train_loss tensor(1.6106, device='cuda:0', grad_fn=<AddBackward0>)
102 train_loss tensor(1.6968, device='cuda:0', grad_fn=<AddBackward0>)
103 train_loss tensor(1.6199, device='cuda:0', grad_fn=<AddBackward0>)
104 train_loss tensor(1.6479, device='cuda:0', grad_fn=<AddBackward0>)
105 train_loss tensor(1.5767, device='cuda:0', grad_fn=<AddBackward0>)
106 train_loss tensor(1.9227, device='cuda:0', grad_fn=<AddBackward0>)
107 train_loss tensor(1.7510, device='cuda:0', grad_fn=<AddBackward0>)
108 train_loss tensor(1.5084, device='cuda:0', grad_fn=<AddBackward0>)
109 train_loss tensor(1.7416, device='cuda:0', grad_fn=<AddBackward0>)
110 train_loss tensor(1.8824, device='cuda:0', grad_fn=<AddBackward0>)
111 train_loss tensor(1.4468, device='cuda:0', grad_fn=<AddBackward0>)
112 train_loss tensor(1.6514, device='cuda:0', grad_fn=<AddBackward0>)
113 train_loss tensor(1.8754, device='cuda:0', grad_fn=<AddBackward0>)
114 train_loss tensor(1.4666, device='cuda:0', grad_fn=<AddBackward0>)
115 train_loss tensor(1.5557, device='cuda:0', grad_fn=<AddBackward0>)
116 train_loss tensor(1.6021, device='cuda:0', grad_fn=<AddBackward0>)
117 train_loss tensor(1.5411, device='cuda:0', grad_fn=<AddBackward0>)
118 train_loss tensor(1.3922, device='cuda:0', grad_fn=<AddBackward0>)
119 train_loss tensor(1.5094, device='cuda:0', grad_fn=<AddBackward0>)
120 train_loss tensor(1.5682, device='cuda:0', grad_fn=<AddBackward0>)
121 train_loss tensor(1.4902, device='cuda:0', grad_fn=<AddBackward0>)
122 train_loss tensor(1.5186, device='cuda:0', grad_fn=<AddBackward0>)
123 train_loss tensor(1.5922, device='cuda:0', grad_fn=<AddBackward0>)
124 train_loss tensor(1.6443, device='cuda:0', grad_fn=<AddBackward0>)
125 train_loss tensor(1.5883, device='cuda:0', grad_fn=<AddBackward0>)
126 train_loss tensor(1.6385, device='cuda:0', grad_fn=<AddBackward0>)
127 train_loss tensor(1.6402, device='cuda:0', grad_fn=<AddBackward0>)
128 train_loss tensor(1.6580, device='cuda:0', grad_fn=<AddBackward0>)
129 train_loss tensor(1.9005, device='cuda:0', grad_fn=<AddBackward0>)
130 train_loss tensor(1.5699, device='cuda:0', grad_fn=<AddBackward0>)
131 train_loss tensor(1.8173, device='cuda:0', grad_fn=<AddBackward0>)
132 train_loss tensor(1.6205, device='cuda:0', grad_fn=<AddBackward0>)
133 train_loss tensor(1.8236, device='cuda:0', grad_fn=<AddBackward0>)
134 train_loss tensor(1.5988, device='cuda:0', grad_fn=<AddBackward0>)
135 train_loss tensor(1.6589, device='cuda:0', grad_fn=<AddBackward0>)
136 train_loss tensor(1.5637, device='cuda:0', grad_fn=<AddBackward0>)
137 train_loss tensor(1.6673, device='cuda:0', grad_fn=<AddBackward0>)
138 train_loss tensor(1.6974, device='cuda:0', grad_fn=<AddBackward0>)
139 train_loss tensor(1.5815, device='cuda:0', grad_fn=<AddBackward0>)
140 train_loss tensor(1.8875, device='cuda:0', grad_fn=<AddBackward0>)
141 train_loss tensor(1.7343, device='cuda:0', grad_fn=<AddBackward0>)
142 train_loss tensor(1.6691, device='cuda:0', grad_fn=<AddBackward0>)
143 train_loss tensor(1.6850, device='cuda:0', grad_fn=<AddBackward0>)
144 train_loss tensor(1.5518, device='cuda:0', grad_fn=<AddBackward0>)
145 train_loss tensor(1.6554, device='cuda:0', grad_fn=<AddBackward0>)
146 train_loss tensor(1.7714, device='cuda:0', grad_fn=<AddBackward0>)
147 train_loss tensor(1.4430, device='cuda:0', grad_fn=<AddBackward0>)
148 train_loss tensor(1.6724, device='cuda:0', grad_fn=<AddBackward0>)
149 train_loss tensor(1.6939, device='cuda:0', grad_fn=<AddBackward0>)
150 train_loss tensor(1.3929, device='cuda:0', grad_fn=<AddBackward0>)
151 train_loss tensor(1.6118, device='cuda:0', grad_fn=<AddBackward0>)
152 train_loss tensor(1.6238, device='cuda:0', grad_fn=<AddBackward0>)
153 train_loss tensor(1.5276, device='cuda:0', grad_fn=<AddBackward0>)
154 train_loss tensor(1.6785, device='cuda:0', grad_fn=<AddBackward0>)
155 train_loss tensor(1.6465, device='cuda:0', grad_fn=<AddBackward0>)
156 train_loss tensor(1.7198, device='cuda:0', grad_fn=<AddBackward0>)
157 train_loss tensor(1.6831, device='cuda:0', grad_fn=<AddBackward0>)
158 train_loss tensor(1.5030, device='cuda:0', grad_fn=<AddBackward0>)
159 train_loss tensor(1.4271, device='cuda:0', grad_fn=<AddBackward0>)
160 train_loss tensor(1.7725, device='cuda:0', grad_fn=<AddBackward0>)
161 train_loss tensor(1.5355, device='cuda:0', grad_fn=<AddBackward0>)
162 train_loss tensor(1.6775, device='cuda:0', grad_fn=<AddBackward0>)
163 train_loss tensor(1.5087, device='cuda:0', grad_fn=<AddBackward0>)
164 train_loss tensor(1.5960, device='cuda:0', grad_fn=<AddBackward0>)
165 train_loss tensor(1.6181, device='cuda:0', grad_fn=<AddBackward0>)
166 train_loss tensor(1.5901, device='cuda:0', grad_fn=<AddBackward0>)
167 train_loss tensor(1.5350, device='cuda:0', grad_fn=<AddBackward0>)
168 train_loss tensor(1.5604, device='cuda:0', grad_fn=<AddBackward0>)
169 train_loss tensor(1.4606, device='cuda:0', grad_fn=<AddBackward0>)
170 train_loss tensor(1.4222, device='cuda:0', grad_fn=<AddBackward0>)
171 train_loss tensor(1.6244, device='cuda:0', grad_fn=<AddBackward0>)
172 train_loss tensor(1.6155, device='cuda:0', grad_fn=<AddBackward0>)
173 train_loss tensor(1.8195, device='cuda:0', grad_fn=<AddBackward0>)
174 train_loss tensor(1.5684, device='cuda:0', grad_fn=<AddBackward0>)
175 train_loss tensor(1.7516, device='cuda:0', grad_fn=<AddBackward0>)
176 train_loss tensor(1.5112, device='cuda:0', grad_fn=<AddBackward0>)
177 train_loss tensor(1.3967, device='cuda:0', grad_fn=<AddBackward0>)
178 train_loss tensor(1.6084, device='cuda:0', grad_fn=<AddBackward0>)
179 train_loss tensor(1.5809, device='cuda:0', grad_fn=<AddBackward0>)
180 train_loss tensor(1.6141, device='cuda:0', grad_fn=<AddBackward0>)
181 train_loss tensor(1.8065, device='cuda:0', grad_fn=<AddBackward0>)
182 train_loss tensor(1.7750, device='cuda:0', grad_fn=<AddBackward0>)
183 train_loss tensor(1.5519, device='cuda:0', grad_fn=<AddBackward0>)
184 train_loss tensor(1.6549, device='cuda:0', grad_fn=<AddBackward0>)
185 train_loss tensor(1.7925, device='cuda:0', grad_fn=<AddBackward0>)
186 train_loss tensor(1.8596, device='cuda:0', grad_fn=<AddBackward0>)
187 train_loss tensor(1.7046, device='cuda:0', grad_fn=<AddBackward0>)
188 train_loss tensor(1.4541, device='cuda:0', grad_fn=<AddBackward0>)
189 train_loss tensor(1.5323, device='cuda:0', grad_fn=<AddBackward0>)
190 train_loss tensor(1.7087, device='cuda:0', grad_fn=<AddBackward0>)
191 train_loss tensor(1.6066, device='cuda:0', grad_fn=<AddBackward0>)
192 train_loss tensor(1.6113, device='cuda:0', grad_fn=<AddBackward0>)
193 train_loss tensor(1.5956, device='cuda:0', grad_fn=<AddBackward0>)
194 train_loss tensor(1.4760, device='cuda:0', grad_fn=<AddBackward0>)
195 train_loss tensor(1.7755, device='cuda:0', grad_fn=<AddBackward0>)
196 train_loss tensor(1.5975, device='cuda:0', grad_fn=<AddBackward0>)
197 train_loss tensor(1.7337, device='cuda:0', grad_fn=<AddBackward0>)
198 train_loss tensor(1.6089, device='cuda:0', grad_fn=<AddBackward0>)
199 train_loss tensor(1.8246, device='cuda:0', grad_fn=<AddBackward0>)
200 train_loss tensor(1.8324, device='cuda:0', grad_fn=<AddBackward0>)
201 train_loss tensor(1.7280, device='cuda:0', grad_fn=<AddBackward0>)
202 train_loss tensor(1.7278, device='cuda:0', grad_fn=<AddBackward0>)
203 train_loss tensor(2.0303, device='cuda:0', grad_fn=<AddBackward0>)
204 train_loss tensor(1.3790, device='cuda:0', grad_fn=<AddBackward0>)
205 train_loss tensor(1.7063, device='cuda:0', grad_fn=<AddBackward0>)
206 train_loss tensor(1.6865, device='cuda:0', grad_fn=<AddBackward0>)
207 train_loss tensor(1.7888, device='cuda:0', grad_fn=<AddBackward0>)
208 train_loss tensor(1.6586, device='cuda:0', grad_fn=<AddBackward0>)
209 train_loss tensor(1.3986, device='cuda:0', grad_fn=<AddBackward0>)
210 train_loss tensor(1.5945, device='cuda:0', grad_fn=<AddBackward0>)
211 train_loss tensor(1.6597, device='cuda:0', grad_fn=<AddBackward0>)
212 train_loss tensor(1.7934, device='cuda:0', grad_fn=<AddBackward0>)
213 train_loss tensor(1.8797, device='cuda:0', grad_fn=<AddBackward0>)
214 train_loss tensor(1.7653, device='cuda:0', grad_fn=<AddBackward0>)
215 train_loss tensor(1.6888, device='cuda:0', grad_fn=<AddBackward0>)
216 train_loss tensor(1.7659, device='cuda:0', grad_fn=<AddBackward0>)
217 train_loss tensor(1.6103, device='cuda:0', grad_fn=<AddBackward0>)
218 train_loss tensor(1.7967, device='cuda:0', grad_fn=<AddBackward0>)
219 train_loss tensor(1.7519, device='cuda:0', grad_fn=<AddBackward0>)
220 train_loss tensor(1.5193, device='cuda:0', grad_fn=<AddBackward0>)
221 train_loss tensor(1.5277, device='cuda:0', grad_fn=<AddBackward0>)
222 train_loss tensor(1.6779, device='cuda:0', grad_fn=<AddBackward0>)
223 train_loss tensor(1.6343, device='cuda:0', grad_fn=<AddBackward0>)
224 train_loss tensor(1.7073, device='cuda:0', grad_fn=<AddBackward0>)
225 train_loss tensor(1.6361, device='cuda:0', grad_fn=<AddBackward0>)
226 train_loss tensor(1.5163, device='cuda:0', grad_fn=<AddBackward0>)
227 train_loss tensor(1.5420, device='cuda:0', grad_fn=<AddBackward0>)
228 train_loss tensor(1.7560, device='cuda:0', grad_fn=<AddBackward0>)
229 train_loss tensor(1.8668, device='cuda:0', grad_fn=<AddBackward0>)
230 train_loss tensor(1.6794, device='cuda:0', grad_fn=<AddBackward0>)
231 train_loss 