{
  "training_results": {
    "best_epoch": 1,
    "best_val_metric": 1.0,
    "train_losses": [
      1.2342187313792796,
      0.4887797792370503,
      0.4645825976935717,
      0.4563332425000576,
      0.4508621874623574,
      0.447211590094062,
      0.4445378634218986,
      0.43964593613950104,
      0.4334110190662054,
      0.415902983970367,
      0.38674168503628326,
      0.37672461511997074,
      0.36825059669522137,
      0.36420821842665857,
      0.36268075183033943,
      0.3612468767051513,
      0.360010247104443,
      0.35858652883997333,
      0.3573001454082819,
      0.35644712012547713,
      0.3555759218736337
    ],
    "val_metrics": [
      {
        "precision@5": 1.0,
        "recall@5": 0.00024320249212905765,
        "hit_rate@5": 1.0,
        "ndcg@5": 1.0,
        "map@5": 0.00024320249212905765,
        "mrr@5": 1.0,
        "precision@10": 1.0,
        "recall@10": 0.0004864049842581153,
        "hit_rate@10": 1.0,
        "ndcg@10": 1.0,
        "map@10": 0.0004864049842581153,
        "mrr@10": 1.0,
        "precision@20": 1.0,
        "recall@20": 0.0009728099685162306,
        "hit_rate@20": 1.0,
        "ndcg@20": 1.0,
        "map@20": 0.0009728099685162306,
        "mrr@20": 1.0
      },
      {
        "precision@5": 1.0,
        "recall@5": 0.00024320249212905765,
        "hit_rate@5": 1.0,
        "ndcg@5": 1.0,
        "map@5": 0.00024320249212905765,
        "mrr@5": 1.0,
        "precision@10": 1.0,
        "recall@10": 0.0004864049842581153,
        "hit_rate@10": 1.0,
        "ndcg@10": 1.0,
        "map@10": 0.0004864049842581153,
        "mrr@10": 1.0,
        "precision@20": 1.0,
        "recall@20": 0.0009728099685162306,
        "hit_rate@20": 1.0,
        "ndcg@20": 1.0,
        "map@20": 0.0009728099685162306,
        "mrr@20": 1.0
      },
      {
        "precision@5": 1.0,
        "recall@5": 0.00024320249212905765,
        "hit_rate@5": 1.0,
        "ndcg@5": 1.0,
        "map@5": 0.00024320249212905765,
        "mrr@5": 1.0,
        "precision@10": 1.0,
        "recall@10": 0.0004864049842581153,
        "hit_rate@10": 1.0,
        "ndcg@10": 1.0,
        "map@10": 0.0004864049842581153,
        "mrr@10": 1.0,
        "precision@20": 1.0,
        "recall@20": 0.0009728099685162306,
        "hit_rate@20": 1.0,
        "ndcg@20": 1.0,
        "map@20": 0.0009728099685162306,
        "mrr@20": 1.0
      },
      {
        "precision@5": 1.0,
        "recall@5": 0.00024320249212905765,
        "hit_rate@5": 1.0,
        "ndcg@5": 1.0,
        "map@5": 0.00024320249212905765,
        "mrr@5": 1.0,
        "precision@10": 1.0,
        "recall@10": 0.0004864049842581153,
        "hit_rate@10": 1.0,
        "ndcg@10": 1.0,
        "map@10": 0.0004864049842581153,
        "mrr@10": 1.0,
        "precision@20": 1.0,
        "recall@20": 0.0009728099685162306,
        "hit_rate@20": 1.0,
        "ndcg@20": 1.0,
        "map@20": 0.0009728099685162306,
        "mrr@20": 1.0
      },
      {
        "precision@5": 1.0,
        "recall@5": 0.00024320249212905765,
        "hit_rate@5": 1.0,
        "ndcg@5": 1.0,
        "map@5": 0.00024320249212905765,
        "mrr@5": 1.0,
        "precision@10": 1.0,
        "recall@10": 0.0004864049842581153,
        "hit_rate@10": 1.0,
        "ndcg@10": 1.0,
        "map@10": 0.0004864049842581153,
        "mrr@10": 1.0,
        "precision@20": 1.0,
        "recall@20": 0.0009728099685162306,
        "hit_rate@20": 1.0,
        "ndcg@20": 1.0,
        "map@20": 0.0009728099685162306,
        "mrr@20": 1.0
      },
      {
        "precision@5": 1.0,
        "recall@5": 0.00024320249212905765,
        "hit_rate@5": 1.0,
        "ndcg@5": 1.0,
        "map@5": 0.00024320249212905765,
        "mrr@5": 1.0,
        "precision@10": 1.0,
        "recall@10": 0.0004864049842581153,
        "hit_rate@10": 1.0,
        "ndcg@10": 1.0,
        "map@10": 0.0004864049842581153,
        "mrr@10": 1.0,
        "precision@20": 1.0,
        "recall@20": 0.0009728099685162306,
        "hit_rate@20": 1.0,
        "ndcg@20": 1.0,
        "map@20": 0.0009728099685162306,
        "mrr@20": 1.0
      },
      {
        "precision@5": 1.0,
        "recall@5": 0.00024320249212905765,
        "hit_rate@5": 1.0,
        "ndcg@5": 1.0,
        "map@5": 0.00024320249212905765,
        "mrr@5": 1.0,
        "precision@10": 1.0,
        "recall@10": 0.0004864049842581153,
        "hit_rate@10": 1.0,
        "ndcg@10": 1.0,
        "map@10": 0.0004864049842581153,
        "mrr@10": 1.0,
        "precision@20": 1.0,
        "recall@20": 0.0009728099685162306,
        "hit_rate@20": 1.0,
        "ndcg@20": 1.0,
        "map@20": 0.0009728099685162306,
        "mrr@20": 1.0
      },
      {
        "precision@5": 1.0,
        "recall@5": 0.00024320249212905765,
        "hit_rate@5": 1.0,
        "ndcg@5": 1.0,
        "map@5": 0.00024320249212905765,
        "mrr@5": 1.0,
        "precision@10": 1.0,
        "recall@10": 0.0004864049842581153,
        "hit_rate@10": 1.0,
        "ndcg@10": 1.0,
        "map@10": 0.0004864049842581153,
        "mrr@10": 1.0,
        "precision@20": 1.0,
        "recall@20": 0.0009728099685162306,
        "hit_rate@20": 1.0,
        "ndcg@20": 1.0,
        "map@20": 0.0009728099685162306,
        "mrr@20": 1.0
      },
      {
        "precision@5": 1.0,
        "recall@5": 0.00024320249212905765,
        "hit_rate@5": 1.0,
        "ndcg@5": 1.0,
        "map@5": 0.00024320249212905765,
        "mrr@5": 1.0,
        "precision@10": 1.0,
        "recall@10": 0.0004864049842581153,
        "hit_rate@10": 1.0,
        "ndcg@10": 1.0,
        "map@10": 0.0004864049842581153,
        "mrr@10": 1.0,
        "precision@20": 1.0,
        "recall@20": 0.0009728099685162306,
        "hit_rate@20": 1.0,
        "ndcg@20": 1.0,
        "map@20": 0.0009728099685162306,
        "mrr@20": 1.0
      },
      {
        "precision@5": 1.0,
        "recall@5": 0.00024320249212905765,
        "hit_rate@5": 1.0,
        "ndcg@5": 1.0,
        "map@5": 0.00024320249212905765,
        "mrr@5": 1.0,
        "precision@10": 1.0,
        "recall@10": 0.0004864049842581153,
        "hit_rate@10": 1.0,
        "ndcg@10": 1.0,
        "map@10": 0.0004864049842581153,
        "mrr@10": 1.0,
        "precision@20": 1.0,
        "recall@20": 0.0009728099685162306,
        "hit_rate@20": 1.0,
        "ndcg@20": 1.0,
        "map@20": 0.0009728099685162306,
        "mrr@20": 1.0
      },
      {
        "precision@5": 1.0,
        "recall@5": 0.00024320249212905765,
        "hit_rate@5": 1.0,
        "ndcg@5": 1.0,
        "map@5": 0.00024320249212905765,
        "mrr@5": 1.0,
        "precision@10": 1.0,
        "recall@10": 0.0004864049842581153,
        "hit_rate@10": 1.0,
        "ndcg@10": 1.0,
        "map@10": 0.0004864049842581153,
        "mrr@10": 1.0,
        "precision@20": 1.0,
        "recall@20": 0.0009728099685162306,
        "hit_rate@20": 1.0,
        "ndcg@20": 1.0,
        "map@20": 0.0009728099685162306,
        "mrr@20": 1.0
      },
      {
        "precision@5": 1.0,
        "recall@5": 0.00024320249212905765,
        "hit_rate@5": 1.0,
        "ndcg@5": 1.0,
        "map@5": 0.00024320249212905765,
        "mrr@5": 1.0,
        "precision@10": 1.0,
        "recall@10": 0.0004864049842581153,
        "hit_rate@10": 1.0,
        "ndcg@10": 1.0,
        "map@10": 0.0004864049842581153,
        "mrr@10": 1.0,
        "precision@20": 1.0,
        "recall@20": 0.0009728099685162306,
        "hit_rate@20": 1.0,
        "ndcg@20": 1.0,
        "map@20": 0.0009728099685162306,
        "mrr@20": 1.0
      },
      {
        "precision@5": 1.0,
        "recall@5": 0.00024320249212905765,
        "hit_rate@5": 1.0,
        "ndcg@5": 1.0,
        "map@5": 0.00024320249212905765,
        "mrr@5": 1.0,
        "precision@10": 1.0,
        "recall@10": 0.0004864049842581153,
        "hit_rate@10": 1.0,
        "ndcg@10": 1.0,
        "map@10": 0.0004864049842581153,